order_id,pharmacy_id,warehouse_id,order_date,payment_term,payment_method,discount_applied,order_status
O00001,PH0001,W001,2022-05-10,Net30,Chuyển khoản,0.05,Completed
O00002,PH0001,W015,2025-05-06,COD,Tiền mặt,0.0,Completed
O00003,PH0001,W022,2022-04-04,COD,Tiền mặt,0.3,Completed
O00004,PH0001,W021,2021-05-19,COD,Tiền mặt,0.3,Completed
O00005,PH0002,W021,2025-02-16,Net30,Chuyển khoản,0.0,Cancelled
O00006,PH0002,W013,2023-03-29,Net30,Chuyển khoản,0.05,Completed
O00007,PH0002,W017,2025-03-28,COD,Tiền mặt,0.15,Completed
O00008,PH0002,W003,2024-05-26,COD,Tiền mặt,,Completed
O00009,PH0003,W023,2022-11-05,COD,Tiền mặt,0.0,Completed
O00010,PH0003,W009,2025-09-19,COD,Tiền mặt,0.0,Completed
O00011,PH0003,W009,2022-12-12,Net30,Chuyển khoản,0.0,Completed
O00012,PH0004,W007,2022-09-14,Net30,Thẻ,0.15,Completed
O00013,PH0004,W015,2024-06-04,,Chuyển khoản,0.0,
O00014,PH0004,W023,2023-02-06,Net60,Chuyển khoản,0.0,Completed
O00015,PH0004,W022,2025-07-17,Net60,Chuyển khoản,0.0,Completed
O00016,PH0004,W017,2025-02-25,Net60,Chuyển khoản,0.0,Cancelled
O00017,PH0005,W011,2025-08-08,COD,Tiền mặt,0.0,Completed
O00018,PH0005,W002,2023-12-12,Net60,Thẻ,0.1,Completed
O00019,PH0005,W017,2022-12-17,COD,Tiền mặt,0.15,Completed
O00020,PH0006,W024,2023-12-12,Net30,Chuyển khoản,0.0,Cancelled
O00021,PH0006,W002,2025-03-08,COD,Tiền mặt,,Cancelled
O00022,PH0006,W006,2025-06-12,COD,Tiền mặt,0.0,
O00023,PH0006,W001,2025-11-14,COD,Tiền mặt,0.1,Completed
O00024,PH0006,W020,2024-08-11,COD,Tiền mặt,0.0,Completed
O00025,PH0006,W010,2024-06-06,Net60,Thẻ,0.0,Cancelled
O00026,PH0007,W009,17/11/2022,COD,Tiền mặt,0.15,Completed
O00027,PH0007,W017,2025-04-30,COD,Tiền mặt,0.05,Returned
O00028,PH0007,W022,20/08/2020,Net60,Chuyển khoản,0.05,Completed
O00029,PH0007,W001,2023-04-13,COD,Tiền mặt,0.15,Completed
O00030,PH0007,W015,2020-05-30,,Chuyển khoản,0.0,Completed
O00031,PH0007,W021,2024-11-18,Net30,Chuyển khoản,0.15,Completed
O00032,PH0007,W025,2022-05-21,COD,Tiền mặt,0.0,Pending
O00033,PH0008,W006,2022-08-03,COD,Tiền mặt,0.05,Completed
O00034,PH0008,W006,2023-03-18,Net30,Chuyển khoản,0.15,Completed
O00035,PH0008,W005,08/12/2024,,Chuyển khoản,0.1,Completed
O00036,PH0009,W006,04-16-2024,COD,Tiền mặt,0.0,Pending
O00037,PH0009,W018,2022-05-29,Net60,Thẻ,0.0,Completed
O00038,PH0009,W002,2025-05-03,COD,Tiền mặt,,Pending
O00039,PH0009,W001,22/02/2022,Net30,Chuyển khoản,0.05,Completed
O00040,PH0009,W006,2021-12-19,Net30,Chuyển khoản,0.05,Completed
O00041,PH0009,W011,2022-11-12,Net30,Chuyển khoản,0.0,Completed
O00042,PH0009,W020,09/11/2021,COD,Tiền mặt,0.0,Completed
O00043,PH0010,W023,2022-09-05,Net30,Chuyển khoản,0.0,Pending
O00044,PH0010,W010,2023-09-10,Net30,Chuyển khoản,0.1,Completed
O00045,PH0011,W011,2025-06-05,COD,Tiền mặt,0.05,Completed
O00046,PH0011,W024,2025-02-24,COD,Tiền mặt,0.2,Completed
O00047,PH0011,W014,2025-03-17,COD,Tiền mặt,0.2,Completed
O00048,PH0011,W008,2025-04-02,Net60,Chuyển khoản,0.05,Completed
O00049,PH0011,W003,2025-02-23,COD,Tiền mặt,0.3,Completed
O00050,PH0012,W022,2025-05-08,Net30,Chuyển khoản,0.0,Completed
O00051,PH0012,W010,2025-08-12,Net60,Chuyển khoản,0.05,Completed
O00052,PH0013,W009,2024-12-06,COD,Tiền mặt,0.0,Cancelled
O00053,PH0013,W005,2025-04-09,COD,Tiền mặt,0.0,Completed
O00054,PH0013,W006,2024-11-20,,Chuyển khoản,0.2,Completed
O00055,PH0013,W003,2023-10-18,COD,Tiền mặt,0.0,Pending
O00056,PH0014,W025,2025-05-17,Net30,Chuyển khoản,0.0,Completed
O00057,PH0015,W025,2025-10-31,Net30,Chuyển khoản,0.05,Completed
O00058,PH0015,W021,15/12/2025,Net30,Chuyển khoản,0.0,
O00059,PH0016,W011,21/10/2024,COD,Tiền mặt,0.1,Completed
O00060,PH0016,W024,2025-10-29,Net60,Thẻ,0.2,Completed
O00061,PH0016,W003,2025-12-16,COD,Tiền mặt,0.0,Pending
O00062,PH0016,W010,2025-06-19,Net60,Chuyển khoản,,Completed
O00063,PH0016,W001,2024-11-23,COD,Tiền mặt,0.1,Completed
O00064,PH0017,W012,2021-02-28,Net30,Thẻ,0.0,Completed
O00065,PH0017,W007,2025-06-22,Net30,Chuyển khoản,,Completed
O00066,PH0017,W005,2025-01-22,Net30,Chuyển khoản,0.05,Completed
O00067,PH0017,W013,2021-10-20,COD,Tiền mặt,0.15,Completed
O00068,PH0018,W009,2023-07-06,COD,Tiền mặt,0.05,Completed
O00069,PH0019,W010,2025-07-13,Net30,Chuyển khoản,0.0,Completed
O00070,PH0019,W006,2024-05-25,COD,Tiền mặt,0.05,Completed
O00071,PH0019,W015,2025-11-06,COD,Tiền mặt,0.15,Completed
O00072,PH0019,W014,2024-12-10,COD,Tiền mặt,0.15,Completed
O00073,PH0019,W007,05-23-2025,Net30,Chuyển khoản,0.0,Completed
O00074,PH0019,W010,2024-10-08,COD,Tiền mặt,0.0,Completed
O00075,PH0021,W011,2025-11-20,COD,Tiền mặt,0.0,Cancelled
O00076,PH0021,W020,2024-07-30,Net30,Chuyển khoản,0.0,Completed
O00077,PH0022,W004,2025-06-05,COD,Tiền mặt,0.15,Completed
O00078,PH0022,W016,2023-10-15,COD,Tiền mặt,0.1,
O00079,PH0022,W023,2025-11-25,COD,Tiền mặt,0.0,Completed
O00080,PH0022,W015,2025-12-13,COD,Tiền mặt,0.15,Completed
O00081,PH0022,W015,2024-04-17,COD,Tiền mặt,0.0,Completed
O00082,PH0022,W023,2023-03-14,COD,Tiền mặt,0.0,
O00083,PH0022,W013,2022-10-23,COD,Tiền mặt,0.0,Completed
O00084,PH0022,W023,2025-07-06,Net30,Chuyển khoản,0.0,Completed
O00085,PH0022,W007,2022-10-03,COD,Tiền mặt,0.0,Completed
O00086,PH0022,W006,2023-01-12,COD,Tiền mặt,0.0,Cancelled
O00087,PH0022,W025,2023-09-02,COD,Tiền mặt,0.0,Completed
O00088,PH0022,W020,2024-07-30,Net60,Chuyển khoản,0.2,Completed
O00089,PH0022,W006,25/02/2023,Net30,Chuyển khoản,,Cancelled
O00090,PH0022,W012,2023-05-11,COD,Tiền mặt,0.0,Completed
O00091,PH0022,W015,2022-11-16,COD,Tiền mặt,0.0,Cancelled
O00092,PH0022,W017,2024-12-13,COD,Tiền mặt,0.0,Pending
O00093,PH0023,W012,2025-10-20,COD,,0.0,Completed
O00094,PH0023,W008,2025-07-14,Net30,Chuyển khoản,0.05,Completed
O00095,PH0024,W021,29/07/2024,COD,Tiền mặt,0.0,Cancelled
O00096,PH0025,W017,2025-01-12,COD,Tiền mặt,0.0,Pending
O00097,PH0025,W001,10/08/2024,Net30,Chuyển khoản,0.0,
O00098,PH0025,W007,2022-04-06,Net30,Chuyển khoản,0.05,Completed
O00099,PH0025,W004,2025-12-03,Net30,Chuyển khoản,0.05,Completed
O00100,PH0025,W006,16/12/2024,Net30,Chuyển khoản,0.1,Completed
O00101,PH0025,W011,2025-06-25,COD,Tiền mặt,0.05,Completed
O00102,PH0025,W018,2024-05-04,Net30,Chuyển khoản,0.1,Completed
O00103,PH0025,W022,04/11/2025,COD,Tiền mặt,0.0,Completed
O00104,PH0025,W001,2024-08-08,Net30,Chuyển khoản,0.0,Cancelled
O00105,PH0026,W003,2025-08-19,Net60,Chuyển khoản,,Completed
O00106,PH0026,W016,2025-07-29,COD,Tiền mặt,0.0,Pending
O00107,PH0026,W010,2025-06-30,Net30,Chuyển khoản,0.1,Completed
O00108,PH0027,W017,2024-08-17,COD,Tiền mặt,0.0,Completed
O00109,PH0027,W003,2023-02-24,Net30,Chuyển khoản,0.1,Completed
O00110,PH0027,W019,12/05/2024,COD,Tiền mặt,0.0,Completed
O00111,PH0027,W011,04-23-2025,Net60,Chuyển khoản,0.0,Completed
O00112,PH0027,W025,2023-10-27,Net30,Chuyển khoản,0.15,Completed
O00113,PH0028,W023,2025-09-25,Net60,Chuyển khoản,0.1,Returned
O00114,PH0029,W019,2024-04-01,COD,Bitcoin,0.15,Completed
O00115,PH0029,W019,2025-02-01,Net30,Chuyển khoản,0.0,Completed
O00116,PH0031,W015,10-17-2024,Net30,Chuyển khoản,0.0,Completed
O00117,PH0031,W020,02-12-2024,COD,Tiền mặt,0.0,Cancelled
O00118,PH0031,W014,2025-08-15,Net30,Bitcoin,0.2,Completed
O00119,PH0032,W014,2025-10-08,Net60,Chuyển khoản,0.05,Completed
O00120,PH0032,W023,03/08/2024,COD,Tiền mặt,0.0,
O00121,PH0032,W005,2024-11-14,Net30,Thẻ,0.1,Completed
O00122,PH0032,W016,2022-06-27,COD,Tiền mặt,0.0,Completed
O00123,PH0033,W021,2024-07-16,COD,Tiền mặt,0.0,Completed
O00124,PH0033,W014,2023-10-15,,Tiền mặt,0.1,Completed
O00125,PH0033,W016,2023-09-21,COD,Tiền mặt,0.05,Completed
O00126,PH0034,W002,2025-04-25,Net30,Chuyển khoản,,Completed
O00127,PH0034,W013,2025-01-05,COD,Tiền mặt,0.0,Completed
O00128,PH0034,W022,2024-06-25,COD,Tiền mặt,0.05,Completed
O00129,PH0035,W003,2024-12-29,COD,Tiền mặt,0.0,Cancelled
O00130,PH0035,W025,02-23-2025,Net60,Chuyển khoản,0.15,Completed
O00131,PH0035,W017,2025-09-25,COD,Tiền mặt,0.0,Cancelled
O00132,PH0035,W008,2024-11-23,Net30,Chuyển khoản,0.1,Completed
O00133,PH0036,W019,2023-11-22,COD,Tiền mặt,0.0,Completed
O00134,PH0036,W018,2023-11-19,Net30,Chuyển khoản,0.0,Completed
O00135,PH0036,W022,2025-07-08,COD,Tiền mặt,0.05,Returned
O00136,PH0036,W013,2024-07-08,COD,,0.05,Completed
O00137,PH0036,W019,2023-12-07,COD,Tiền mặt,0.2,Completed
O00138,PH0036,W023,2025-02-20,Net30,Chuyển khoản,0.1,Completed
O00139,PH0036,W018,2025-04-13,Net30,Chuyển khoản,0.05,
O00140,PH0036,W019,2023-12-27,COD,Tiền mặt,0.05,Completed
O00141,PH0037,W015,27/07/2022,Net30,Chuyển khoản,0.0,Completed
O00142,PH0038,W013,2024-08-22,COD,Tiền mặt,0.0,Cancelled
O00143,PH0038,W014,28/09/2024,,Tiền mặt,0.1,Completed
O00144,PH0038,W009,30/12/2025,Net60,Chuyển khoản,0.05,Completed
O00145,PH0038,W023,2025-03-12,COD,Tiền mặt,0.0,Completed
O00146,PH0038,W001,2024-04-22,COD,Tiền mặt,0.1,Completed
O00147,PH0038,W021,2025-09-10,COD,Tiền mặt,,Completed
O00148,PH0038,W003,08-30-2025,COD,Tiền mặt,0.05,Returned
O00149,PH0038,W006,2024-11-15,Net30,Thẻ,0.0,Pending
O00150,PH0038,W011,2025-01-08,COD,Tiền mặt,0.0,Completed
O00151,PH0039,W022,2024-04-24,COD,Tiền mặt,0.15,Completed
O00152,PH0039,W007,2023-06-26,Net30,Chuyển khoản,0.2,Completed
O00153,PH0039,W019,2022-12-01,Net30,Chuyển khoản,0.0,Completed
O00154,PH0039,W006,06-05-2025,,Chuyển khoản,0.05,Completed
O00155,PH0039,W006,2022-07-28,Net60,Chuyển khoản,0.15,Completed
O00156,PH0039,W009,2024-11-27,Net60,Chuyển khoản,0.0,Completed
O00157,PH0039,W004,2023-06-09,Net30,Chuyển khoản,0.0,Completed
O00158,PH0039,W024,05-06-2020,COD,Tiền mặt,0.0,
O00159,PH0039,W006,2021-10-10,COD,Tiền mặt,0.05,Completed
O00160,PH0039,W004,2021-02-21,COD,Tiền mặt,0.0,Completed
O00161,PH0039,W015,2020-07-11,Net60,Thẻ,0.0,Completed
O00162,PH0039,W008,2022-06-25,Net30,Chuyển khoản,0.1,Completed
O00163,PH0039,W017,2021-02-07,COD,,0.1,Completed
O00164,PH0039,W019,2024-07-30,COD,Tiền mặt,0.05,Completed
O00165,PH0039,W024,2023-02-09,Net60,Chuyển khoản,0.1,Completed
O00166,PH0039,W007,2022-01-28,Net60,Chuyển khoản,0.3,Returned
O00167,PH0039,W011,2024-12-24,COD,Tiền mặt,0.0,Cancelled
O00168,PH0039,W003,2025-07-26,Net30,Chuyển khoản,0.0,Completed
O00169,PH0039,W002,2025-10-20,Net60,Chuyển khoản,0.05,Completed
O00170,PH0041,W025,2024-09-14,Net30,Chuyển khoản,,Completed
O00171,PH0041,W009,2025-06-21,Net60,Thẻ,0.0,Cancelled
O00172,PH0041,W017,2024-02-20,COD,Tiền mặt,0.1,Completed
O00173,PH0041,W020,13/06/2025,COD,Tiền mặt,0.15,Completed
O00174,PH0041,W021,2024-09-08,COD,Tiền mặt,0.0,
O00175,PH0042,W020,2024-11-21,COD,Tiền mặt,0.0,Completed
O00176,PH0042,W004,2025-12-27,Net60,Chuyển khoản,0.05,Completed
O00177,PH0042,W005,2025-09-10,Net30,Chuyển khoản,0.0,
O00178,PH0042,W004,2025-11-05,Net30,Chuyển khoản,0.0,Completed
O00179,PH0044,W024,2024-04-29,,Tiền mặt,0.05,Completed
O00180,PH0045,W014,2023-11-15,Net30,Chuyển khoản,0.0,Completed
O00181,PH0045,W024,31/08/2022,COD,Tiền mặt,0.0,Completed
O00182,PH0045,W023,2025-09-30,COD,Tiền mặt,0.15,Completed
O00183,PH0046,W010,2023-01-13,Net30,Chuyển khoản,0.0,Completed
O00184,PH0046,W011,03-19-2023,Net30,Chuyển khoản,0.0,Pending
O00185,PH0048,W007,2025-03-18,Net30,Chuyển khoản,0.2,Completed
O00186,PH0048,W025,2024-11-05,Net60,Chuyển khoản,0.0,Completed
O00187,PH0048,W018,2025-12-13,,Chuyển khoản,0.05,Completed
O00188,PH0048,W001,29/12/2025,Net30,Bitcoin,0.1,Completed
O00189,PH0048,W009,2025-05-13,Net30,Chuyển khoản,0.05,Completed
O00190,PH0048,W015,2024-12-06,COD,Tiền mặt,0.0,Completed
O00191,PH0048,W017,2024-09-27,COD,Tiền mặt,0.1,Completed
O00192,PH0049,W010,2025-03-21,COD,Tiền mặt,0.3,Completed
O00193,PH0051,W008,2025-07-12,COD,Tiền mặt,0.1,Completed
O00194,PH0051,W021,06/03/2025,,Chuyển khoản,0.0,Completed
O00195,PH0051,W025,2025-07-10,COD,Tiền mặt,0.05,Completed
O00196,PH0051,W008,2024-10-07,COD,Tiền mặt,0.0,Completed
O00197,PH0051,W010,2025-12-19,Net30,Chuyển khoản,0.0,Completed
O00198,PH0052,W012,2023-02-08,Net30,Chuyển khoản,0.05,Completed
O00199,PH0052,W011,2023-06-12,Net30,Chuyển khoản,0.0,Cancelled
O00200,PH0052,W010,2023-05-27,Net60,Chuyển khoản,0.1,Completed
O00201,PH0052,W003,2025-09-27,COD,,0.0,Cancelled
O00202,PH0052,W011,2024-09-24,Net30,Chuyển khoản,0.2,Completed
O00203,PH0052,W003,01-29-2025,COD,Tiền mặt,0.0,Completed
O00204,PH0052,W010,2023-04-28,Net60,Chuyển khoản,0.0,Completed
O00205,PH0052,W010,2025-11-30,Net30,Chuyển khoản,0.0,Pending
O00206,PH0052,W005,2023-05-14,COD,Tiền mặt,0.0,Completed
O00207,PH0052,W025,2024-02-15,COD,Bitcoin,0.0,Pending
O00208,PH0052,W012,2021-02-17,COD,Tiền mặt,0.05,Completed
O00209,PH0052,W011,30/06/2025,COD,Tiền mặt,0.1,Completed
O00210,PH0052,W012,2024-07-05,Net30,Chuyển khoản,0.1,Completed
O00211,PH0052,W006,03-30-2022,Net30,Chuyển khoản,0.0,Completed
O00212,PH0052,W025,2021-05-19,Net30,Chuyển khoản,0.0,Completed
O00213,PH0052,W019,2022-06-11,COD,Tiền mặt,0.3,Completed
O00214,PH0052,W014,2024-03-29,,Tiền mặt,0.15,Completed
O00215,PH0052,W023,2023-02-18,COD,Tiền mặt,0.0,Completed
O00216,PH0052,W023,2022-07-08,Net30,Thẻ,0.0,Cancelled
O00217,PH0052,W019,13/07/2024,COD,Tiền mặt,0.15,
O00218,PH0052,W011,2022-09-18,Net30,Thẻ,0.0,Completed
O00219,PH0052,W021,2022-02-09,Net30,Chuyển khoản,0.0,Pending
O00220,PH0052,W018,2024-01-28,,Chuyển khoản,0.0,Completed
O00221,PH0052,W004,2025-09-29,COD,Tiền mặt,0.0,Completed
O00222,PH0054,W020,22/06/2024,COD,Tiền mặt,,Completed
O00223,PH0054,W015,2025-01-03,COD,Tiền mặt,0.05,Completed
O00224,PH0054,W003,2025-02-08,Net30,Chuyển khoản,0.0,Pending
O00225,PH0054,W008,12-09-2025,COD,Tiền mặt,0.3,Completed
O00226,PH0054,W010,2024-08-18,Net30,,0.0,Completed
O00227,PH0054,W020,2024-05-29,COD,Tiền mặt,0.05,Completed
O00228,PH0054,W012,2024-06-26,Net60,Chuyển khoản,0.0,Completed
O00229,PH0054,W002,2025-06-22,COD,Tiền mặt,0.1,Completed
O00230,PH0054,W010,2025-09-20,Net30,Chuyển khoản,0.0,Pending
O00231,PH0054,W014,24/07/2024,Net30,Chuyển khoản,0.1,Completed
O00232,PH0054,W016,2025-07-31,COD,Tiền mặt,0.05,Completed
O00233,PH0054,W009,10/07/2025,Net60,Chuyển khoản,0.0,Pending
O00234,PH0054,W013,2024-11-11,COD,Tiền mặt,0.0,Pending
O00235,PH0054,W009,2024-10-15,Net30,Chuyển khoản,0.0,Completed
O00236,PH0055,W023,2025-08-01,Net30,Chuyển khoản,0.1,Completed
O00237,PH0055,W014,06/11/2025,Net60,Chuyển khoản,0.1,Completed
O00238,PH0055,W009,2025-07-13,COD,Tiền mặt,0.0,Pending
O00239,PH0055,W004,2025-06-04,COD,Tiền mặt,0.0,Completed
O00240,PH0055,W011,2025-10-15,COD,Tiền mặt,0.0,Pending
O00241,PH0056,W014,2023-09-29,Net30,Chuyển khoản,0.05,Completed
O00242,PH0056,W024,12/08/2021,Net30,Chuyển khoản,0.0,Completed
O00243,PH0056,W022,2020-11-25,Net30,Chuyển khoản,0.0,Pending
O00244,PH0056,W023,28/09/2020,Net30,Chuyển khoản,0.1,Completed
O00245,PH0056,W017,2025-10-13,COD,Tiền mặt,0.05,Completed
O00246,PH0056,W017,2025-04-04,Net30,Chuyển khoản,0.0,Returned
O00247,PH0057,W015,2022-08-12,COD,,,Cancelled
O00248,PH0057,W002,2024-11-26,Net60,Chuyển khoản,,Completed
O00249,PH0057,W004,2022-06-20,COD,Tiền mặt,0.0,Completed
O00250,PH0057,W002,2024-02-23,COD,Tiền mặt,0.0,Pending
O00251,PH0057,W021,2022-01-15,Net30,Chuyển khoản,0.0,Completed
O00252,PH0058,W003,2024-04-24,Net30,Chuyển khoản,0.1,Completed
O00253,PH0058,W015,2021-07-22,COD,Tiền mặt,0.05,Completed
O00254,PH0058,W015,29/01/2025,Net60,Thẻ,0.15,Completed
O00255,PH0058,W012,2020-11-24,Net30,Chuyển khoản,0.05,Completed
O00256,PH0058,W011,2022-12-13,COD,Tiền mặt,0.1,Completed
O00257,PH0060,W018,2024-03-11,Net60,Chuyển khoản,,Completed
O00258,PH0060,W025,2025-02-10,Net30,Chuyển khoản,0.0,Completed
O00259,PH0060,W008,2025-11-20,COD,Tiền mặt,,Completed
O00260,PH0060,W021,2025-07-24,Net30,Thẻ,0.1,Completed
O00261,PH0060,W021,2025-07-12,COD,Tiền mặt,0.05,Completed
O00262,PH0060,W014,2023-07-18,COD,Tiền mặt,0.3,Completed
O00263,PH0060,W021,2024-01-24,COD,Tiền mặt,0.0,Completed
O00264,PH0060,W016,2023-05-06,COD,Tiền mặt,0.0,Pending
O00265,PH0060,W019,2025-06-15,Net30,Chuyển khoản,0.0,Completed
O00266,PH0060,W017,2025-12-15,Net30,Chuyển khoản,0.0,Pending
O00267,PH0060,W025,2023-11-27,COD,Tiền mặt,0.0,Cancelled
O00268,PH0060,W015,2025-04-15,COD,Tiền mặt,0.3,Completed
O00269,PH0060,W025,2023-05-11,COD,Tiền mặt,0.15,Completed
O00270,PH0060,W005,22/06/2025,COD,Tiền mặt,0.05,Completed
O00271,PH0060,W013,2024-05-04,COD,Tiền mặt,0.0,Pending
O00272,PH0060,W008,2023-11-18,Net30,Chuyển khoản,0.1,Completed
O00273,PH0060,W001,2023-05-20,COD,Tiền mặt,0.1,Completed
O00274,PH0061,W022,2025-03-03,COD,Tiền mặt,0.0,Completed
O00275,PH0061,W006,2024-11-13,Net30,Chuyển khoản,0.0,Completed
O00276,PH0061,W002,2025-10-29,Net60,Bitcoin,0.0,Completed
O00277,PH0061,W023,2024-12-09,Net30,Thẻ,0.05,Completed
O00278,PH0061,W018,2024-10-28,COD,Tiền mặt,0.05,Completed
O00279,PH0061,W008,2025-12-17,Net30,Chuyển khoản,0.0,Pending
O00280,PH0061,W014,2024-12-24,Net30,Chuyển khoản,0.1,Completed
O00281,PH0061,W020,2024-09-27,Net60,,0.1,Completed
O00282,PH0061,W007,2025-08-20,Net30,Chuyển khoản,0.1,Completed
O00283,PH0061,W019,2025-02-27,Net60,Chuyển khoản,,Completed
O00284,PH0061,W024,2025-04-09,Net30,Chuyển khoản,0.0,Completed
O00285,PH0061,W013,2025-10-02,Net30,Chuyển khoản,0.0,Completed
O00286,PH0061,W016,2025-12-10,Net30,Thẻ,0.0,Completed
O00287,PH0061,W003,2025-08-25,Net30,Chuyển khoản,0.0,Completed
O00288,PH0062,W009,2022-06-11,Net30,Chuyển khoản,0.2,Completed
O00289,PH0062,W011,2022-06-23,COD,,0.05,Completed
O00290,PH0062,W008,19/06/2025,Net30,Thẻ,0.1,Completed
O00291,PH0063,W014,2025-07-09,Net30,Bitcoin,0.05,Completed
O00292,PH0063,W007,2025-05-21,COD,,0.0,Pending
O00293,PH0063,W006,2024-04-29,Net60,Chuyển khoản,0.0,Completed
O00294,PH0064,W011,2023-08-27,COD,Tiền mặt,0.05,Completed
O00295,PH0064,W019,2022-09-20,COD,Tiền mặt,,Completed
O00296,PH0064,W003,2025-06-29,COD,Tiền mặt,0.05,Completed
O00297,PH0064,W012,2022-09-13,Net30,Chuyển khoản,0.05,Completed
O00298,PH0064,W017,2025-01-18,Net30,Chuyển khoản,0.05,Completed
O00299,PH0064,W020,2023-12-05,Net30,Chuyển khoản,0.0,Completed
O00300,PH0066,W018,2023-08-10,COD,Tiền mặt,,Completed
O00301,PH0066,W005,2022-11-26,COD,Tiền mặt,,Completed
O00302,PH0066,W024,2025-04-22,Net30,,0.0,Completed
O00303,PH0066,W012,16/02/2021,COD,Tiền mặt,0.15,Completed
O00304,PH0066,W015,12-14-2022,COD,Tiền mặt,0.0,Cancelled
O00305,PH0066,W019,2020-07-15,Net60,Chuyển khoản,0.0,Completed
O00306,PH0067,W009,10-06-2025,COD,Tiền mặt,0.15,Completed
O00307,PH0067,W022,2025-09-08,COD,Tiền mặt,0.0,Completed
O00308,PH0067,W017,2025-09-10,,Tiền mặt,,Completed
O00309,PH0067,W018,2025-11-17,Net60,Thẻ,,Completed
O00310,PH0067,W002,08/12/2025,COD,Tiền mặt,0.05,Completed
O00311,PH0067,W012,2025-11-25,COD,Tiền mặt,0.1,Completed
O00312,PH0067,W008,2025-09-28,,Thẻ,0.1,Returned
O00313,PH0067,W003,05-31-2025,Net60,Thẻ,0.0,Completed
O00314,PH0067,W015,2025-08-08,Net30,Chuyển khoản,0.05,Completed
O00315,PH0068,W013,2024-12-10,Net30,Thẻ,0.15,Completed
O00316,PH0068,W014,2025-06-22,Net30,Bitcoin,0.1,Completed
O00317,PH0069,W012,2024-10-18,COD,Tiền mặt,0.0,Cancelled
O00318,PH0069,W024,2024-04-22,COD,Tiền mặt,0.15,Completed
O00319,PH0069,W011,2024-10-16,Net30,Chuyển khoản,0.0,Completed
O00320,PH0069,W007,2023-04-05,COD,Tiền mặt,0.0,Cancelled
O00321,PH0069,W017,2023-05-06,Net30,Chuyển khoản,0.1,Completed
O00322,PH0069,W018,2025-02-24,Net30,Chuyển khoản,0.0,Cancelled
O00323,PH0069,W017,11-01-2025,COD,Tiền mặt,0.1,Completed
O00324,PH0070,W020,2022-03-14,Net30,Thẻ,0.1,Completed
O00325,PH0070,W011,2023-10-31,COD,Tiền mặt,0.0,
O00326,PH0070,W025,07-05-2022,Net30,Chuyển khoản,0.1,Completed
O00327,PH0070,W006,2023-09-22,Net30,Thẻ,0.05,Completed
O00328,PH0072,W022,2025-01-19,Net30,Chuyển khoản,0.05,Completed
O00329,PH0072,W016,12-03-2023,Net60,Chuyển khoản,0.2,Completed
O00330,PH0075,W009,2024-01-13,COD,Tiền mặt,0.0,Completed
O00331,PH0076,W025,2025-04-16,COD,Tiền mặt,0.15,Completed
O00332,PH0076,W011,2022-09-02,Net30,Chuyển khoản,0.0,Completed
O00333,PH0076,W019,2024-12-08,COD,Tiền mặt,0.15,Completed
O00334,PH0076,W009,2021-09-26,Net30,Chuyển khoản,0.0,Completed
O00335,PH0077,W007,09-13-2024,COD,Tiền mặt,0.15,Completed
O00336,PH0077,W025,2023-01-15,COD,Tiền mặt,0.0,Cancelled
O00337,PH0078,W012,2025-10-27,COD,Tiền mặt,0.3,Completed
O00338,PH0078,W007,09-09-2025,COD,Tiền mặt,0.0,Completed
O00339,PH0082,W020,2025-04-14,Net60,Chuyển khoản,0.1,Completed
O00340,PH0082,W013,17/08/2024,COD,Tiền mặt,0.1,Completed
O00341,PH0083,W009,2023-09-13,Net30,Chuyển khoản,0.0,Completed
O00342,PH0083,W015,2024-01-02,Net60,Thẻ,0.0,Completed
O00343,PH0083,W023,2020-09-11,Net60,Chuyển khoản,0.0,Completed
O00344,PH0083,W018,2025-06-26,Net60,Chuyển khoản,0.0,Pending
O00345,PH0083,W024,2021-11-03,Net60,Chuyển khoản,0.0,Completed
O00346,PH0083,W015,2024-11-11,Net30,Chuyển khoản,,Completed
O00347,PH0084,W025,2025-09-20,Net30,Thẻ,0.0,Completed
O00348,PH0084,W023,2024-10-03,Net30,Chuyển khoản,0.3,Completed
O00349,PH0084,W008,04-03-2025,COD,Tiền mặt,0.0,
O00350,PH0084,W018,2025-11-26,COD,Tiền mặt,0.1,Completed
O00351,PH0084,W024,2024-10-18,Net30,Thẻ,0.0,Cancelled
O00352,PH0084,W014,06-19-2025,Net60,Chuyển khoản,0.3,Completed
O00353,PH0084,W004,2024-10-04,Net60,Thẻ,0.05,Completed
O00354,PH0084,W022,2025-09-27,Net30,Thẻ,0.15,Completed
O00355,PH0084,W023,07/06/2025,COD,Tiền mặt,0.0,Completed
O00356,PH0085,W012,22/05/2025,COD,Tiền mặt,0.1,Completed
O00357,PH0085,W010,2025-08-02,Net30,Chuyển khoản,0.05,Completed
O00358,PH0085,W015,2025-08-03,,Tiền mặt,0.0,Pending
O00359,PH0087,W017,2024-05-18,Net30,Chuyển khoản,,Completed
O00360,PH0087,W022,2024-08-02,Net60,Thẻ,0.15,Completed
O00361,PH0087,W014,2023-05-29,Net30,Chuyển khoản,0.05,Completed
O00362,PH0087,W003,2022-12-29,Net60,Thẻ,0.0,Completed
O00363,PH0087,W009,2025-12-15,Net60,Thẻ,0.0,Completed
O00364,PH0087,W021,30/05/2024,Net30,Chuyển khoản,0.0,Returned
O00365,PH0087,W013,10-23-2025,Net60,Thẻ,0.15,Completed
O00366,PH0088,W016,04/06/2025,Net30,Chuyển khoản,0.0,Pending
O00367,PH0088,W004,2021-10-22,Net60,Chuyển khoản,0.0,Completed
O00368,PH0089,W019,2025-02-17,COD,Tiền mặt,0.15,Completed
O00369,PH0091,W006,18/01/2023,COD,Tiền mặt,0.0,Completed
O00370,PH0091,W008,2021-11-29,COD,Tiền mặt,0.1,Completed
O00371,PH0091,W016,2024-08-02,Net60,Chuyển khoản,0.0,Completed
O00372,PH0091,W009,2020-09-13,COD,Tiền mặt,0.0,Completed
O00373,PH0091,W006,2025-05-13,,Tiền mặt,,Completed
O00374,PH0093,W018,03-04-2025,Net30,Thẻ,0.15,Completed
O00375,PH0093,W017,2023-06-12,COD,,0.05,Completed
O00376,PH0093,W025,2025-02-04,COD,Tiền mặt,0.0,Completed
O00377,PH0095,W023,04/01/2024,COD,,0.0,Completed
O00378,PH0095,W017,29/03/2023,COD,Tiền mặt,0.0,Completed
O00379,PH0095,W006,2025-09-30,COD,Tiền mặt,0.0,Completed
O00380,PH0095,W019,2022-03-29,COD,Tiền mặt,0.05,Completed
O00381,PH0095,W024,2022-10-23,COD,Tiền mặt,0.0,
O00382,PH0095,W001,2022-01-29,COD,Tiền mặt,0.2,Completed
O00383,PH0095,W023,07-16-2021,COD,Tiền mặt,0.0,Completed
O00384,PH0097,W013,2023-10-21,COD,Tiền mặt,0.0,Cancelled
O00385,PH0097,W025,2025-06-04,Net60,Thẻ,0.1,Returned
O00386,PH0097,W013,2023-01-06,COD,Tiền mặt,0.2,Completed
O00387,PH0097,W011,2024-09-10,Net30,Thẻ,0.0,Completed
O00388,PH0098,W004,2023-08-19,COD,Tiền mặt,0.05,Completed
O00389,PH0098,W003,01/07/2024,Net60,Chuyển khoản,0.0,Pending
O00390,PH0098,W010,2025-06-17,Net30,Chuyển khoản,0.0,Completed
O00391,PH0098,W017,2022-08-25,COD,Tiền mặt,0.3,Completed
O00392,PH0099,W014,2023-04-13,COD,Tiền mặt,0.1,Completed
O00393,PH0100,W019,07-28-2024,COD,Tiền mặt,0.0,
O00394,PH0100,W002,2024-11-01,COD,Tiền mặt,0.0,Completed
O00395,PH0100,W021,2025-04-15,Net30,Thẻ,0.05,Completed
O00396,PH0100,W011,22/05/2023,Net30,Chuyển khoản,0.2,Completed
O00397,PH0100,W012,05/09/2024,Net30,Chuyển khoản,0.0,Completed
O00398,PH0100,W005,2021-06-08,COD,Tiền mặt,0.0,Completed
O00399,PH0100,W009,2022-11-30,COD,Tiền mặt,0.15,Completed
O00400,PH0101,W005,2022-06-24,COD,Tiền mặt,0.05,
O00401,PH0101,W015,2022-06-28,COD,Tiền mặt,0.0,Completed
O00402,PH0101,W025,2024-03-18,COD,Tiền mặt,0.1,
O00403,PH0101,W009,2025-11-15,Net60,Chuyển khoản,,Completed
O00404,PH0101,W013,09-23-2024,COD,Tiền mặt,0.0,Completed
O00405,PH0101,W003,02-17-2024,COD,Tiền mặt,0.0,Cancelled
O00406,PH0101,W007,01-17-2025,COD,Tiền mặt,0.0,Completed
O00407,PH0101,W004,2025-06-25,,Chuyển khoản,0.0,Completed
O00408,PH0101,W016,2025-03-02,Net30,Thẻ,0.0,Completed
O00409,PH0101,W023,2022-02-17,Net30,Chuyển khoản,0.0,Completed
O00410,PH0101,W003,2025-07-13,Net30,Chuyển khoản,0.0,Cancelled
O00411,PH0101,W012,29/08/2024,COD,Tiền mặt,0.05,Completed
O00412,PH0101,W021,2023-01-27,COD,Tiền mặt,0.05,Completed
O00413,PH0101,W025,22/09/2022,Net30,Thẻ,0.1,Completed
O00414,PH0102,W014,2024-07-28,Net30,Chuyển khoản,0.15,Completed
O00415,PH0104,W015,2022-12-18,,Chuyển khoản,0.1,Completed
O00416,PH0104,W020,2024-07-04,Net30,Chuyển khoản,0.05,
O00417,PH0105,W022,2024-08-15,COD,Tiền mặt,0.0,Pending
O00418,PH0106,W003,2025-04-15,COD,Tiền mặt,0.0,Completed
O00419,PH0106,W008,15/04/2025,COD,Tiền mặt,0.05,Completed
O00420,PH0106,W019,2025-10-24,Net60,Chuyển khoản,0.2,Completed
O00421,PH0106,W001,2025-06-06,COD,Tiền mặt,0.2,Completed
O00422,PH0106,W018,2025-11-25,Net30,Chuyển khoản,0.0,Completed
O00423,PH0107,W006,2025-02-24,Net30,Thẻ,0.05,Completed
O00424,PH0107,W012,2025-10-27,COD,Tiền mặt,0.1,Completed
O00425,PH0107,W006,2025-12-14,COD,Tiền mặt,0.1,Completed
O00426,PH0107,W011,2024-08-31,,Chuyển khoản,0.05,Completed
O00427,PH0108,W012,2025-08-14,Net30,Chuyển khoản,0.15,Completed
O00428,PH0108,W008,2025-12-26,Net30,Chuyển khoản,0.0,Cancelled
O00429,PH0108,W008,2025-12-26,Net60,Chuyển khoản,0.05,Completed
O00430,PH0108,W009,2025-10-14,COD,Tiền mặt,0.05,Completed
O00431,PH0109,W003,2022-12-24,COD,Tiền mặt,0.05,Completed
O00432,PH0109,W003,2024-01-25,Net30,Chuyển khoản,0.0,Pending
O00433,PH0110,W002,2025-12-16,Net30,Chuyển khoản,0.3,Completed
O00434,PH0110,W011,2024-12-21,COD,Tiền mặt,0.0,Completed
O00435,PH0110,W020,2025-02-07,Net60,Chuyển khoản,0.05,Completed
O00436,PH0111,W019,19/10/2024,Net30,Chuyển khoản,0.0,Completed
O00437,PH0111,W019,2025-06-25,COD,Tiền mặt,0.05,Completed
O00438,PH0111,W002,2024-01-10,Net30,Chuyển khoản,,Completed
O00439,PH0111,W023,2025-09-19,Net60,Chuyển khoản,0.0,Cancelled
O00440,PH0111,W015,2024-10-28,COD,Tiền mặt,0.1,Completed
O00441,PH0111,W005,2025-10-03,COD,Tiền mặt,0.0,Completed
O00442,PH0111,W018,2024-10-03,Net30,Chuyển khoản,,Completed
O00443,PH0111,W021,2025-03-16,Net60,Chuyển khoản,0.1,Completed
O00444,PH0111,W004,2023-12-12,Net30,Thẻ,0.05,Completed
O00445,PH0113,W004,04/11/2025,COD,Tiền mặt,0.0,Cancelled
O00446,PH0114,W006,2024-08-10,,Tiền mặt,0.0,Completed
O00447,PH0114,W003,2025-06-14,COD,Tiền mặt,0.1,Completed
O00448,PH0114,W020,2025-12-27,COD,Tiền mặt,0.05,Completed
O00449,PH0114,W009,06/04/2024,,Thẻ,0.3,Completed
O00450,PH0114,W001,2025-08-30,Net60,Chuyển khoản,0.0,Completed
O00451,PH0114,W019,2025-04-15,Net30,Chuyển khoản,0.1,Completed
O00452,PH0114,W020,01-17-2024,Net30,Chuyển khoản,0.05,Completed
O00453,PH0114,W019,16/07/2025,Net30,Chuyển khoản,0.0,Completed
O00454,PH0114,W021,29/06/2024,Net60,Chuyển khoản,0.05,Completed
O00455,PH0114,W025,2024-05-22,COD,Tiền mặt,0.15,Completed
O00456,PH0114,W011,2025-11-27,Net30,Chuyển khoản,0.2,Completed
O00457,PH0114,W002,02/12/2025,COD,Tiền mặt,0.0,Completed
O00458,PH0114,W010,2025-05-26,COD,Tiền mặt,,Pending
O00459,PH0114,W015,2025-06-05,COD,,0.0,
O00460,PH0114,W024,08-18-2024,Net60,Thẻ,0.15,Completed
O00461,PH0114,W004,2025-02-10,COD,Tiền mặt,0.0,Completed
O00462,PH0114,W020,2024-07-16,Net30,,0.0,Completed
O00463,PH0114,W003,01/12/2025,Net60,Chuyển khoản,0.1,Returned
O00464,PH0115,W013,2025-11-19,COD,Tiền mặt,0.1,Completed
O00465,PH0115,W023,2025-01-24,Net30,Chuyển khoản,0.05,Completed
O00466,PH0115,W011,2024-07-16,Net60,Chuyển khoản,0.05,Completed
O00467,PH0116,W015,2021-06-19,COD,Tiền mặt,0.0,
O00468,PH0116,W009,2024-07-23,COD,Tiền mặt,0.05,Completed
O00469,PH0116,W024,2023-09-11,COD,Tiền mặt,0.05,Completed
O00470,PH0116,W011,09-10-2022,Net30,Chuyển khoản,0.0,Cancelled
O00471,PH0116,W007,2025-08-09,COD,Tiền mặt,0.0,Completed
O00472,PH0116,W013,12/03/2022,COD,Tiền mặt,0.05,Completed
O00473,PH0116,W020,2021-05-07,COD,Tiền mặt,0.1,Completed
O00474,PH0116,W015,2023-12-14,Net30,Thẻ,0.1,Completed
O00475,PH0116,W013,05-30-2022,COD,Tiền mặt,0.0,Cancelled
O00476,PH0116,W024,2022-05-28,Net30,Bitcoin,0.15,Completed
O00477,PH0116,W015,2025-02-28,Net60,,0.05,Completed
O00478,PH0116,W005,02-28-2021,COD,Tiền mặt,0.05,Completed
O00479,PH0116,W003,2022-02-16,COD,Tiền mặt,0.0,Pending
O00480,PH0116,W007,05-25-2021,COD,Tiền mặt,,Cancelled
O00481,PH0116,W003,2024-10-14,COD,Tiền mặt,0.0,Cancelled
O00482,PH0116,W017,2025-05-12,COD,Tiền mặt,0.15,Completed
O00483,PH0117,W025,2025-10-15,,Tiền mặt,0.0,Completed
O00484,PH0117,W016,2025-03-04,Net60,Chuyển khoản,0.0,Completed
O00485,PH0117,W012,2025-04-21,Net30,,0.2,Completed
O00486,PH0117,W010,28/05/2025,,Tiền mặt,0.05,Completed
O00487,PH0117,W011,2025-05-15,COD,Tiền mặt,0.0,Cancelled
O00488,PH0117,W017,2025-10-19,COD,Tiền mặt,0.15,Completed
O00489,PH0117,W009,2025-03-16,Net30,Chuyển khoản,0.05,Completed
O00490,PH0117,W001,2025-12-12,COD,Tiền mặt,0.0,Returned
O00491,PH0117,W023,2025-06-20,Net30,Chuyển khoản,0.0,Returned
O00492,PH0117,W013,07-14-2025,Net30,Chuyển khoản,0.1,Completed
O00493,PH0118,W016,2024-01-17,Net30,Chuyển khoản,0.0,Completed
O00494,PH0118,W010,2023-12-24,Net60,Thẻ,0.1,Completed
O00495,PH0118,W016,2021-05-25,Net60,Chuyển khoản,0.05,Completed
O00496,PH0118,W003,2024-07-07,Net60,Chuyển khoản,0.0,Completed
O00497,PH0118,W010,2025-03-01,Net60,Bitcoin,0.0,Pending
O00498,PH0120,W009,2025-10-20,COD,Tiền mặt,0.0,Completed
O00499,PH0120,W003,28/09/2022,Net30,Chuyển khoản,0.0,
O00500,PH0120,W006,2022-07-05,COD,Tiền mặt,0.05,Completed
O00501,PH0120,W020,2023-05-03,Net60,Chuyển khoản,0.2,Completed
O00502,PH0120,W003,10-25-2023,COD,Tiền mặt,0.05,Completed
O00503,PH0120,W014,2022-10-03,Net30,Thẻ,0.15,Completed
O00504,PH0121,W015,2024-04-08,Net30,Chuyển khoản,0.15,Completed
O00505,PH0121,W001,2024-03-19,Net60,Chuyển khoản,0.0,Completed
O00506,PH0121,W009,2025-03-13,Net60,Chuyển khoản,0.0,Completed
O00507,PH0122,W024,2021-12-21,Net60,Chuyển khoản,0.0,Completed
O00508,PH0122,W004,2025-05-28,Net60,Bitcoin,0.0,Completed
O00509,PH0122,W011,2023-02-22,COD,Tiền mặt,0.0,Pending
O00510,PH0123,W015,2025-11-15,,Chuyển khoản,0.0,Completed
O00511,PH0123,W003,2025-08-24,Net30,Chuyển khoản,0.1,Completed
O00512,PH0123,W007,08-06-2025,COD,Tiền mặt,0.1,Completed
O00513,PH0123,W020,2025-06-11,COD,Tiền mặt,0.1,Completed
O00514,PH0124,W020,2025-03-04,COD,Tiền mặt,0.05,Completed
O00515,PH0124,W011,01-19-2025,COD,Tiền mặt,0.0,Completed
O00516,PH0125,W007,23/12/2025,COD,Tiền mặt,0.0,Completed
O00517,PH0125,W003,2025-05-22,COD,Tiền mặt,0.0,Completed
O00518,PH0125,W008,2025-03-30,COD,Tiền mặt,0.0,Cancelled
O00519,PH0125,W013,2024-07-16,Net60,Chuyển khoản,0.05,Completed
O00520,PH0125,W007,2025-02-12,COD,Tiền mặt,0.1,Completed
O00521,PH0126,W001,2025-06-23,Net30,Chuyển khoản,0.05,Completed
O00522,PH0126,W014,05-21-2025,COD,Tiền mặt,0.1,Completed
O00523,PH0126,W024,07-23-2025,Net60,,0.0,Cancelled
O00524,PH0126,W013,02-08-2025,Net30,Chuyển khoản,0.0,Cancelled
O00525,PH0126,W009,2025-12-06,COD,,0.1,Completed
O00526,PH0126,W021,2025-01-01,Net60,Chuyển khoản,0.0,Completed
O00527,PH0126,W016,2025-09-30,COD,Tiền mặt,0.05,Completed
O00528,PH0126,W021,2025-12-18,Net60,Chuyển khoản,0.1,Completed
O00529,PH0126,W005,2025-04-15,COD,Tiền mặt,0.2,Completed
O00530,PH0126,W011,2025-10-26,,Tiền mặt,0.05,Completed
O00531,PH0126,W013,2025-05-23,COD,Tiền mặt,0.0,Completed
O00532,PH0126,W003,2025-05-02,Net30,Chuyển khoản,0.2,Completed
O00533,PH0126,W025,2025-07-31,COD,Tiền mặt,0.05,Returned
O00534,PH0126,W003,09-30-2025,COD,Tiền mặt,0.2,Completed
O00535,PH0126,W024,2025-02-19,Net60,Chuyển khoản,0.05,Completed
O00536,PH0127,W004,2025-12-18,Net60,Chuyển khoản,0.05,Completed
O00537,PH0127,W016,2021-11-10,COD,Tiền mặt,0.0,Completed
O00538,PH0127,W022,2020-02-24,Net30,Thẻ,0.05,Completed
O00539,PH0127,W002,2023-12-06,COD,Tiền mặt,0.05,Completed
O00540,PH0127,W005,2025-10-01,Net60,Chuyển khoản,0.0,Completed
O00541,PH0127,W017,2021-01-31,COD,Tiền mặt,0.0,Completed
O00542,PH0128,W006,2022-08-27,Net30,Chuyển khoản,,Completed
O00543,PH0130,W009,2025-02-22,Net30,Chuyển khoản,0.05,Completed
O00544,PH0130,W022,17/12/2024,COD,Tiền mặt,0.15,Completed
O00545,PH0130,W024,2021-05-16,Net30,Chuyển khoản,0.0,Completed
O00546,PH0130,W007,2025-08-05,COD,Tiền mặt,,Cancelled
O00547,PH0130,W013,2023-02-25,Net60,Chuyển khoản,0.0,Cancelled
O00548,PH0130,W021,29/08/2024,Net30,Bitcoin,0.0,Completed
O00549,PH0130,W018,2021-10-14,Net30,Chuyển khoản,0.05,Completed
O00550,PH0130,W003,01-17-2022,COD,,0.05,Completed
O00551,PH0130,W011,2025-03-16,COD,Tiền mặt,0.0,Pending
O00552,PH0130,W011,2023-06-04,Net30,Chuyển khoản,0.15,Completed
O00553,PH0130,W019,2023-12-09,Net30,,0.0,Completed
O00554,PH0130,W010,2023-11-04,Net30,Chuyển khoản,0.15,Completed
O00555,PH0130,W006,2025-08-30,Net30,Chuyển khoản,0.15,Completed
O00556,PH0130,W004,2025-01-23,Net30,Chuyển khoản,0.05,Completed
O00557,PH0130,W022,2022-02-09,COD,Tiền mặt,0.05,Completed
O00558,PH0131,W001,2024-04-19,Net30,Thẻ,0.15,Completed
O00559,PH0131,W017,2025-04-30,COD,Tiền mặt,0.0,Completed
O00560,PH0131,W002,2024-10-24,COD,Tiền mặt,0.15,Completed
O00561,PH0131,W005,2023-07-27,Net30,Chuyển khoản,0.3,Completed
O00562,PH0132,W001,12/05/2024,Net30,Chuyển khoản,0.0,Completed
O00563,PH0132,W007,2024-06-20,Net30,Chuyển khoản,0.0,Completed
O00564,PH0133,W014,2025-01-17,COD,,0.15,Completed
O00565,PH0133,W018,08/09/2025,Net60,Chuyển khoản,0.1,
O00566,PH0133,W022,2025-07-31,Net60,Chuyển khoản,0.1,Completed
O00567,PH0133,W024,29/09/2023,COD,Tiền mặt,0.0,Completed
O00568,PH0134,W010,2025-05-27,Net30,Thẻ,0.0,Completed
O00569,PH0134,W023,2024-03-29,Net60,Chuyển khoản,0.2,Completed
O00570,PH0134,W012,2024-08-02,,Chuyển khoản,0.2,Completed
O00571,PH0135,W009,06/11/2025,COD,Tiền mặt,0.15,Completed
O00572,PH0135,W021,2025-03-06,Net30,Chuyển khoản,,Completed
O00573,PH0135,W017,2025-05-16,COD,Tiền mặt,0.05,Completed
O00574,PH0135,W005,2024-04-09,COD,Tiền mặt,0.0,Completed
O00575,PH0135,W004,2025-04-11,Net30,Chuyển khoản,0.0,Completed
O00576,PH0135,W010,2025-04-02,COD,Tiền mặt,0.0,Completed
O00577,PH0136,W025,2025-02-09,Net30,Chuyển khoản,0.3,Completed
O00578,PH0137,W013,2025-04-01,Net30,,0.05,Completed
O00579,PH0137,W014,2024-04-03,Net60,Chuyển khoản,0.0,Completed
O00580,PH0137,W012,2023-10-28,Net30,Chuyển khoản,0.2,Completed
O00581,PH0137,W014,20/07/2024,COD,Tiền mặt,0.0,Pending
O00582,PH0137,W021,07-16-2025,COD,Tiền mặt,0.0,Pending
O00583,PH0137,W006,2025-04-07,COD,Tiền mặt,0.0,Completed
O00584,PH0137,W012,20/07/2024,COD,Tiền mặt,0.0,Cancelled
O00585,PH0137,W021,2024-09-06,Net30,Chuyển khoản,0.0,Completed
O00586,PH0137,W006,2024-03-14,Net30,Thẻ,0.05,Completed
O00587,PH0137,W022,2024-08-21,COD,Tiền mặt,0.1,Completed
O00588,PH0137,W017,24/06/2024,Net30,Chuyển khoản,0.05,Completed
O00589,PH0137,W013,2023-08-12,COD,Tiền mặt,0.15,Completed
O00590,PH0137,W024,2023-10-18,COD,Tiền mặt,,Completed
O00591,PH0137,W003,2023-07-18,COD,,0.15,Completed
O00592,PH0137,W013,2025-10-02,COD,Tiền mặt,0.15,Completed
O00593,PH0138,W016,2025-11-27,COD,Tiền mặt,0.15,Returned
O00594,PH0138,W010,2025-01-27,COD,Tiền mặt,0.05,Completed
O00595,PH0139,W017,2025-11-09,COD,Tiền mặt,0.0,Pending
O00596,PH0139,W006,2022-06-06,COD,Tiền mặt,0.0,Completed
O00597,PH0139,W020,2022-03-09,COD,Tiền mặt,0.2,Completed
O00598,PH0140,W013,2023-08-25,Net30,Thẻ,0.0,Completed
O00599,PH0140,W023,2024-02-12,Net30,Thẻ,0.1,Completed
O00600,PH0140,W021,2024-10-17,COD,,0.2,Completed
O00601,PH0140,W004,2020-12-18,Net30,Thẻ,0.1,Completed
O00602,PH0140,W002,2025-03-01,COD,Tiền mặt,0.0,Completed
O00603,PH0140,W014,2023-06-30,COD,,0.1,Completed
O00604,PH0140,W005,2021-05-13,Net60,Chuyển khoản,0.2,Completed
O00605,PH0140,W022,10/03/2021,COD,Tiền mặt,0.2,Completed
O00606,PH0140,W002,2023-11-11,COD,Tiền mặt,0.0,Cancelled
O00607,PH0141,W007,13/11/2025,Net30,Chuyển khoản,0.2,Completed
O00608,PH0141,W025,14/08/2025,COD,Tiền mặt,0.0,Completed
O00609,PH0141,W021,2023-09-23,Net30,Chuyển khoản,0.05,Completed
O00610,PH0141,W014,10-03-2023,Net30,Thẻ,0.0,Completed
O00611,PH0141,W001,2023-10-10,COD,Tiền mặt,0.05,Completed
O00612,PH0141,W008,2025-09-22,Net60,Chuyển khoản,0.1,Completed
O00613,PH0142,W016,2025-03-28,COD,Tiền mặt,0.0,Completed
O00614,PH0142,W005,2025-11-06,COD,Tiền mặt,0.1,Completed
O00615,PH0142,W006,2024-09-02,Net30,Chuyển khoản,0.05,Completed
O00616,PH0143,W019,2023-05-10,,Tiền mặt,0.1,Completed
O00617,PH0143,W008,2025-08-16,Net30,Chuyển khoản,0.1,Completed
O00618,PH0144,W012,2025-02-28,COD,Tiền mặt,0.1,Completed
O00619,PH0144,W009,2025-01-17,Net30,Chuyển khoản,0.2,Completed
O00620,PH0144,W025,2024-01-15,Net30,Chuyển khoản,0.0,Completed
O00621,PH0144,W011,2024-02-17,Net60,Thẻ,0.1,
O00622,PH0144,W009,2025-01-24,Net60,Chuyển khoản,0.0,Cancelled
O00623,PH0144,W019,16/06/2025,Net30,Chuyển khoản,0.05,Completed
O00624,PH0144,W008,2024-06-04,Net60,Chuyển khoản,,Completed
O00625,PH0145,W005,2025-08-11,Net30,Chuyển khoản,0.2,Completed
O00626,PH0146,W005,25/10/2025,Net30,Thẻ,0.0,Completed
O00627,PH0147,W005,2024-11-30,COD,Tiền mặt,0.0,Pending
O00628,PH0147,W018,2022-01-18,COD,Tiền mặt,0.2,Completed
O00629,PH0147,W017,2022-04-03,Net30,Chuyển khoản,0.0,
O00630,PH0147,W023,05/08/2021,Net60,Chuyển khoản,0.0,Pending
O00631,PH0147,W020,2021-04-28,COD,Tiền mặt,,Pending
O00632,PH0147,W016,2024-01-27,COD,Tiền mặt,0.0,Completed
O00633,PH0147,W008,2024-02-20,COD,Tiền mặt,,Returned
O00634,PH0147,W015,2023-06-05,COD,,0.1,Completed
O00635,PH0147,W004,2022-06-14,Net30,Thẻ,0.0,Completed
O00636,PH0147,W001,2023-12-11,Net30,Chuyển khoản,0.0,Completed
O00637,PH0147,W011,2024-03-27,COD,Tiền mặt,,
O00638,PH0147,W005,2022-11-17,COD,Tiền mặt,0.0,Completed
O00639,PH0148,W018,2024-06-06,COD,Tiền mặt,0.0,Completed
O00640,PH0148,W010,2025-12-13,COD,Tiền mặt,0.2,Completed
O00641,PH0148,W024,2025-06-22,Net30,Thẻ,0.1,Completed
O00642,PH0148,W023,2024-01-12,,Chuyển khoản,0.0,Completed
O00643,PH0148,W019,18/12/2023,Net30,Thẻ,0.05,Completed
O00644,PH0148,W014,2025-08-11,COD,Tiền mặt,0.15,Completed
O00645,PH0149,W013,23/10/2021,Net30,Chuyển khoản,0.0,Cancelled
O00646,PH0149,W006,2022-11-29,COD,Tiền mặt,,Completed
O00647,PH0149,W012,03-20-2022,COD,Tiền mặt,0.1,Returned
O00648,PH0149,W010,2024-08-13,COD,Tiền mặt,0.1,Completed
O00649,PH0149,W021,2023-04-22,Net60,Thẻ,0.15,Completed
O00650,PH0149,W023,2023-09-07,Net30,Chuyển khoản,0.0,Pending
O00651,PH0150,W013,24/05/2025,COD,Tiền mặt,0.05,Completed
O00652,PH0150,W025,12-13-2021,Net30,Thẻ,0.15,Completed
O00653,PH0150,W002,2024-11-13,Net30,Chuyển khoản,0.0,Completed
O00654,PH0151,W008,2024-01-22,Net30,Chuyển khoản,0.15,Completed
O00655,PH0151,W023,2025-10-06,Net60,Chuyển khoản,0.05,Completed
O00656,PH0151,W021,2024-02-24,Net60,Thẻ,0.0,Completed
O00657,PH0152,W009,02-15-2025,COD,Tiền mặt,0.0,Completed
O00658,PH0152,W015,2024-02-10,COD,Tiền mặt,0.1,Completed
O00659,PH0152,W002,2023-04-17,COD,Tiền mặt,0.1,
O00660,PH0152,W004,2022-07-27,COD,Tiền mặt,0.0,Pending
O00661,PH0152,W025,2023-08-05,Net30,Chuyển khoản,0.0,Completed
O00662,PH0154,W022,2025-12-18,COD,,0.2,Completed
O00663,PH0156,W017,11-28-2023,Net30,Chuyển khoản,0.15,
O00664,PH0156,W016,2025-03-11,COD,Tiền mặt,0.0,Completed
O00665,PH0156,W011,2025-05-27,COD,Tiền mặt,0.1,Completed
O00666,PH0156,W022,27/02/2025,COD,Tiền mặt,0.0,Cancelled
O00667,PH0157,W018,2021-09-09,Net30,Chuyển khoản,0.1,Completed
O00668,PH0157,W020,2022-05-28,COD,Tiền mặt,0.2,Completed
O00669,PH0158,W016,18/11/2023,COD,Tiền mặt,0.1,Completed
O00670,PH0158,W001,2025-07-16,COD,Tiền mặt,0.15,Completed
O00671,PH0158,W008,2025-02-17,Net30,Chuyển khoản,0.1,Completed
O00672,PH0158,W013,2024-12-01,COD,Tiền mặt,0.0,Pending
O00673,PH0158,W015,2023-12-30,Net30,Chuyển khoản,0.05,Completed
O00674,PH0158,W005,2023-05-06,Net30,Chuyển khoản,0.0,Completed
O00675,PH0159,W017,2025-05-25,Net30,Chuyển khoản,0.0,Completed
O00676,PH0159,W020,2023-03-14,Net30,Chuyển khoản,0.05,Completed
O00677,PH0159,W015,2025-02-11,Net60,Chuyển khoản,0.0,Pending
O00678,PH0159,W025,2023-07-01,COD,Tiền mặt,0.05,Completed
O00679,PH0159,W011,2025-10-18,COD,Tiền mặt,0.0,Pending
O00680,PH0159,W005,2025-09-19,COD,Tiền mặt,,Cancelled
O00681,PH0159,W021,13/04/2025,COD,Tiền mặt,0.0,Completed
O00682,PH0159,W016,2024-10-27,Net30,Thẻ,0.0,Completed
O00683,PH0159,W018,06/11/2022,COD,Tiền mặt,0.0,Pending
O00684,PH0159,W006,2025-04-28,COD,Tiền mặt,0.0,Completed
O00685,PH0159,W011,2024-09-06,,Chuyển khoản,0.0,Completed
O00686,PH0160,W023,25/05/2023,COD,Tiền mặt,0.0,Completed
O00687,PH0160,W018,2024-04-04,Net30,Chuyển khoản,0.0,Completed
O00688,PH0161,W023,2024-12-27,COD,Tiền mặt,0.3,Completed
O00689,PH0162,W008,2025-08-06,Net30,Chuyển khoản,0.0,Completed
O00690,PH0162,W012,2025-05-28,COD,Tiền mặt,0.0,Cancelled
O00691,PH0162,W007,2024-02-29,Net30,Chuyển khoản,0.0,Completed
O00692,PH0162,W008,12-31-2024,COD,Tiền mặt,0.0,Completed
O00693,PH0162,W024,2025-03-23,Net60,Bitcoin,0.15,Completed
O00694,PH0162,W010,2024-11-17,Net30,Chuyển khoản,0.15,Completed
O00695,PH0163,W016,12/06/2024,Net30,Chuyển khoản,0.15,Returned
O00696,PH0163,W017,2024-09-28,COD,Tiền mặt,0.05,Completed
O00697,PH0164,W024,2024-01-13,Net60,Chuyển khoản,0.3,Completed
O00698,PH0165,W012,2025-03-24,Net30,Chuyển khoản,0.05,Returned
O00699,PH0165,W008,2023-06-03,COD,Tiền mặt,0.2,Completed
O00700,PH0165,W020,2023-09-14,COD,Tiền mặt,0.05,Completed
O00701,PH0165,W001,08/11/2024,COD,Tiền mặt,0.0,Completed
O00702,PH0165,W005,2023-07-08,,Chuyển khoản,0.0,Pending
O00703,PH0166,W004,2025-10-24,COD,Tiền mặt,0.0,Completed
O00704,PH0167,W009,03-28-2025,COD,Tiền mặt,0.1,Completed
O00705,PH0167,W003,2025-06-25,COD,Tiền mặt,0.2,Completed
O00706,PH0167,W018,2025-10-26,COD,Tiền mặt,0.0,Pending
O00707,PH0167,W014,2024-10-16,COD,Tiền mặt,0.15,Completed
O00708,PH0167,W017,2025-03-03,Net30,Chuyển khoản,0.0,Completed
O00709,PH0168,W002,01/11/2025,Net30,Chuyển khoản,0.0,Completed
O00710,PH0168,W018,2025-05-10,COD,Tiền mặt,,Completed
O00711,PH0169,W025,2025-12-30,COD,Tiền mặt,0.1,Completed
O00712,PH0169,W003,2024-10-12,COD,Tiền mặt,0.0,Pending
O00713,PH0169,W015,2025-06-21,COD,Tiền mặt,0.0,Completed
O00714,PH0169,W004,2025-11-30,COD,Tiền mặt,0.15,Completed
O00715,PH0169,W004,2024-10-31,COD,Tiền mặt,0.05,Completed
O00716,PH0170,W017,2024-10-17,Net30,Thẻ,0.05,Completed
O00717,PH0170,W022,2024-03-05,COD,Tiền mặt,,Completed
O00718,PH0171,W015,2023-04-18,Net30,Chuyển khoản,0.05,Completed
O00719,PH0172,W010,2023-06-23,COD,Tiền mặt,0.1,Returned
O00720,PH0172,W023,02-20-2023,Net30,Chuyển khoản,0.0,Pending
O00721,PH0172,W017,2025-03-09,COD,Tiền mặt,0.3,Completed
O00722,PH0172,W015,2025-10-24,Net30,Chuyển khoản,0.0,Pending
O00723,PH0174,W009,2023-08-24,Net30,Chuyển khoản,0.2,Completed
O00724,PH0174,W025,2024-05-17,Net60,Chuyển khoản,0.05,Completed
O00725,PH0175,W014,2024-08-27,COD,Tiền mặt,0.0,Pending
O00726,PH0175,W025,2023-01-09,COD,Tiền mặt,0.0,Completed
O00727,PH0176,W007,2025-08-08,Net30,Thẻ,0.0,Completed
O00728,PH0177,W009,2024-11-01,COD,Tiền mặt,0.05,Completed
O00729,PH0177,W006,2022-12-28,Net30,Chuyển khoản,0.0,Completed
O00730,PH0178,W007,10-02-2021,COD,Tiền mặt,0.05,Completed
O00731,PH0180,W007,2025-02-28,COD,Tiền mặt,0.0,Cancelled
O00732,PH0181,W003,2022-09-26,COD,Tiền mặt,0.0,Completed
O00733,PH0181,W020,2023-05-27,COD,Tiền mặt,0.2,Completed
O00734,PH0181,W014,2024-02-20,,Thẻ,0.2,Completed
O00735,PH0181,W024,2022-09-15,COD,Tiền mặt,0.0,Completed
O00736,PH0181,W015,2024-03-18,COD,Tiền mặt,0.05,Completed
O00737,PH0181,W011,2024-12-03,Net30,Chuyển khoản,0.0,Completed
O00738,PH0181,W024,2023-05-17,Net30,Thẻ,0.1,Completed
O00739,PH0181,W020,2023-01-01,COD,,0.0,Completed
O00740,PH0182,W020,2025-04-24,Net30,Chuyển khoản,0.05,Completed
O00741,PH0183,W015,2025-07-31,,Tiền mặt,0.0,Pending
O00742,PH0184,W022,23/11/2025,Net30,Thẻ,,Completed
O00743,PH0184,W024,2025-08-15,COD,Tiền mặt,0.0,Completed
O00744,PH0184,W002,2023-11-23,COD,Tiền mặt,0.0,Completed
O00745,PH0184,W001,2024-04-23,COD,Tiền mặt,0.05,Completed
O00746,PH0184,W020,2024-11-22,,Thẻ,0.0,Completed
O00747,PH0185,W018,2024-05-22,Net30,Chuyển khoản,0.1,Completed
O00748,PH0185,W008,2025-09-15,,Tiền mặt,,
O00749,PH0185,W022,2025-03-15,Net30,Chuyển khoản,0.2,Completed
O00750,PH0186,W008,2024-12-02,COD,Tiền mặt,0.3,Completed
O00751,PH0186,W007,2025-07-28,Net60,Chuyển khoản,0.3,Completed
O00752,PH0187,W019,2022-09-13,Net30,Chuyển khoản,0.0,
O00753,PH0187,W014,09-26-2025,Net30,Thẻ,0.0,Completed
O00754,PH0187,W014,2024-02-15,Net30,Chuyển khoản,0.15,Completed
O00755,PH0187,W025,2022-06-26,Net30,Chuyển khoản,0.1,Completed
O00756,PH0188,W017,2025-02-08,,Tiền mặt,0.3,Completed
O00757,PH0188,W001,2024-03-28,COD,Tiền mặt,0.05,Completed
O00758,PH0188,W012,2024-03-29,COD,Tiền mặt,0.0,Pending
O00759,PH0188,W018,2024-03-20,Net30,Thẻ,0.0,Pending
O00760,PH0188,W010,2024-09-25,Net30,Chuyển khoản,0.0,Completed
O00761,PH0188,W024,2025-06-05,COD,Tiền mặt,0.15,Completed
O00762,PH0188,W022,18/03/2024,COD,Tiền mặt,0.0,Completed
O00763,PH0188,W001,2024-09-25,COD,Tiền mặt,0.05,Completed
O00764,PH0188,W012,08/07/2024,COD,Tiền mặt,0.05,Completed
O00765,PH0188,W004,2024-10-05,,Tiền mặt,0.1,Completed
O00766,PH0188,W004,2025-04-14,Net60,,0.0,Cancelled
O00767,PH0188,W021,02/11/2025,COD,Tiền mặt,0.0,Pending
O00768,PH0188,W017,2025-10-27,Net30,Chuyển khoản,0.0,Completed
O00769,PH0189,W007,11-29-2025,Net30,Chuyển khoản,0.05,Completed
O00770,PH0189,W004,06-13-2025,Net30,Chuyển khoản,0.05,Completed
O00771,PH0189,W002,2025-09-10,Net30,Chuyển khoản,0.0,
O00772,PH0189,W022,2025-10-14,Net60,Chuyển khoản,0.1,Returned
O00773,PH0189,W011,2025-09-10,COD,Tiền mặt,0.1,Completed
O00774,PH0189,W003,2025-08-06,Net30,Chuyển khoản,,Completed
O00775,PH0189,W012,2025-07-30,Net60,Chuyển khoản,0.2,Completed
O00776,PH0189,W022,2025-12-08,COD,Tiền mặt,0.1,
O00777,PH0189,W012,09-25-2025,COD,Tiền mặt,0.0,Pending
O00778,PH0189,W001,2025-07-04,Net30,Chuyển khoản,0.05,Completed
O00779,PH0189,W007,2025-06-16,COD,Tiền mặt,0.0,Completed
O00780,PH0190,W010,2025-09-16,Net30,Chuyển khoản,0.05,Completed
O00781,PH0190,W025,13/02/2025,COD,Tiền mặt,0.0,Completed
O00782,PH0190,W010,2024-12-23,Net30,Chuyển khoản,0.05,Completed
O00783,PH0190,W014,2025-12-21,Net30,Chuyển khoản,0.0,Completed
O00784,PH0190,W023,11/10/2023,COD,Tiền mặt,0.05,Completed
O00785,PH0190,W001,2025-05-24,Net30,Chuyển khoản,0.0,Pending
O00786,PH0190,W020,2024-12-21,COD,Tiền mặt,0.2,Completed
O00787,PH0190,W023,2024-12-29,COD,Tiền mặt,0.0,Completed
O00788,PH0190,W009,21/08/2025,COD,Tiền mặt,0.05,Completed
O00789,PH0190,W021,2023-11-18,COD,Tiền mặt,0.1,Completed
O00790,PH0190,W022,2023-10-26,COD,Tiền mặt,0.0,Completed
O00791,PH0190,W019,2025-02-07,Net30,Chuyển khoản,0.3,Completed
O00792,PH0190,W022,2024-11-22,COD,Tiền mặt,0.0,Pending
O00793,PH0191,W020,2025-07-12,COD,Tiền mặt,0.0,Completed
O00794,PH0191,W024,2022-11-28,Net30,Chuyển khoản,,Completed
O00795,PH0191,W024,17/04/2024,COD,Tiền mặt,0.0,Completed
O00796,PH0192,W014,2024-10-10,Net60,,0.15,Completed
O00797,PH0192,W014,13/08/2024,COD,Tiền mặt,0.05,Completed
O00798,PH0192,W008,2025-01-13,COD,Tiền mặt,0.05,Completed
O00799,PH0192,W006,2024-01-01,COD,Tiền mặt,0.2,Completed
O00800,PH0192,W007,2023-06-12,Net30,Chuyển khoản,0.15,Completed
O00801,PH0192,W016,2025-02-28,Net60,Chuyển khoản,0.0,Completed
O00802,PH0192,W012,2024-12-15,COD,Tiền mặt,0.0,Completed
O00803,PH0192,W001,2025-02-28,Net30,Thẻ,0.1,Completed
O00804,PH0192,W019,2024-02-14,Net30,Chuyển khoản,0.0,Completed
O00805,PH0192,W020,2025-03-20,COD,Bitcoin,0.0,Completed
O00806,PH0192,W007,07-04-2024,Net60,Chuyển khoản,0.0,Completed
O00807,PH0192,W002,10-24-2024,Net30,Chuyển khoản,0.0,Completed
O00808,PH0192,W021,2025-01-14,COD,Tiền mặt,0.0,Completed
O00809,PH0192,W021,2023-11-02,Net60,Chuyển khoản,0.05,
O00810,PH0192,W002,2023-09-09,COD,Tiền mặt,0.0,Completed
O00811,PH0192,W018,2025-10-09,Net30,Chuyển khoản,0.3,Completed
O00812,PH0192,W017,2024-11-08,Net30,Thẻ,0.0,Completed
O00813,PH0192,W002,2025-04-07,COD,Tiền mặt,0.3,Completed
O00814,PH0192,W020,2025-08-09,Net60,Chuyển khoản,0.2,Completed
O00815,PH0192,W017,2025-06-28,Net30,Thẻ,0.0,Completed
O00816,PH0193,W018,2020-10-26,Net30,Chuyển khoản,0.1,Completed
O00817,PH0193,W007,2024-03-21,COD,Tiền mặt,0.0,Completed
O00818,PH0193,W022,08-01-2020,Net60,Thẻ,0.0,Pending
O00819,PH0193,W003,11-03-2024,COD,Tiền mặt,0.0,Pending
O00820,PH0193,W018,2021-04-27,Net30,Thẻ,0.15,Completed
O00821,PH0193,W017,18/03/2021,Net60,Chuyển khoản,0.0,Completed
O00822,PH0193,W017,2025-04-20,Net30,Chuyển khoản,0.0,Completed
O00823,PH0193,W023,11/01/2025,Net30,Chuyển khoản,,Completed
O00824,PH0193,W021,2025-12-04,Net30,,0.1,Completed
O00825,PH0194,W014,2025-05-24,Net30,Chuyển khoản,0.0,Completed
O00826,PH0194,W008,2025-06-08,COD,Tiền mặt,0.1,Completed
O00827,PH0195,W002,2024-03-21,Net30,Chuyển khoản,0.15,Completed
O00828,PH0195,W018,2024-12-15,Net30,Chuyển khoản,0.0,Pending
O00829,PH0195,W025,11-26-2023,COD,Tiền mặt,0.0,Completed
O00830,PH0195,W001,2024-09-24,Net30,Chuyển khoản,0.0,Pending
O00831,PH0195,W008,2025-08-21,COD,Tiền mặt,0.0,Pending
O00832,PH0196,W003,2024-08-13,Net60,Thẻ,0.0,Pending
O00833,PH0196,W011,05-13-2022,COD,,0.0,Completed
O00834,PH0196,W007,16/05/2024,COD,Tiền mặt,0.0,Completed
O00835,PH0196,W005,2022-05-23,,Chuyển khoản,0.15,Completed
O00836,PH0196,W006,2024-01-27,COD,Tiền mặt,0.0,Completed
O00837,PH0196,W008,2023-04-04,COD,Tiền mặt,0.0,Completed
O00838,PH0196,W023,26/02/2023,,Tiền mặt,0.3,Completed
O00839,PH0196,W006,22/03/2022,COD,Tiền mặt,0.05,Completed
O00840,PH0196,W006,2025-01-11,,Chuyển khoản,0.0,Completed
O00841,PH0196,W001,22/11/2023,COD,Tiền mặt,0.1,Completed
O00842,PH0196,W018,2024-06-30,COD,Tiền mặt,0.0,Completed
O00843,PH0196,W006,04/03/2025,COD,Bitcoin,0.1,Completed
O00844,PH0197,W022,2022-12-14,Net60,Chuyển khoản,,
O00845,PH0197,W025,2025-04-21,Net30,Chuyển khoản,0.0,Completed
O00846,PH0197,W023,2025-12-11,COD,Tiền mặt,0.0,Cancelled
O00847,PH0197,W007,2022-11-22,Net60,Chuyển khoản,0.05,Completed
O00848,PH0197,W012,2025-04-03,COD,Tiền mặt,0.3,
O00849,PH0197,W005,10/12/2022,,Tiền mặt,0.1,Completed
O00850,PH0197,W006,09-30-2023,Net30,Chuyển khoản,0.0,Completed
O00851,PH0198,W007,2022-08-14,Net30,Chuyển khoản,0.05,Completed
O00852,PH0198,W002,10-11-2024,COD,Tiền mặt,0.0,Completed
O00853,PH0198,W024,2024-01-21,Net30,Thẻ,0.05,Completed
O00854,PH0198,W010,2023-01-10,COD,Tiền mặt,0.0,Pending
O00855,PH0198,W006,2022-12-07,COD,Tiền mặt,0.15,Completed
O00856,PH0198,W005,2022-08-31,COD,Tiền mặt,0.05,Completed
O00857,PH0199,W006,13/04/2024,COD,Tiền mặt,0.0,Pending
O00858,PH0199,W022,06-15-2024,COD,Tiền mặt,0.0,Completed
O00859,PH0200,W004,07/11/2024,COD,Tiền mặt,0.0,Returned
O00860,PH0201,W008,2022-12-02,COD,Tiền mặt,0.0,Completed
O00861,PH0201,W004,2023-02-28,COD,Tiền mặt,0.05,Completed
O00862,PH0201,W023,2022-11-15,Net60,Chuyển khoản,0.0,Completed
O00863,PH0202,W021,2023-10-03,COD,Tiền mặt,0.05,Completed
O00864,PH0202,W002,11-17-2023,COD,Tiền mặt,0.15,Completed
O00865,PH0202,W002,2024-05-11,COD,Tiền mặt,0.05,Completed
O00866,PH0203,W002,10/02/2023,Net30,Chuyển khoản,0.0,Returned
O00867,PH0203,W013,2023-12-31,COD,Tiền mặt,0.0,Completed
O00868,PH0203,W004,2024-03-29,COD,Tiền mặt,0.05,Completed
O00869,PH0203,W007,2025-07-21,COD,Tiền mặt,0.0,Completed
O00870,PH0203,W004,2025-01-28,Net30,Bitcoin,0.0,Cancelled
O00871,PH0204,W009,2021-12-15,,Tiền mặt,0.1,Completed
O00872,PH0204,W016,2021-06-21,COD,Tiền mặt,0.15,Completed
O00873,PH0204,W013,31/03/2024,,Chuyển khoản,0.1,Completed
O00874,PH0204,W009,07-02-2021,Net60,Chuyển khoản,0.1,Completed
O00875,PH0204,W019,14/01/2025,COD,Tiền mặt,0.0,Completed
O00876,PH0204,W006,2021-12-23,Net30,Chuyển khoản,0.05,Completed
O00877,PH0204,W010,2023-06-15,COD,Tiền mặt,0.05,Completed
O00878,PH0204,W002,2022-06-19,Net30,Thẻ,0.0,Completed
O00879,PH0204,W009,2022-02-09,Net30,Chuyển khoản,0.0,Completed
O00880,PH0205,W024,2024-10-25,COD,Tiền mặt,0.15,Completed
O00881,PH0205,W004,2025-05-17,,Chuyển khoản,,Pending
O00882,PH0205,W017,2025-04-19,COD,Tiền mặt,,Completed
O00883,PH0205,W021,2025-11-30,Net30,Chuyển khoản,0.0,Completed
O00884,PH0205,W016,2025-07-29,Net30,Chuyển khoản,0.0,Cancelled
O00885,PH0205,W023,2024-10-21,Net30,Chuyển khoản,0.15,Completed
O00886,PH0206,W019,2025-03-24,Net60,Chuyển khoản,0.2,Completed
O00887,PH0206,W013,2025-12-18,COD,Tiền mặt,0.2,Completed
O00888,PH0208,W008,2024-05-06,COD,Tiền mặt,0.0,Pending
O00889,PH0208,W024,2025-09-27,COD,Tiền mặt,0.15,Completed
O00890,PH0209,W023,12-16-2024,COD,,0.0,Pending
O00891,PH0209,W022,2025-01-26,COD,Tiền mặt,0.0,Completed
O00892,PH0209,W015,2021-12-09,Net30,Chuyển khoản,0.15,Completed
O00893,PH0209,W003,14/04/2024,COD,Tiền mặt,0.05,Completed
O00894,PH0209,W011,2025-09-07,COD,Tiền mặt,0.0,Cancelled
O00895,PH0209,W007,2023-06-15,COD,Tiền mặt,0.05,
O00896,PH0209,W017,2025-10-23,Net60,Chuyển khoản,0.2,Completed
O00897,PH0209,W015,2025-05-04,Net60,Chuyển khoản,0.05,Completed
O00898,PH0209,W008,2023-10-11,COD,Tiền mặt,0.15,Returned
O00899,PH0210,W014,2022-11-05,COD,Tiền mặt,0.1,Completed
O00900,PH0210,W010,03-03-2024,Net60,Chuyển khoản,0.0,Completed
O00901,PH0210,W006,2025-01-02,Net30,Chuyển khoản,0.1,Completed
O00902,PH0210,W018,2022-12-27,Net30,Thẻ,0.1,Completed
O00903,PH0210,W004,2021-10-09,Net30,Chuyển khoản,0.15,Completed
O00904,PH0210,W007,12-07-2023,Net60,Chuyển khoản,0.0,Completed
O00905,PH0210,W018,2025-03-21,Net30,Chuyển khoản,0.0,Completed
O00906,PH0210,W020,2022-08-19,COD,Tiền mặt,0.0,Cancelled
O00907,PH0210,W007,2024-10-04,Net30,Chuyển khoản,0.05,Completed
O00908,PH0211,W014,2024-03-10,Net60,Chuyển khoản,0.15,Completed
O00909,PH0211,W001,2025-10-18,COD,Tiền mặt,0.0,Completed
O00910,PH0212,W022,2025-10-04,Net60,Chuyển khoản,0.0,Completed
O00911,PH0213,W022,2024-11-24,Net60,Thẻ,0.0,Pending
O00912,PH0213,W020,2025-04-07,COD,Tiền mặt,0.1,Completed
O00913,PH0213,W021,2024-11-22,Net60,Thẻ,0.1,Completed
O00914,PH0214,W009,2023-09-26,COD,Tiền mặt,0.1,Completed
O00915,PH0214,W001,2025-02-18,Net30,Chuyển khoản,0.1,Completed
O00916,PH0214,W025,2025-07-21,COD,Tiền mặt,0.0,Completed
O00917,PH0214,W015,09/03/2024,COD,Tiền mặt,0.0,Cancelled
O00918,PH0216,W018,2024-10-19,Net30,Chuyển khoản,0.05,Completed
O00919,PH0216,W005,2024-12-07,COD,Tiền mặt,,Completed
O00920,PH0216,W001,10-02-2024,Net60,Chuyển khoản,0.0,Cancelled
O00921,PH0216,W018,07-24-2025,Net60,Thẻ,0.0,Completed
O00922,PH0216,W011,2025-02-28,COD,Tiền mặt,,Pending
O00923,PH0216,W011,2025-06-04,Net30,Chuyển khoản,0.2,Completed
O00924,PH0217,W014,2025-05-09,Net60,Chuyển khoản,0.0,Completed
O00925,PH0217,W010,2025-01-28,COD,Tiền mặt,0.1,Completed
O00926,PH0217,W021,2025-10-11,Net60,Chuyển khoản,0.05,Completed
O00927,PH0217,W009,29/06/2024,Net30,Chuyển khoản,0.0,Completed
O00928,PH0217,W018,2025-07-02,COD,Tiền mặt,0.0,Completed
O00929,PH0217,W007,09-16-2024,Net30,Thẻ,0.15,Completed
O00930,PH0217,W012,2025-12-15,Net30,Chuyển khoản,0.05,Completed
O00931,PH0218,W008,2024-12-29,Net30,Chuyển khoản,0.05,Completed
O00932,PH0218,W001,2025-05-31,Net30,Chuyển khoản,0.0,Completed
O00933,PH0218,W011,16/10/2024,Net30,Chuyển khoản,0.0,Completed
O00934,PH0218,W016,2025-04-04,COD,Tiền mặt,,Completed
O00935,PH0218,W003,10-10-2024,COD,Tiền mặt,0.15,Completed
O00936,PH0218,W008,2025-06-08,COD,,0.0,Pending
O00937,PH0219,W007,2022-12-29,COD,Tiền mặt,0.05,Returned
O00938,PH0221,W021,02/12/2024,Net30,Chuyển khoản,0.3,Completed
O00939,PH0222,W002,2024-08-06,Net30,Chuyển khoản,0.2,Completed
O00940,PH0222,W002,02-14-2024,Net60,Chuyển khoản,0.0,Completed
O00941,PH0223,W021,04-26-2022,Net60,Chuyển khoản,0.0,Cancelled
O00942,PH0224,W025,28/09/2025,COD,Tiền mặt,0.05,Completed
O00943,PH0224,W016,2025-08-14,COD,Tiền mặt,0.1,Completed
O00944,PH0224,W016,2025-08-28,Net30,Chuyển khoản,0.0,Completed
O00945,PH0224,W025,2025-07-04,COD,Tiền mặt,0.0,Completed
O00946,PH0224,W013,08/07/2025,Net30,Thẻ,0.0,Completed
O00947,PH0224,W005,2025-09-28,Net30,Chuyển khoản,0.0,Completed
O00948,PH0224,W003,2025-10-08,Net30,Chuyển khoản,0.0,Completed
O00949,PH0224,W011,02/07/2025,COD,Tiền mặt,0.0,Completed
O00950,PH0225,W009,02-02-2024,Net30,Chuyển khoản,0.05,Completed
O00951,PH0225,W016,01/12/2024,Net60,Chuyển khoản,0.0,Completed
O00952,PH0225,W015,2024-11-19,Net30,Chuyển khoản,0.0,Completed
O00953,PH0225,W023,2025-03-05,Net30,Thẻ,0.1,Completed
O00954,PH0225,W016,2025-04-23,COD,Tiền mặt,0.1,Completed
O00955,PH0225,W003,17/06/2025,COD,Tiền mặt,0.0,Completed
O00956,PH0225,W007,2025-10-08,Net60,Thẻ,0.05,Completed
O00957,PH0225,W008,2025-01-09,COD,Tiền mặt,0.0,Pending
O00958,PH0229,W022,2025-08-07,COD,Tiền mặt,0.2,Completed
O00959,PH0229,W007,2022-08-11,Net30,Chuyển khoản,0.0,Completed
O00960,PH0230,W006,2025-11-25,,Chuyển khoản,0.05,Returned
O00961,PH0231,W019,2025-02-25,Net30,Chuyển khoản,,Completed
O00962,PH0231,W007,2024-12-10,COD,,0.0,Pending
O00963,PH0231,W025,2024-07-31,Net30,Chuyển khoản,0.05,Completed
O00964,PH0231,W022,2025-02-04,COD,Tiền mặt,0.0,Completed
O00965,PH0231,W020,2024-08-13,Net30,Thẻ,0.2,Completed
O00966,PH0231,W021,2025-09-08,COD,Tiền mặt,0.05,
O00967,PH0231,W017,2025-03-22,Net60,Chuyển khoản,0.15,Completed
O00968,PH0231,W007,2024-07-07,COD,Tiền mặt,0.0,Completed
O00969,PH0231,W007,2024-08-07,COD,Tiền mặt,0.0,Pending
O00970,PH0232,W017,2025-02-22,Net30,Chuyển khoản,0.1,Completed
O00971,PH0232,W022,2023-04-24,Net30,Chuyển khoản,0.0,Completed
O00972,PH0232,W022,15/08/2024,COD,Tiền mặt,0.1,Completed
O00973,PH0232,W016,2025-09-17,Net30,Chuyển khoản,0.05,Returned
O00974,PH0232,W020,2024-07-28,Net30,Chuyển khoản,0.05,Completed
O00975,PH0232,W007,11-03-2023,Net30,Chuyển khoản,0.05,Completed
O00976,PH0232,W022,2023-09-16,COD,Tiền mặt,0.15,Completed
O00977,PH0232,W021,2024-01-05,Net30,Chuyển khoản,0.05,Completed
O00978,PH0232,W013,2025-01-11,Net30,Bitcoin,0.1,Completed
O00979,PH0232,W022,2023-10-03,Net30,Thẻ,0.0,Completed
O00980,PH0232,W024,2024-02-27,Net60,Chuyển khoản,0.2,Completed
O00981,PH0232,W019,2025-04-27,COD,Tiền mặt,0.0,Completed
O00982,PH0232,W005,2025-01-11,,Chuyển khoản,0.3,Completed
O00983,PH0232,W020,01-12-2024,Net60,Chuyển khoản,0.0,Cancelled
O00984,PH0232,W013,2024-06-22,Net60,Chuyển khoản,0.0,Completed
O00985,PH0232,W020,2025-08-26,Net60,Chuyển khoản,0.0,Cancelled
O00986,PH0234,W017,2025-07-12,COD,Tiền mặt,0.0,Completed
O00987,PH0234,W016,2025-08-03,COD,Tiền mặt,,Completed
O00988,PH0234,W025,2025-05-04,Net30,Chuyển khoản,0.1,Completed
O00989,PH0235,W007,14/04/2023,COD,Tiền mặt,0.0,Cancelled
O00990,PH0235,W025,2025-08-06,Net30,Chuyển khoản,0.0,Completed
O00991,PH0236,W005,23/08/2025,Net30,Chuyển khoản,0.1,Completed
O00992,PH0236,W025,2025-10-07,COD,Tiền mặt,0.0,Completed
O00993,PH0236,W008,2025-09-16,Net60,Chuyển khoản,0.2,Completed
O00994,PH0236,W016,2025-03-12,Net60,Chuyển khoản,0.1,Completed
O00995,PH0236,W020,2025-12-30,COD,Tiền mặt,0.0,Completed
O00996,PH0236,W015,2025-02-21,COD,Tiền mặt,0.0,Completed
O00997,PH0236,W004,2024-12-17,COD,Tiền mặt,0.05,Completed
O00998,PH0236,W009,2025-07-20,,Tiền mặt,0.1,Completed
O00999,PH0236,W014,2025-07-11,Net30,Chuyển khoản,0.0,Completed
O01000,PH0236,W006,2025-08-29,Net30,Thẻ,0.0,Pending
O01001,PH0236,W004,2025-06-15,COD,Tiền mặt,0.0,Cancelled
O01002,PH0237,W025,2024-12-07,Net30,Bitcoin,0.05,Completed
O01003,PH0237,W013,2025-03-03,COD,Tiền mặt,0.0,Pending
O01004,PH0238,W005,2025-03-12,Net60,Chuyển khoản,0.1,Returned
O01005,PH0238,W002,2025-10-29,Net30,Thẻ,0.05,Completed
O01006,PH0239,W022,2025-07-08,COD,Tiền mặt,0.0,Pending
O01007,PH0240,W016,09-25-2024,COD,Tiền mặt,0.0,Completed
O01008,PH0240,W002,20/12/2023,Net30,Chuyển khoản,0.0,Pending
O01009,PH0240,W022,2023-04-21,,Chuyển khoản,0.1,Completed
O01010,PH0243,W013,2024-02-21,,Chuyển khoản,0.1,Completed
O01011,PH0244,W020,2023-09-18,COD,Tiền mặt,0.1,Completed
O01012,PH0245,W008,2025-11-14,Net60,Chuyển khoản,0.2,Completed
O01013,PH0245,W010,2025-11-21,Net30,,0.0,Completed
O01014,PH0245,W012,2025-10-12,Net30,Chuyển khoản,0.0,Pending
O01015,PH0245,W013,2025-09-17,Net60,Thẻ,,Completed
O01016,PH0246,W011,2024-07-17,COD,Tiền mặt,,Completed
O01017,PH0246,W001,08-13-2025,COD,Tiền mặt,0.2,Completed
O01018,PH0246,W013,2024-09-21,Net30,Chuyển khoản,0.0,
O01019,PH0246,W006,2025-12-06,Net30,Chuyển khoản,0.1,Completed
O01020,PH0246,W004,2025-08-29,COD,Tiền mặt,0.15,Completed
O01021,PH0246,W013,2023-09-28,Net30,Chuyển khoản,0.1,Completed
O01022,PH0246,W004,2025-02-04,COD,Tiền mặt,0.0,Cancelled
O01023,PH0246,W010,2024-12-09,COD,Tiền mặt,0.05,Completed
O01024,PH0246,W021,2025-04-14,,Chuyển khoản,0.0,Completed
O01025,PH0246,W016,2023-08-27,Net30,Thẻ,0.0,Pending
O01026,PH0246,W006,09/02/2025,Net60,Chuyển khoản,0.1,Completed
O01027,PH0246,W024,2025-10-17,COD,Tiền mặt,,Completed
O01028,PH0246,W011,2025-01-29,COD,Tiền mặt,0.0,
O01029,PH0246,W012,2024-05-29,COD,Tiền mặt,0.0,
O01030,PH0247,W022,29/06/2024,Net30,Chuyển khoản,0.15,Completed
O01031,PH0247,W023,2023-12-10,COD,Tiền mặt,0.0,Completed
O01032,PH0247,W024,27/07/2021,COD,Tiền mặt,0.0,Completed
O01033,PH0247,W009,2021-08-31,Net30,Chuyển khoản,0.05,Completed
O01034,PH0247,W013,2025-12-26,COD,Tiền mặt,0.0,Completed
O01035,PH0248,W015,2022-01-13,Net60,Chuyển khoản,0.0,Pending
O01036,PH0249,W025,06/07/2025,COD,Tiền mặt,0.0,Completed
O01037,PH0249,W023,28/06/2025,Net30,Chuyển khoản,0.1,Completed
O01038,PH0250,W023,2024-05-26,COD,Tiền mặt,0.0,Cancelled
O01039,PH0250,W020,09-05-2024,COD,Tiền mặt,0.05,Completed
O01040,PH0250,W007,06-15-2025,COD,Tiền mặt,0.0,
O01041,PH0250,W013,2024-09-16,COD,Tiền mặt,,Completed
O01042,PH0250,W018,2025-09-01,Net30,Chuyển khoản,,Cancelled
O01043,PH0250,W020,2025-12-07,Net30,Chuyển khoản,0.15,Returned
O01044,PH0250,W022,2024-12-19,,Tiền mặt,0.15,Completed
O01045,PH0250,W019,2025-01-18,Net30,,0.1,Completed
O01046,PH0250,W016,06-18-2024,COD,Tiền mặt,0.15,Completed
O01047,PH0250,W012,2025-07-23,COD,Tiền mặt,0.0,Cancelled
O01048,PH0250,W006,2025-02-10,Net30,Chuyển khoản,0.0,Completed
O01049,PH0250,W005,26/09/2025,Net30,Chuyển khoản,0.0,Pending
O01050,PH0250,W021,2024-07-28,COD,Tiền mặt,0.1,Completed
O01051,PH0250,W020,2024-11-09,COD,Tiền mặt,0.05,
O01052,PH0250,W016,04-29-2025,,Chuyển khoản,0.0,Completed
O01053,PH0250,W015,2025-01-16,Net30,Thẻ,0.0,Completed
O01054,PH0250,W019,2025-08-22,COD,Tiền mặt,0.0,Pending
O01055,PH0251,W020,2023-05-20,COD,Tiền mặt,0.0,
O01056,PH0252,W016,2025-03-27,Net30,Chuyển khoản,0.05,Completed
O01057,PH0252,W008,2023-01-13,Net30,Chuyển khoản,0.0,Completed
O01058,PH0252,W025,2022-02-07,COD,Tiền mặt,0.15,Completed
O01059,PH0252,W021,2024-01-10,COD,Tiền mặt,0.0,Cancelled
O01060,PH0253,W011,2025-07-24,COD,Tiền mặt,0.05,Completed
O01061,PH0253,W018,2025-12-16,COD,Tiền mặt,0.0,Completed
O01062,PH0253,W003,2025-05-30,COD,Tiền mặt,0.0,Completed
O01063,PH0253,W004,2023-09-22,Net30,Chuyển khoản,0.0,Cancelled
O01064,PH0253,W007,2025-03-31,Net60,Chuyển khoản,0.0,Completed
O01065,PH0253,W018,2023-05-14,COD,Tiền mặt,0.0,Pending
O01066,PH0253,W001,2020-11-03,COD,Tiền mặt,0.0,Completed
O01067,PH0253,W012,2021-12-18,Net30,Thẻ,0.05,Completed
O01068,PH0253,W023,2020-06-09,COD,Tiền mặt,0.3,Completed
O01069,PH0253,W023,01-19-2021,Net30,Chuyển khoản,0.05,Completed
O01070,PH0253,W024,2023-10-05,Net30,Chuyển khoản,0.05,Completed
O01071,PH0254,W025,09-05-2025,Net30,Chuyển khoản,0.0,Completed
O01072,PH0254,W014,2025-07-03,Net30,Chuyển khoản,0.0,Completed
O01073,PH0254,W002,2025-07-22,COD,Tiền mặt,0.1,Completed
O01074,PH0254,W025,2025-09-29,Net30,Chuyển khoản,0.1,Completed
O01075,PH0254,W010,2025-07-07,COD,Tiền mặt,,Cancelled
O01076,PH0254,W022,2025-12-20,Net30,Chuyển khoản,0.0,Pending
O01077,PH0255,W004,2025-12-17,COD,Tiền mặt,0.0,Pending
O01078,PH0255,W004,2025-04-05,Net30,Chuyển khoản,0.0,Completed
O01079,PH0255,W014,2025-12-09,Net30,Chuyển khoản,0.0,Cancelled
O01080,PH0255,W003,31/01/2025,COD,Tiền mặt,0.1,Completed
O01081,PH0255,W019,28/12/2024,COD,Bitcoin,0.2,
O01082,PH0255,W006,2025-11-03,Net30,Chuyển khoản,,
O01083,PH0255,W014,2025-11-12,Net30,Thẻ,0.2,Completed
O01084,PH0257,W002,2023-02-02,Net30,Thẻ,0.15,Completed
O01085,PH0257,W001,2022-02-16,Net30,Chuyển khoản,0.0,Completed
O01086,PH0257,W013,2023-07-09,Net30,Chuyển khoản,,Completed
O01087,PH0257,W009,2024-05-30,COD,Tiền mặt,0.0,Completed
O01088,PH0257,W003,2022-11-10,Net30,Chuyển khoản,0.0,Cancelled
O01089,PH0257,W011,2023-07-01,COD,Tiền mặt,0.0,Cancelled
O01090,PH0257,W017,2022-04-19,COD,Tiền mặt,0.2,Completed
O01091,PH0258,W001,2025-09-20,COD,Tiền mặt,0.15,Completed
O01092,PH0258,W015,05-09-2025,COD,Tiền mặt,,Completed
O01093,PH0258,W006,2024-04-01,COD,,0.15,Completed
O01094,PH0258,W022,2025-11-08,COD,Tiền mặt,0.0,
O01095,PH0259,W018,2024-01-12,COD,Tiền mặt,0.2,Completed
O01096,PH0259,W018,2025-03-31,Net30,Thẻ,0.15,Completed
O01097,PH0259,W002,2025-12-01,Net30,Chuyển khoản,0.2,
O01098,PH0259,W012,2023-02-26,Net30,Chuyển khoản,0.2,Completed
O01099,PH0259,W020,2025-03-17,COD,Tiền mặt,0.1,Completed
O01100,PH0259,W025,2023-11-20,Net30,Thẻ,0.05,Completed
O01101,PH0260,W012,2024-07-08,COD,Tiền mặt,0.05,Completed
O01102,PH0261,W023,2025-02-21,Net30,Chuyển khoản,0.05,Completed
O01103,PH0261,W013,16/11/2025,Net30,Chuyển khoản,,Completed
O01104,PH0261,W001,2024-07-19,Net60,Thẻ,0.0,Completed
O01105,PH0261,W018,2023-11-13,COD,Tiền mặt,0.1,Completed
O01106,PH0261,W001,2023-09-28,Net60,Chuyển khoản,0.0,
O01107,PH0261,W014,2025-10-23,COD,Tiền mặt,0.15,Completed
O01108,PH0261,W013,2023-10-01,COD,Tiền mặt,0.0,Completed
O01109,PH0261,W008,2025-05-20,Net30,Chuyển khoản,0.15,Completed
O01110,PH0261,W008,2024-06-14,COD,Tiền mặt,0.1,Completed
O01111,PH0262,W009,09/10/2022,,Tiền mặt,0.0,Completed
O01112,PH0262,W008,2025-04-11,Net60,Thẻ,0.3,Completed
O01113,PH0262,W009,2023-07-22,Net60,Thẻ,0.0,Completed
O01114,PH0263,W018,14/11/2024,COD,Tiền mặt,0.0,Completed
O01115,PH0263,W012,2025-09-21,Net30,Thẻ,0.15,Completed
O01116,PH0263,W022,2025-06-18,COD,Tiền mặt,0.1,Completed
O01117,PH0263,W003,2025-11-03,COD,Tiền mặt,0.3,Completed
O01118,PH0263,W019,2024-08-26,COD,Tiền mặt,0.0,Completed
O01119,PH0264,W015,06/08/2023,COD,Tiền mặt,0.0,Completed
O01120,PH0264,W025,2024-04-06,Net60,Chuyển khoản,0.1,Completed
O01121,PH0264,W021,2024-11-06,COD,Tiền mặt,0.0,Pending
O01122,PH0264,W019,2024-06-20,COD,Tiền mặt,0.15,Completed
O01123,PH0264,W011,10/12/2024,Net30,Chuyển khoản,0.0,Completed
O01124,PH0264,W008,2023-01-26,,Chuyển khoản,0.0,Cancelled
O01125,PH0264,W024,2024-05-02,Net60,Chuyển khoản,0.0,Completed
O01126,PH0264,W006,08/01/2025,Net30,Chuyển khoản,0.0,Completed
O01127,PH0264,W020,2024-06-22,,Tiền mặt,0.15,Completed
O01128,PH0264,W016,2023-11-18,Net60,Bitcoin,0.15,Completed
O01129,PH0264,W015,17/03/2023,COD,Tiền mặt,0.05,Completed
O01130,PH0265,W006,2021-02-23,COD,,0.1,Completed
O01131,PH0265,W022,2022-03-14,Net60,Chuyển khoản,0.3,Completed
O01132,PH0266,W015,26/12/2024,COD,Tiền mặt,0.0,Completed
O01133,PH0266,W012,2023-07-11,Net30,Chuyển khoản,0.1,Completed
O01134,PH0266,W023,2023-12-12,COD,Tiền mặt,0.0,Completed
O01135,PH0266,W022,2024-11-03,COD,Tiền mặt,0.0,Completed
O01136,PH0266,W004,2023-01-16,COD,Tiền mặt,0.0,Cancelled
O01137,PH0266,W023,09-28-2025,COD,Tiền mặt,0.1,Completed
O01138,PH0266,W024,05-13-2025,COD,Tiền mặt,0.1,Returned
O01139,PH0266,W021,03-02-2023,Net30,Thẻ,0.15,Completed
O01140,PH0266,W006,2024-01-05,COD,Tiền mặt,0.0,Pending
O01141,PH0266,W022,2025-11-18,Net30,Chuyển khoản,0.0,Pending
O01142,PH0266,W004,10-27-2024,Net60,Thẻ,0.1,Completed
O01143,PH0266,W010,08-26-2023,COD,Tiền mặt,0.15,Completed
O01144,PH0267,W016,03-06-2025,Net60,Chuyển khoản,0.1,Completed
O01145,PH0267,W012,2025-12-06,Net30,Chuyển khoản,0.0,Completed
O01146,PH0267,W025,2024-12-16,COD,Tiền mặt,0.15,Completed
O01147,PH0267,W008,2025-12-14,Net60,Chuyển khoản,0.05,Completed
O01148,PH0267,W020,2024-12-10,Net30,Thẻ,0.15,Completed
O01149,PH0267,W011,01-05-2025,COD,Tiền mặt,0.15,Completed
O01150,PH0267,W006,2024-12-06,COD,Tiền mặt,0.15,Completed
O01151,PH0267,W006,2025-11-13,Net60,Chuyển khoản,0.0,Completed
O01152,PH0267,W018,19/01/2025,Net30,Chuyển khoản,0.1,Completed
O01153,PH0268,W010,2024-11-24,Net30,Chuyển khoản,0.3,Completed
O01154,PH0268,W005,2025-12-04,COD,Tiền mặt,0.1,Completed
O01155,PH0268,W011,2025-03-25,Net30,Chuyển khoản,0.0,Completed
O01156,PH0269,W016,2025-06-12,Net60,Chuyển khoản,0.0,Completed
O01157,PH0269,W002,2023-10-29,COD,Tiền mặt,,Completed
O01158,PH0269,W022,2023-07-07,COD,Tiền mặt,0.1,Completed
O01159,PH0269,W012,2025-10-16,Net30,Chuyển khoản,0.0,Cancelled
O01160,PH0269,W008,2025-02-01,COD,Tiền mặt,0.2,Completed
O01161,PH0269,W007,2025-01-18,COD,Tiền mặt,,Pending
O01162,PH0269,W017,2025-01-17,COD,Tiền mặt,0.2,Returned
O01163,PH0269,W020,2023-06-19,Net60,Thẻ,0.0,Completed
O01164,PH0270,W012,2020-09-11,COD,Tiền mặt,0.0,Completed
O01165,PH0270,W011,2023-07-01,COD,Tiền mặt,0.1,Completed
O01166,PH0271,W013,2025-03-14,COD,Tiền mặt,0.05,Completed
O01167,PH0271,W020,2025-06-24,Net60,Thẻ,0.1,Completed
O01168,PH0271,W014,2025-08-14,Net30,Thẻ,0.15,Completed
O01169,PH0271,W004,10-12-2025,COD,Tiền mặt,0.0,Completed
O01170,PH0271,W012,2025-11-11,COD,Tiền mặt,0.05,Completed
O01171,PH0271,W020,18/04/2025,Net30,Chuyển khoản,0.15,Completed
O01172,PH0272,W017,03/07/2025,COD,Tiền mặt,0.05,Completed
O01173,PH0274,W025,2024-06-26,Net60,Chuyển khoản,0.0,Completed
O01174,PH0274,W006,2023-05-30,Net30,Thẻ,0.0,Completed
O01175,PH0274,W020,2025-03-28,Net30,Chuyển khoản,0.0,
O01176,PH0274,W020,2025-05-02,Net60,Chuyển khoản,0.0,Completed
O01177,PH0274,W002,2025-11-09,Net30,Chuyển khoản,0.0,Completed
O01178,PH0274,W023,11/01/2024,COD,Tiền mặt,0.05,Returned
O01179,PH0274,W025,2024-03-31,,Tiền mặt,0.1,Returned
O01180,PH0275,W005,17/08/2025,COD,Tiền mặt,0.0,Completed
O01181,PH0275,W005,2025-05-22,Net30,Chuyển khoản,0.0,Pending
O01182,PH0275,W006,2025-11-23,Net30,Chuyển khoản,0.0,Cancelled
O01183,PH0275,W019,2025-09-25,Net30,Chuyển khoản,0.0,Completed
O01184,PH0275,W018,2025-08-30,COD,Tiền mặt,0.1,Completed
O01185,PH0275,W019,07-11-2025,Net60,Chuyển khoản,0.0,Completed
O01186,PH0275,W020,2025-04-29,COD,Tiền mặt,0.15,Completed
O01187,PH0275,W013,05/12/2025,COD,Tiền mặt,0.0,Pending
O01188,PH0275,W010,2025-09-19,COD,Tiền mặt,0.0,Completed
O01189,PH0275,W004,08/04/2025,Net60,Thẻ,0.0,Cancelled
O01190,PH0275,W015,2025-07-01,COD,Tiền mặt,0.1,Completed
O01191,PH0275,W002,2025-03-26,COD,Tiền mặt,0.1,Completed
O01192,PH0275,W017,2025-10-26,Net30,Chuyển khoản,0.0,Returned
O01193,PH0275,W025,2025-08-17,COD,Tiền mặt,0.0,Cancelled
O01194,PH0275,W001,2025-12-27,Net60,Chuyển khoản,0.0,Completed
O01195,PH0276,W019,21/09/2024,Net30,Chuyển khoản,0.2,Completed
O01196,PH0277,W003,2023-02-26,Net30,Chuyển khoản,0.2,Returned
O01197,PH0277,W021,2025-07-10,Net30,Chuyển khoản,0.0,Completed
O01198,PH0277,W008,2023-09-21,COD,Tiền mặt,0.2,Completed
O01199,PH0278,W016,05-09-2025,Net30,Chuyển khoản,0.0,Completed
O01200,PH0278,W004,2024-12-17,Net60,Chuyển khoản,0.1,Completed
O01201,PH0278,W018,2025-01-05,Net30,Chuyển khoản,0.0,Pending
O01202,PH0279,W024,2025-02-06,Net30,Chuyển khoản,0.0,Completed
O01203,PH0279,W004,2025-07-19,Net30,Chuyển khoản,0.2,Completed
O01204,PH0279,W025,2025-02-18,COD,Tiền mặt,0.0,Completed
O01205,PH0279,W003,2024-06-29,Net30,Thẻ,0.05,Completed
O01206,PH0279,W020,2024-10-30,Net30,Thẻ,0.2,Completed
O01207,PH0279,W014,2025-09-22,COD,Tiền mặt,0.0,Completed
O01208,PH0279,W015,2024-12-02,COD,Tiền mặt,0.0,Completed
O01209,PH0279,W016,2025-10-05,,Tiền mặt,0.1,Completed
O01210,PH0279,W019,2025-04-20,COD,Tiền mặt,0.05,Completed
O01211,PH0280,W017,2023-12-25,Net30,,0.05,Completed
O01212,PH0280,W018,02-24-2023,Net60,Chuyển khoản,0.3,
O01213,PH0280,W021,2022-09-20,COD,Tiền mặt,0.15,Completed
O01214,PH0280,W015,2025-03-18,Net30,Chuyển khoản,0.1,Completed
O01215,PH0280,W013,2023-09-15,COD,Tiền mặt,0.0,Completed
O01216,PH0281,W019,04/05/2025,Net60,Thẻ,0.1,Completed
O01217,PH0282,W025,2025-08-23,COD,,0.0,Completed
O01218,PH0282,W001,2024-06-15,Net30,Chuyển khoản,,Cancelled
O01219,PH0282,W007,2024-07-22,COD,Tiền mặt,0.0,Completed
O01220,PH0282,W007,2024-05-29,COD,Tiền mặt,0.1,Completed
O01221,PH0282,W001,08-08-2024,COD,Tiền mặt,0.0,Completed
O01222,PH0283,W011,04-12-2024,Net30,Chuyển khoản,0.15,Completed
O01223,PH0283,W009,2025-09-01,COD,Tiền mặt,0.0,Completed
O01224,PH0284,W008,2022-02-21,Net60,Chuyển khoản,0.0,
O01225,PH0284,W017,2025-01-27,Net30,Chuyển khoản,0.05,Completed
O01226,PH0284,W005,2022-11-07,COD,,0.1,Completed
O01227,PH0286,W011,2025-04-06,COD,Tiền mặt,0.0,Pending
O01228,PH0286,W001,2025-01-23,Net30,Chuyển khoản,0.0,Pending
O01229,PH0287,W019,2025-04-27,Net30,Chuyển khoản,,Completed
O01230,PH0288,W017,2025-03-27,Net60,Thẻ,0.1,
O01231,PH0288,W008,2025-05-14,COD,Tiền mặt,0.3,Completed
O01232,PH0289,W017,2020-06-06,COD,Tiền mặt,0.1,Completed
O01233,PH0289,W014,2023-06-14,,Chuyển khoản,0.0,Completed
O01234,PH0289,W015,05-14-2023,COD,Tiền mặt,0.0,Completed
O01235,PH0291,W024,2025-02-04,COD,Tiền mặt,0.2,Completed
O01236,PH0291,W011,2024-12-04,Net60,Thẻ,,Completed
O01237,PH0291,W023,2025-02-05,COD,Tiền mặt,0.0,
O01238,PH0291,W009,2025-10-06,COD,Tiền mặt,0.05,Returned
O01239,PH0291,W002,2024-08-30,COD,Tiền mặt,0.2,Completed
O01240,PH0292,W003,2023-10-05,Net30,Chuyển khoản,0.0,Completed
O01241,PH0292,W009,08-04-2025,Net30,Thẻ,0.1,Completed
O01242,PH0292,W010,2024-03-24,COD,Tiền mặt,0.05,Completed
O01243,PH0292,W016,2025-07-04,COD,,0.1,
O01244,PH0292,W011,2024-02-28,Net30,Chuyển khoản,0.0,Completed
O01245,PH0294,W010,2024-10-29,,Tiền mặt,0.2,Completed
O01246,PH0294,W020,08-29-2021,Net30,Chuyển khoản,0.05,Completed
O01247,PH0294,W013,2021-12-10,Net60,Chuyển khoản,0.0,Completed
O01248,PH0295,W024,2025-04-06,COD,Tiền mặt,0.1,Completed
O01249,PH0295,W011,2025-07-05,,Tiền mặt,0.15,Completed
O01250,PH0295,W005,10-08-2025,Net60,Chuyển khoản,0.15,Completed
O01251,PH0295,W012,2025-01-02,,Chuyển khoản,0.05,Completed
O01252,PH0295,W005,2025-05-21,COD,Tiền mặt,0.0,Pending
O01253,PH0295,W008,2025-12-10,,Chuyển khoản,0.0,
O01254,PH0295,W008,2025-02-12,Net60,,0.1,Completed
O01255,PH0296,W004,2023-05-08,Net30,Thẻ,0.05,Completed
O01256,PH0296,W025,2023-09-30,COD,Tiền mặt,0.15,Completed
O01257,PH0296,W022,2024-11-26,COD,Tiền mặt,0.3,Completed
O01258,PH0296,W005,2023-06-20,,Chuyển khoản,0.15,Completed
O01259,PH0296,W015,2025-11-17,COD,Tiền mặt,0.05,Completed
O01260,PH0296,W013,2023-04-23,COD,Tiền mặt,0.05,Completed
O01261,PH0296,W008,2023-09-10,Net60,Chuyển khoản,0.0,Pending
O01262,PH0296,W020,2024-03-24,COD,Tiền mặt,0.0,Pending
O01263,PH0296,W022,13/04/2024,Net60,Thẻ,0.1,Completed
O01264,PH0296,W006,2025-05-08,,Chuyển khoản,,Completed
O01265,PH0296,W022,2024-08-20,COD,Tiền mặt,0.0,Completed
O01266,PH0296,W024,2024-09-13,COD,Tiền mặt,0.15,Completed
O01267,PH0296,W020,2025-10-18,Net60,Chuyển khoản,0.0,
O01268,PH0297,W020,2023-07-04,COD,Tiền mặt,0.0,
O01269,PH0297,W012,04-22-2025,Net30,Chuyển khoản,0.05,Completed
O01270,PH0297,W014,2023-05-30,COD,Tiền mặt,0.05,Completed
O01271,PH0299,W023,2024-06-01,COD,Tiền mặt,0.0,Completed
O01272,PH0299,W025,2022-08-13,COD,Tiền mặt,0.1,Completed
O01273,PH0299,W019,2023-03-23,COD,Tiền mặt,0.1,Completed
O01274,PH0300,W019,2025-03-03,Net60,Thẻ,0.15,Completed
O01275,PH0300,W013,05-04-2024,COD,Tiền mặt,,Completed
O01276,PH0300,W010,12/06/2024,Net30,Chuyển khoản,0.0,Completed
O01277,PH0300,W025,2025-03-17,COD,Tiền mặt,0.0,Completed
O01278,PH0300,W009,2024-10-17,Net30,Chuyển khoản,0.2,Completed
O01279,PH0300,W001,2024-04-13,Net30,Chuyển khoản,0.0,Pending
O01280,PH0301,W009,2025-08-14,COD,Tiền mặt,0.15,Completed
O01281,PH0301,W025,2025-09-24,,Tiền mặt,0.0,Completed
O01282,PH0301,W007,23/12/2025,COD,Tiền mặt,0.0,Returned
O01283,PH0301,W019,2024-11-26,COD,Tiền mặt,0.0,Completed
O01284,PH0301,W017,2025-01-25,COD,Tiền mặt,0.0,Completed
O01285,PH0301,W015,2024-07-24,Net30,Chuyển khoản,0.0,Completed
O01286,PH0301,W003,22/12/2024,COD,Tiền mặt,0.0,Completed
O01287,PH0301,W021,2025-09-13,COD,Tiền mặt,0.0,Returned
O01288,PH0303,W018,08-12-2025,Net30,Chuyển khoản,0.0,Cancelled
O01289,PH0303,W020,2023-08-11,,Tiền mặt,0.0,Completed
O01290,PH0303,W021,21/02/2024,COD,Tiền mặt,0.05,Completed
O01291,PH0303,W009,2023-06-11,COD,Tiền mặt,0.0,Completed
O01292,PH0303,W017,2025-04-08,Net60,Thẻ,0.0,Completed
O01293,PH0303,W013,2023-06-19,Net30,Chuyển khoản,0.0,Pending
O01294,PH0303,W016,2023-09-30,COD,Tiền mặt,0.0,
O01295,PH0303,W009,08/10/2024,COD,Tiền mặt,0.0,Pending
O01296,PH0303,W019,2025-10-09,COD,,0.05,Completed
O01297,PH0303,W017,2025-09-18,COD,Tiền mặt,0.0,Completed
O01298,PH0304,W002,2025-10-09,,Chuyển khoản,0.1,Completed
O01299,PH0304,W009,2025-07-03,Net60,Thẻ,0.0,Completed
O01300,PH0304,W007,2024-05-09,COD,Tiền mặt,0.05,Completed
O01301,PH0304,W014,2023-09-21,Net30,Chuyển khoản,0.15,Completed
O01302,PH0305,W007,2025-01-17,Net30,Bitcoin,0.2,Completed
O01303,PH0305,W022,2025-08-28,COD,Tiền mặt,0.1,Completed
O01304,PH0305,W012,2025-09-25,COD,Tiền mặt,,Pending
O01305,PH0305,W023,10/02/2025,Net30,Thẻ,0.0,Completed
O01306,PH0305,W019,26/12/2023,COD,Tiền mặt,0.0,Completed
O01307,PH0305,W023,2025-10-30,Net30,Chuyển khoản,0.1,Completed
O01308,PH0305,W001,25/04/2024,COD,Tiền mặt,0.15,Completed
O01309,PH0305,W009,2025-04-15,Net30,Chuyển khoản,0.2,Completed
O01310,PH0307,W007,2024-03-09,COD,Tiền mặt,0.05,Completed
O01311,PH0307,W010,2023-04-21,COD,,0.1,Completed
O01312,PH0307,W020,16/01/2025,,Tiền mặt,0.0,Completed
O01313,PH0307,W007,27/03/2024,Net30,Chuyển khoản,0.05,Completed
O01314,PH0307,W023,2024-05-12,Net30,Thẻ,0.3,Completed
O01315,PH0307,W021,2025-02-09,Net30,Chuyển khoản,0.05,Completed
O01316,PH0307,W012,2025-11-08,COD,Tiền mặt,0.15,Completed
O01317,PH0307,W010,2025-03-23,COD,Tiền mặt,0.0,Completed
O01318,PH0308,W022,2025-04-01,Net30,Chuyển khoản,0.05,Completed
O01319,PH0308,W019,2024-07-17,Net30,Chuyển khoản,,Completed
O01320,PH0308,W001,2025-12-04,Net30,Chuyển khoản,0.3,Completed
O01321,PH0308,W006,2024-04-13,COD,Tiền mặt,0.05,Completed
O01322,PH0308,W025,2024-04-28,Net30,Chuyển khoản,0.05,Completed
O01323,PH0309,W004,06-27-2025,COD,Tiền mặt,0.0,Cancelled
O01324,PH0309,W020,2025-05-07,Net30,Chuyển khoản,0.0,Pending
O01325,PH0309,W012,2025-10-20,Net30,Chuyển khoản,0.05,Completed
O01326,PH0309,W001,22/10/2025,,Tiền mặt,0.1,Completed
O01327,PH0311,W005,2024-10-03,COD,Tiền mặt,0.1,Completed
O01328,PH0311,W016,2024-07-28,COD,Tiền mặt,,Pending
O01329,PH0312,W004,28/10/2025,COD,Tiền mặt,0.15,Completed
O01330,PH0312,W020,17/05/2025,Net30,Thẻ,0.0,Completed
O01331,PH0312,W004,28/06/2025,COD,Tiền mặt,0.15,Completed
O01332,PH0312,W006,18/02/2025,Net30,Thẻ,0.15,Completed
O01333,PH0314,W010,2024-04-08,COD,Tiền mặt,0.05,Completed
O01334,PH0314,W022,2023-12-28,COD,Tiền mặt,0.0,Completed
O01335,PH0314,W024,24/12/2025,COD,Tiền mặt,0.3,Completed
O01336,PH0314,W012,2025-09-22,COD,Tiền mặt,,Pending
O01337,PH0314,W022,2025-03-23,Net30,Chuyển khoản,0.1,Completed
O01338,PH0314,W013,2025-03-12,Net30,,0.05,Completed
O01339,PH0314,W019,2025-08-27,Net30,Thẻ,0.1,Completed
O01340,PH0314,W002,2024-10-15,Net30,Chuyển khoản,0.05,
O01341,PH0314,W005,2025-11-12,COD,Tiền mặt,0.0,Pending
O01342,PH0314,W001,04/11/2023,Net30,Chuyển khoản,0.05,Completed
O01343,PH0315,W016,2024-11-15,Net30,Thẻ,0.0,Returned
O01344,PH0315,W018,2025-11-10,,Tiền mặt,0.0,Completed
O01345,PH0316,W012,08/10/2025,COD,Tiền mặt,0.0,Pending
O01346,PH0316,W017,2025-10-11,Net60,Chuyển khoản,0.0,Completed
O01347,PH0316,W015,2025-10-25,Net30,Chuyển khoản,0.0,Completed
O01348,PH0316,W011,2025-08-14,Net30,Chuyển khoản,0.05,Completed
O01349,PH0316,W005,2025-12-14,COD,Tiền mặt,0.05,Completed
O01350,PH0316,W010,11-17-2025,COD,,0.0,Pending
O01351,PH0316,W002,2025-11-21,,Chuyển khoản,,Completed
O01352,PH0316,W013,2025-09-08,COD,Tiền mặt,0.15,Completed
O01353,PH0316,W005,2025-08-20,COD,Tiền mặt,0.05,Completed
O01354,PH0316,W003,05/10/2025,Net60,Thẻ,0.0,Pending
O01355,PH0316,W017,2025-12-08,,Tiền mặt,0.1,Completed
O01356,PH0317,W011,2024-01-31,COD,,0.1,Completed
O01357,PH0318,W008,2024-12-01,COD,Tiền mặt,0.0,Pending
O01358,PH0318,W011,2024-06-12,COD,Tiền mặt,0.3,
O01359,PH0318,W013,2024-04-04,Net60,,0.0,Cancelled
O01360,PH0318,W011,10/12/2024,COD,Tiền mặt,0.1,Completed
O01361,PH0319,W009,2025-09-15,Net30,Chuyển khoản,0.1,Completed
O01362,PH0320,W010,2025-06-06,Net60,Bitcoin,0.0,Completed
O01363,PH0320,W017,2025-05-12,Net30,Chuyển khoản,0.05,
O01364,PH0320,W025,08-08-2025,Net30,Chuyển khoản,0.15,Completed
O01365,PH0320,W011,2025-12-08,Net30,Chuyển khoản,0.0,Completed
O01366,PH0321,W013,2023-09-02,Net30,Chuyển khoản,0.0,Cancelled
O01367,PH0321,W021,09-05-2025,,Tiền mặt,0.0,Completed
O01368,PH0321,W020,13/01/2024,COD,Tiền mặt,0.0,Completed
O01369,PH0321,W004,27/09/2025,COD,Tiền mặt,,Completed
O01370,PH0321,W011,12/07/2023,Net60,Chuyển khoản,0.0,Completed
O01371,PH0321,W002,2024-11-16,COD,Tiền mặt,0.0,Completed
O01372,PH0321,W002,2024-10-19,COD,Tiền mặt,0.0,Completed
O01373,PH0321,W008,2024-12-28,Net30,Thẻ,0.05,Completed
O01374,PH0322,W024,07-10-2021,Net60,Chuyển khoản,,Completed
O01375,PH0322,W019,05-24-2023,,Thẻ,0.05,Completed
O01376,PH0323,W022,2025-10-08,Net30,Chuyển khoản,0.0,Completed
O01377,PH0323,W002,2025-09-22,Net30,,0.0,Completed
O01378,PH0323,W006,2025-12-05,Net60,Thẻ,0.1,Completed
O01379,PH0323,W016,2025-02-12,,,0.0,Returned
O01380,PH0323,W025,2024-12-16,Net30,Chuyển khoản,0.0,Pending
O01381,PH0323,W012,2024-12-09,COD,Tiền mặt,0.3,Completed
O01382,PH0323,W010,2025-06-12,Net30,Chuyển khoản,0.0,Pending
O01383,PH0323,W002,2025-07-18,,Tiền mặt,0.1,Returned
O01384,PH0323,W024,2025-05-23,Net30,,0.05,Returned
O01385,PH0323,W006,17/12/2025,Net30,Chuyển khoản,0.0,Pending
O01386,PH0324,W006,2021-12-05,,Thẻ,0.05,Completed
O01387,PH0324,W017,2022-04-14,COD,Tiền mặt,0.0,Completed
O01388,PH0324,W015,2024-06-09,Net30,Chuyển khoản,0.2,Completed
O01389,PH0324,W010,16/07/2025,COD,Tiền mặt,0.3,Completed
O01390,PH0324,W019,14/12/2021,COD,Tiền mặt,0.0,Pending
O01391,PH0324,W018,2023-04-15,COD,Tiền mặt,0.0,Completed
O01392,PH0324,W022,2025-09-26,COD,Tiền mặt,0.05,Completed
O01393,PH0324,W024,2024-05-03,COD,Tiền mặt,0.05,Completed
O01394,PH0325,W018,2023-05-09,COD,Tiền mặt,0.05,Completed
O01395,PH0325,W021,2021-12-02,Net60,,0.0,Completed
O01396,PH0325,W021,2023-11-04,Net30,Chuyển khoản,0.0,Completed
O01397,PH0325,W019,2023-11-24,COD,Tiền mặt,0.05,Completed
O01398,PH0325,W012,2025-03-11,Net60,Chuyển khoản,,Returned
O01399,PH0325,W002,16/12/2025,Net30,Chuyển khoản,0.0,Completed
O01400,PH0325,W024,2024-09-22,,Chuyển khoản,0.1,Completed
O01401,PH0325,W023,2022-04-25,COD,Tiền mặt,0.05,Completed
O01402,PH0325,W001,09-28-2023,COD,Tiền mặt,0.05,Completed
O01403,PH0325,W003,2023-03-22,Net30,Chuyển khoản,0.1,Completed
O01404,PH0325,W010,2022-12-23,Net60,Chuyển khoản,0.1,Completed
O01405,PH0325,W004,13/11/2021,Net30,Chuyển khoản,0.15,Completed
O01406,PH0325,W014,2023-05-28,Net60,Chuyển khoản,0.0,Pending
O01407,PH0325,W008,07/10/2021,Net30,Chuyển khoản,0.15,Completed
O01408,PH0325,W007,2022-05-24,COD,Tiền mặt,0.1,Completed
O01409,PH0325,W012,05-11-2025,Net30,Chuyển khoản,0.05,Completed
O01410,PH0325,W003,2025-03-17,Net30,Chuyển khoản,0.0,Completed
O01411,PH0325,W002,2024-03-18,COD,Tiền mặt,0.0,Completed
O01412,PH0325,W013,2025-01-28,COD,Tiền mặt,0.0,
O01413,PH0325,W003,2024-07-16,Net30,Chuyển khoản,0.0,
O01414,PH0325,W013,2024-06-24,COD,Tiền mặt,0.1,Completed
O01415,PH0325,W015,2025-03-29,COD,Tiền mặt,0.05,Completed
O01416,PH0325,W017,2023-07-08,Net30,Bitcoin,0.1,Completed
O01417,PH0325,W008,2024-11-17,COD,Tiền mặt,0.05,Completed
O01418,PH0326,W005,2022-11-12,COD,Tiền mặt,0.0,Pending
O01419,PH0327,W021,2025-05-18,COD,Tiền mặt,0.05,Completed
O01420,PH0327,W013,2024-03-26,COD,Tiền mặt,0.1,Completed
O01421,PH0327,W018,2024-10-16,Net30,Chuyển khoản,0.1,Completed
O01422,PH0327,W011,2025-02-23,Net30,Chuyển khoản,0.05,Completed
O01423,PH0327,W014,17/11/2023,COD,Tiền mặt,0.15,Completed
O01424,PH0327,W013,10-14-2023,COD,Tiền mặt,0.0,Completed
O01425,PH0327,W011,2024-11-25,Net30,Thẻ,0.1,Completed
O01426,PH0327,W005,2024-05-11,Net30,Chuyển khoản,0.1,Completed
O01427,PH0329,W008,2025-06-04,COD,Tiền mặt,0.0,Completed
O01428,PH0329,W008,17/10/2025,Net60,Chuyển khoản,0.1,Completed
O01429,PH0330,W016,2025-12-16,Net30,Chuyển khoản,0.05,Completed
O01430,PH0330,W010,2024-12-31,Net30,Chuyển khoản,0.1,Completed
O01431,PH0330,W014,2024-08-21,Net60,Chuyển khoản,0.0,Completed
O01432,PH0330,W013,2022-08-28,COD,Tiền mặt,0.15,Completed
O01433,PH0330,W021,17/01/2022,Net60,Chuyển khoản,0.0,Returned
O01434,PH0331,W019,2023-01-06,Net60,Chuyển khoản,0.0,Completed
O01435,PH0331,W025,06-10-2025,COD,Tiền mặt,0.0,Completed
O01436,PH0331,W008,2023-07-11,Net30,Chuyển khoản,0.1,Completed
O01437,PH0331,W009,2023-10-07,Net30,Chuyển khoản,0.0,Completed
O01438,PH0332,W001,2023-04-24,Net60,Chuyển khoản,0.15,Completed
O01439,PH0332,W020,25/12/2024,Net60,Thẻ,0.0,Completed
O01440,PH0332,W008,2022-02-19,COD,Tiền mặt,0.15,Completed
O01441,PH0332,W020,2022-05-29,Net30,Chuyển khoản,0.0,Completed
O01442,PH0332,W025,2022-05-12,COD,Bitcoin,0.1,Completed
O01443,PH0332,W024,24/01/2025,COD,Tiền mặt,0.0,Completed
O01444,PH0332,W018,2024-09-12,Net30,Chuyển khoản,0.0,Completed
O01445,PH0332,W018,2025-03-18,COD,Tiền mặt,0.0,Completed
O01446,PH0332,W017,05/06/2024,COD,Tiền mặt,0.3,Completed
O01447,PH0332,W002,2023-05-13,Net60,Thẻ,0.0,Cancelled
O01448,PH0332,W013,2021-11-01,COD,Tiền mặt,,Completed
O01449,PH0332,W023,2021-11-08,,Chuyển khoản,,Completed
O01450,PH0332,W012,2025-05-06,COD,Tiền mặt,0.15,Completed
O01451,PH0333,W024,2025-04-16,Net30,Chuyển khoản,0.05,Completed
O01452,PH0334,W001,2025-04-28,COD,Tiền mặt,0.0,Pending
O01453,PH0334,W007,2024-09-13,COD,Tiền mặt,0.0,Cancelled
O01454,PH0334,W022,2025-07-12,COD,Tiền mặt,0.0,Completed
O01455,PH0334,W008,12-16-2024,COD,Tiền mặt,0.0,Completed
O01456,PH0334,W024,31/05/2025,COD,Tiền mặt,0.1,Completed
O01457,PH0334,W003,2025-10-06,,Chuyển khoản,0.05,Completed
O01458,PH0334,W007,2025-04-02,COD,Tiền mặt,0.1,Completed
O01459,PH0334,W016,2024-05-30,COD,Tiền mặt,0.3,Completed
O01460,PH0334,W020,24/12/2023,COD,Tiền mặt,0.15,Completed
O01461,PH0334,W006,2024-09-17,Net60,,0.05,Completed
O01462,PH0334,W020,2023-09-04,Net30,Chuyển khoản,0.15,Completed
O01463,PH0334,W018,2023-11-12,COD,Tiền mặt,0.1,Completed
O01464,PH0334,W024,2025-06-27,COD,Tiền mặt,0.0,Pending
O01465,PH0334,W017,2025-05-11,COD,Tiền mặt,0.1,Completed
O01466,PH0335,W004,2024-01-13,COD,Tiền mặt,0.0,Completed
O01467,PH0336,W005,2025-05-24,Net60,,0.0,Completed
O01468,PH0336,W001,2025-10-01,COD,,0.0,Completed
O01469,PH0336,W020,2025-03-12,Net30,Chuyển khoản,0.05,Completed
O01470,PH0337,W024,2025-05-28,,Bitcoin,0.0,Completed
O01471,PH0337,W010,2025-06-11,Net30,Chuyển khoản,0.3,Completed
O01472,PH0338,W023,2023-07-22,COD,Tiền mặt,0.15,
O01473,PH0338,W013,2025-12-06,Net30,Chuyển khoản,0.2,Completed
O01474,PH0338,W018,2022-03-12,COD,Tiền mặt,0.0,Completed
O01475,PH0338,W022,2025-10-17,COD,Tiền mặt,0.0,Completed
O01476,PH0338,W003,20/11/2023,COD,Tiền mặt,0.1,Completed
O01477,PH0339,W013,2025-04-05,COD,Tiền mặt,0.1,Completed
O01478,PH0339,W016,2025-04-18,Net30,Chuyển khoản,0.0,
O01479,PH0339,W006,2025-07-31,Net30,Chuyển khoản,0.1,
O01480,PH0340,W004,02/05/2022,COD,Tiền mặt,0.0,Completed
O01481,PH0340,W015,2025-08-15,COD,Tiền mặt,0.1,Completed
O01482,PH0340,W004,2022-06-26,,,0.1,Completed
O01483,PH0342,W003,2023-04-28,Net30,Chuyển khoản,0.0,Pending
O01484,PH0342,W012,2023-11-02,COD,Tiền mặt,0.0,Completed
O01485,PH0342,W017,04-21-2023,Net60,Chuyển khoản,0.0,Completed
O01486,PH0344,W020,2023-01-08,Net30,Thẻ,0.1,Completed
O01487,PH0344,W003,2025-02-16,Net30,Thẻ,0.2,Completed
O01488,PH0344,W019,2025-09-20,Net30,Chuyển khoản,0.15,Completed
O01489,PH0344,W004,2025-07-23,COD,Tiền mặt,0.0,Returned
O01490,PH0345,W018,2023-12-12,Net60,Chuyển khoản,0.05,Completed
O01491,PH0346,W019,2025-08-08,COD,Tiền mặt,0.0,Completed
O01492,PH0346,W014,08-18-2025,Net30,Chuyển khoản,0.05,Completed
O01493,PH0346,W024,2024-01-28,Net30,Thẻ,,Completed
O01494,PH0346,W019,2024-04-15,COD,Tiền mặt,0.15,Completed
O01495,PH0346,W017,2025-12-19,COD,Tiền mặt,0.0,Completed
O01496,PH0346,W003,2023-12-20,Net30,Chuyển khoản,0.1,Completed
O01497,PH0346,W003,2023-12-19,Net30,Thẻ,,
O01498,PH0346,W017,2025-09-28,Net60,Chuyển khoản,0.0,Pending
O01499,PH0346,W008,2025-12-16,COD,Tiền mặt,0.0,Pending
O01500,PH0346,W014,26/01/2025,Net30,Chuyển khoản,0.0,Completed
O01501,PH0346,W007,2025-06-27,COD,Tiền mặt,0.0,Completed
O01502,PH0348,W011,2023-11-13,Net30,Thẻ,0.0,Completed
O01503,PH0349,W011,2024-10-21,Net60,Thẻ,0.2,Completed
O01504,PH0349,W005,12-08-2024,COD,Tiền mặt,0.3,Completed
O01505,PH0349,W007,2024-06-24,Net30,,0.05,Completed
O01506,PH0350,W011,2025-03-18,COD,Tiền mặt,,Completed
O01507,PH0350,W015,13/09/2024,Net30,Chuyển khoản,0.15,Completed
O01508,PH0350,W009,08-31-2022,Net30,Thẻ,0.0,Completed
O01509,PH0350,W024,2025-09-09,COD,,0.0,Completed
O01510,PH0350,W003,03/02/2025,Net60,Chuyển khoản,0.1,Completed
O01511,PH0350,W024,2024-10-13,COD,Tiền mặt,0.0,Completed
O01512,PH0351,W002,13/12/2024,COD,Tiền mặt,0.0,Completed
O01513,PH0351,W011,2025-05-10,Net30,Chuyển khoản,0.0,Completed
O01514,PH0351,W008,2024-05-28,Net30,Chuyển khoản,0.0,Completed
O01515,PH0351,W014,2025-03-08,COD,Tiền mặt,0.15,Completed
O01516,PH0351,W009,2025-02-12,COD,Tiền mặt,0.05,Completed
O01517,PH0351,W020,2025-09-12,Net30,,0.0,Completed
O01518,PH0351,W023,2025-09-03,Net30,Thẻ,,Completed
O01519,PH0351,W024,2025-05-08,Net30,Chuyển khoản,0.0,Completed
O01520,PH0351,W016,30/07/2024,Net30,Chuyển khoản,,Completed
O01521,PH0352,W016,2021-12-29,COD,Tiền mặt,0.15,Completed
O01522,PH0352,W006,03-28-2025,COD,Tiền mặt,0.0,Completed
O01523,PH0352,W019,2025-06-14,Net30,Chuyển khoản,0.2,Returned
O01524,PH0352,W005,2024-11-27,Net60,Chuyển khoản,0.15,Returned
O01525,PH0352,W024,2021-02-12,COD,Tiền mặt,,Cancelled
O01526,PH0352,W016,2022-08-18,COD,Tiền mặt,0.0,Completed
O01527,PH0352,W001,2022-12-08,Net60,Chuyển khoản,,Completed
O01528,PH0352,W012,2024-09-06,COD,Tiền mặt,0.0,Pending
O01529,PH0352,W013,2025-02-06,Net60,Chuyển khoản,0.0,Completed
O01530,PH0352,W015,2025-11-12,COD,Tiền mặt,0.0,Completed
O01531,PH0354,W024,2024-05-01,COD,Tiền mặt,0.15,Completed
O01532,PH0355,W009,06/10/2024,COD,Tiền mặt,0.1,Completed
O01533,PH0355,W024,2025-09-21,Net30,Thẻ,,Completed
O01534,PH0356,W021,2021-07-14,,Tiền mặt,0.0,Pending
O01535,PH0356,W013,10-31-2020,Net60,Chuyển khoản,0.15,Completed
O01536,PH0357,W016,2023-11-10,Net30,Chuyển khoản,0.0,Completed
O01537,PH0357,W003,2025-01-04,COD,Tiền mặt,,Completed
O01538,PH0357,W003,2023-12-17,COD,Tiền mặt,0.2,Returned
O01539,PH0357,W019,2023-12-16,COD,Tiền mặt,0.1,Completed
O01540,PH0357,W021,2023-01-28,Net30,Chuyển khoản,0.1,Completed
O01541,PH0357,W006,26/06/2023,Net30,Chuyển khoản,0.0,Cancelled
O01542,PH0357,W015,2023-06-18,Net30,Chuyển khoản,0.0,Completed
O01543,PH0357,W023,2024-10-28,Net30,Chuyển khoản,0.0,Completed
O01544,PH0358,W018,2025-07-18,COD,Tiền mặt,0.05,Returned
O01545,PH0358,W025,2025-04-01,Net30,Chuyển khoản,0.05,Completed
O01546,PH0358,W010,2025-12-02,Net30,Chuyển khoản,0.1,Completed
O01547,PH0359,W007,2025-05-05,Net30,Chuyển khoản,0.0,Completed
O01548,PH0359,W019,2025-01-06,COD,Tiền mặt,0.1,Completed
O01549,PH0359,W004,2023-07-13,COD,Tiền mặt,0.0,Pending
O01550,PH0359,W013,02-12-2023,COD,Tiền mặt,0.15,
O01551,PH0359,W007,2023-02-14,Net30,Chuyển khoản,0.0,Cancelled
O01552,PH0359,W003,2025-08-26,Net60,Chuyển khoản,0.0,Pending
O01553,PH0359,W022,21/12/2023,,Tiền mặt,0.0,Pending
O01554,PH0359,W004,23/04/2025,Net30,Thẻ,,
O01555,PH0360,W023,2024-08-07,COD,Tiền mặt,,Completed
O01556,PH0360,W004,02-04-2025,COD,Tiền mặt,0.0,Completed
O01557,PH0360,W020,2024-11-13,Net60,Chuyển khoản,0.0,Cancelled
O01558,PH0360,W021,2024-12-17,COD,Tiền mặt,0.0,Completed
O01559,PH0360,W014,2025-10-02,,Tiền mặt,0.1,Returned
O01560,PH0360,W024,2024-09-16,COD,Tiền mặt,0.05,Completed
O01561,PH0360,W023,2025-11-29,COD,Tiền mặt,0.0,Completed
O01562,PH0360,W009,2024-04-27,COD,Tiền mặt,0.1,Completed
O01563,PH0360,W009,2022-08-10,Net60,Chuyển khoản,0.05,Completed
O01564,PH0360,W003,2025-07-09,COD,Tiền mặt,0.0,Completed
O01565,PH0360,W002,2023-03-29,Net30,Chuyển khoản,0.0,Returned
O01566,PH0362,W013,2021-04-19,COD,Tiền mặt,0.0,
O01567,PH0362,W012,2021-08-04,COD,Tiền mặt,0.0,Completed
O01568,PH0362,W004,18/03/2021,COD,Tiền mặt,0.05,Completed
O01569,PH0362,W003,2022-08-21,COD,Tiền mặt,0.15,Completed
O01570,PH0362,W006,07-04-2020,COD,Tiền mặt,0.0,Completed
O01571,PH0363,W022,2025-01-13,Net30,,0.05,Completed
O01572,PH0363,W022,15/06/2025,,Chuyển khoản,0.05,Completed
O01573,PH0363,W005,11/07/2025,COD,Tiền mặt,0.1,Completed
O01574,PH0363,W024,2025-07-06,Net60,Chuyển khoản,0.0,Completed
O01575,PH0363,W013,2025-04-28,Net30,Bitcoin,0.0,Completed
O01576,PH0363,W005,2025-12-06,COD,Tiền mặt,0.1,Completed
O01577,PH0363,W002,2025-08-25,COD,Tiền mặt,0.0,Completed
O01578,PH0363,W006,2025-05-01,COD,,0.0,Completed
O01579,PH0363,W021,2025-08-15,COD,Tiền mặt,0.05,Completed
O01580,PH0364,W017,2025-01-30,Net60,Chuyển khoản,0.15,Completed
O01581,PH0364,W012,2023-12-02,Net60,Thẻ,0.05,Returned
O01582,PH0364,W022,2025-10-02,Net30,Thẻ,0.05,Completed
O01583,PH0364,W011,2025-12-27,Net30,Chuyển khoản,0.05,Completed
O01584,PH0364,W005,2022-01-27,COD,Tiền mặt,0.0,Completed
O01585,PH0364,W005,19/10/2025,Net60,Bitcoin,0.0,Pending
O01586,PH0364,W015,2022-10-31,Net30,Chuyển khoản,0.0,Cancelled
O01587,PH0364,W019,2022-11-14,COD,Tiền mặt,0.0,Completed
O01588,PH0364,W009,2025-03-05,COD,Tiền mặt,0.05,
O01589,PH0364,W004,2024-04-27,Net30,,0.0,Completed
O01590,PH0364,W007,2022-04-21,COD,Tiền mặt,0.0,Pending
O01591,PH0364,W020,2025-01-18,Net60,Chuyển khoản,0.0,Completed
O01592,PH0365,W024,15/04/2024,,Tiền mặt,0.1,Completed
O01593,PH0365,W003,2024-03-11,COD,Tiền mặt,0.05,Completed
O01594,PH0366,W014,08-21-2024,COD,Tiền mặt,0.05,Completed
O01595,PH0366,W005,2025-06-27,Net30,Chuyển khoản,0.0,Completed
O01596,PH0366,W012,2023-10-08,Net30,Thẻ,0.0,Completed
O01597,PH0366,W010,2025-12-17,COD,Tiền mặt,0.05,Completed
O01598,PH0366,W018,12/01/2025,COD,Tiền mặt,0.0,Pending
O01599,PH0366,W025,09/06/2023,COD,Tiền mặt,,Pending
O01600,PH0366,W012,2024-07-26,Net30,Chuyển khoản,0.15,Completed
O01601,PH0366,W006,22/06/2025,Net30,Chuyển khoản,0.0,Cancelled
O01602,PH0366,W017,2024-07-04,COD,Tiền mặt,0.15,Completed
O01603,PH0366,W004,2025-06-19,COD,Tiền mặt,0.0,Completed
O01604,PH0367,W018,2025-08-19,COD,Tiền mặt,0.05,Completed
O01605,PH0367,W005,2025-04-30,Net60,Chuyển khoản,0.1,Completed
O01606,PH0367,W008,2025-11-25,COD,Tiền mặt,0.1,Completed
O01607,PH0367,W007,2025-09-08,COD,Tiền mặt,0.1,Completed
O01608,PH0367,W016,2025-10-06,Net30,Chuyển khoản,0.0,Completed
O01609,PH0367,W015,2025-10-23,COD,Tiền mặt,0.05,Completed
O01610,PH0367,W006,2025-09-04,COD,Tiền mặt,0.0,Completed
O01611,PH0367,W001,2025-08-27,COD,Tiền mặt,0.0,Completed
O01612,PH0367,W023,2025-07-17,Net30,Chuyển khoản,0.2,Completed
O01613,PH0367,W025,2025-01-07,COD,Tiền mặt,,Completed
O01614,PH0367,W010,2025-09-23,Net30,Chuyển khoản,0.0,Completed
O01615,PH0367,W024,2025-11-13,COD,Tiền mặt,0.15,Completed
O01616,PH0367,W015,2025-05-24,Net30,Thẻ,0.0,Completed
O01617,PH0367,W012,2025-05-05,COD,Tiền mặt,0.15,Completed
O01618,PH0367,W022,2025-01-29,,Chuyển khoản,0.05,Completed
O01619,PH0367,W023,2025-12-30,Net60,Chuyển khoản,0.0,Pending
O01620,PH0367,W014,2025-05-12,Net30,Thẻ,0.05,Completed
O01621,PH0367,W025,2025-11-21,COD,Tiền mặt,0.0,Cancelled
O01622,PH0368,W001,2025-06-10,,Chuyển khoản,0.15,Completed
O01623,PH0368,W008,2023-02-25,COD,Tiền mặt,0.0,Pending
O01624,PH0368,W008,2022-10-16,Net60,Chuyển khoản,0.1,Returned
O01625,PH0368,W010,2023-03-06,Net60,,0.15,Returned
O01626,PH0369,W023,02/12/2025,COD,Tiền mặt,0.0,Completed
O01627,PH0369,W019,2024-11-20,Net30,Thẻ,0.2,Completed
O01628,PH0369,W008,2024-07-22,Net30,Chuyển khoản,0.1,Completed
O01629,PH0369,W024,2025-11-22,Net30,Chuyển khoản,0.15,Completed
O01630,PH0369,W010,2024-11-03,COD,Tiền mặt,0.05,Completed
O01631,PH0369,W002,2024-11-26,Net30,Chuyển khoản,0.0,Completed
O01632,PH0370,W012,2025-02-05,COD,Tiền mặt,0.0,Completed
O01633,PH0370,W025,2025-03-28,COD,Tiền mặt,0.0,Pending
O01634,PH0370,W018,2024-10-17,COD,Tiền mặt,0.0,Cancelled
O01635,PH0371,W003,2022-09-20,,Chuyển khoản,0.05,Completed
O01636,PH0371,W009,2023-09-06,COD,,0.0,Returned
O01637,PH0372,W008,2025-04-02,Net30,Chuyển khoản,0.1,Completed
O01638,PH0372,W020,2025-06-17,COD,Tiền mặt,0.0,Completed
O01639,PH0372,W009,2025-02-15,COD,Tiền mặt,0.0,Completed
O01640,PH0372,W008,2025-12-03,Net60,Chuyển khoản,0.1,Completed
O01641,PH0372,W007,12-21-2025,Net60,Chuyển khoản,0.1,Completed
O01642,PH0372,W006,2025-03-24,Net30,Chuyển khoản,0.0,Returned
O01643,PH0373,W012,2025-05-16,Net60,Chuyển khoản,0.0,Pending
O01644,PH0373,W004,2025-05-23,COD,Tiền mặt,0.05,Completed
O01645,PH0373,W013,2025-06-06,COD,Tiền mặt,0.0,Completed
O01646,PH0373,W011,2025-04-09,COD,Tiền mặt,0.0,Completed
O01647,PH0373,W016,07/07/2025,Net30,Chuyển khoản,0.15,Returned
O01648,PH0373,W003,18/11/2025,Net60,Thẻ,0.05,Completed
O01649,PH0373,W016,11-01-2025,Net30,Chuyển khoản,,Completed
O01650,PH0373,W025,2025-10-30,Net30,Chuyển khoản,0.05,Completed
O01651,PH0373,W002,2025-11-25,,Thẻ,0.0,Pending
O01652,PH0373,W009,2025-08-28,Net30,Chuyển khoản,0.0,Cancelled
O01653,PH0373,W001,2025-06-17,Net60,Thẻ,0.05,Completed
O01654,PH0373,W003,2025-01-05,Net30,Chuyển khoản,0.0,Completed
O01655,PH0373,W024,2025-04-01,COD,Tiền mặt,0.0,Completed
O01656,PH0373,W005,26/06/2025,COD,Tiền mặt,0.0,Completed
O01657,PH0374,W016,2023-07-12,,Tiền mặt,0.15,Completed
O01658,PH0375,W002,2024-08-22,Net60,Chuyển khoản,0.0,Pending
O01659,PH0376,W002,2025-03-06,Net30,Chuyển khoản,0.0,Completed
O01660,PH0376,W010,2025-09-17,COD,Tiền mặt,0.15,Completed
O01661,PH0376,W008,08-26-2025,Net30,Thẻ,0.0,Completed
O01662,PH0376,W013,2025-05-14,Net30,,0.0,Completed
O01663,PH0376,W017,2024-10-03,Net30,Thẻ,0.0,Pending
O01664,PH0376,W015,2025-09-05,COD,Tiền mặt,0.0,Completed
O01665,PH0376,W018,08/08/2025,COD,Tiền mặt,0.0,Cancelled
O01666,PH0376,W008,12-18-2025,Net30,Chuyển khoản,0.0,Pending
O01667,PH0376,W004,21/10/2024,Net30,Chuyển khoản,0.0,Pending
O01668,PH0376,W004,16/04/2025,COD,Tiền mặt,0.15,
O01669,PH0376,W011,12-08-2024,COD,Tiền mặt,0.1,Completed
O01670,PH0377,W007,11-07-2024,Net30,Chuyển khoản,0.2,Completed
O01671,PH0377,W018,05-14-2025,COD,Tiền mặt,0.2,Completed
O01672,PH0377,W022,2025-06-24,COD,Tiền mặt,0.05,Completed
O01673,PH0378,W017,2021-10-10,Net30,Chuyển khoản,0.1,Completed
O01674,PH0378,W004,2022-10-05,Net30,Chuyển khoản,,Completed
O01675,PH0378,W024,09-05-2022,COD,Tiền mặt,0.0,Pending
O01676,PH0378,W018,2020-11-20,Net30,Chuyển khoản,0.1,Completed
O01677,PH0379,W023,2025-01-26,Net30,Thẻ,0.0,Cancelled
O01678,PH0380,W024,2022-11-07,COD,Tiền mặt,0.0,Cancelled
O01679,PH0380,W012,21/09/2022,Net60,Chuyển khoản,0.0,Completed
O01680,PH0380,W005,2025-01-08,Net30,Chuyển khoản,0.0,Completed
O01681,PH0380,W008,2025-05-21,COD,Tiền mặt,0.0,Completed
O01682,PH0380,W015,2023-01-17,Net60,Chuyển khoản,0.1,Completed
O01683,PH0381,W013,2024-12-03,COD,Tiền mặt,0.0,
O01684,PH0381,W021,2023-10-22,Net30,Chuyển khoản,0.1,Completed
O01685,PH0381,W002,2024-02-26,COD,Tiền mặt,0.0,Completed
O01686,PH0381,W022,08-28-2023,COD,Tiền mặt,0.0,
O01687,PH0381,W017,2024-07-18,Net60,Thẻ,0.0,
O01688,PH0381,W003,2024-12-08,Net30,Chuyển khoản,0.1,Completed
O01689,PH0381,W006,07-03-2023,Net30,Chuyển khoản,0.0,Completed
O01690,PH0381,W012,2023-01-02,,Chuyển khoản,,Completed
O01691,PH0382,W020,2022-11-03,COD,Tiền mặt,0.1,Completed
O01692,PH0382,W019,2025-06-23,Net30,Chuyển khoản,0.15,
O01693,PH0382,W005,2024-04-18,,Chuyển khoản,0.15,Completed
O01694,PH0382,W012,2025-07-11,COD,Tiền mặt,0.05,Completed
O01695,PH0382,W006,2023-11-08,Net30,Chuyển khoản,0.1,
O01696,PH0382,W021,2022-11-25,Net60,Thẻ,0.0,Completed
O01697,PH0383,W025,2023-07-08,,Tiền mặt,0.0,Completed
O01698,PH0383,W005,2024-07-25,COD,Tiền mặt,0.0,Cancelled
O01699,PH0383,W020,2025-04-27,Net60,Thẻ,0.0,Cancelled
O01700,PH0383,W017,01-28-2025,Net30,Chuyển khoản,0.1,Completed
O01701,PH0384,W012,2023-05-06,Net30,Thẻ,0.0,Completed
O01702,PH0384,W023,2025-07-22,Net30,Thẻ,0.0,Pending
O01703,PH0384,W023,2023-12-29,Net60,Thẻ,0.0,Completed
O01704,PH0385,W007,04/08/2025,COD,Tiền mặt,0.0,Completed
O01705,PH0387,W009,2024-12-25,Net30,Chuyển khoản,0.0,Pending
O01706,PH0387,W012,14/09/2025,Net30,Chuyển khoản,0.0,Completed
O01707,PH0388,W025,2022-05-07,Net30,Thẻ,0.05,
O01708,PH0388,W010,2024-04-08,Net60,Chuyển khoản,0.15,Completed
O01709,PH0388,W015,11-05-2022,Net30,,0.0,Completed
O01710,PH0388,W010,2025-07-04,Net60,Chuyển khoản,0.2,Completed
O01711,PH0388,W005,2023-09-02,Net30,Chuyển khoản,,Completed
O01712,PH0388,W015,2024-11-06,COD,Tiền mặt,0.15,Returned
O01713,PH0388,W020,01-30-2025,COD,,0.1,Completed
O01714,PH0388,W015,2023-04-16,Net30,Thẻ,0.15,Completed
O01715,PH0389,W010,2023-12-22,COD,,0.0,Completed
O01716,PH0389,W012,12/11/2023,Net60,Chuyển khoản,0.0,Cancelled
O01717,PH0389,W002,21/04/2025,COD,Tiền mặt,0.0,Returned
O01718,PH0389,W001,2025-09-06,COD,Tiền mặt,0.05,Completed
O01719,PH0389,W001,2024-07-03,COD,Tiền mặt,0.15,Completed
O01720,PH0389,W003,2025-02-20,COD,Tiền mặt,0.05,Completed
O01721,PH0390,W002,2022-12-18,COD,Tiền mặt,0.0,Cancelled
O01722,PH0390,W008,28/03/2023,Net30,Chuyển khoản,0.2,Completed
O01723,PH0390,W010,20/02/2023,Net30,Thẻ,0.2,Completed
O01724,PH0390,W014,28/07/2023,Net30,Thẻ,0.1,Completed
O01725,PH0391,W008,2022-11-29,Net30,Chuyển khoản,0.05,Completed
O01726,PH0391,W007,09-03-2024,COD,Tiền mặt,0.1,Completed
O01727,PH0392,W018,2025-09-03,COD,Tiền mặt,0.15,Completed
O01728,PH0394,W004,2022-11-16,COD,Tiền mặt,0.1,Completed
O01729,PH0394,W016,2024-04-21,COD,Tiền mặt,0.05,Completed
O01730,PH0394,W014,2024-01-04,Net60,Chuyển khoản,,Completed
O01731,PH0394,W023,2023-11-04,Net30,Thẻ,0.05,Completed
O01732,PH0394,W004,2023-11-11,COD,Tiền mặt,0.0,Pending
O01733,PH0394,W002,02/03/2024,COD,Tiền mặt,0.05,Completed
O01734,PH0394,W018,2024-02-02,Net30,Chuyển khoản,0.0,Completed
O01735,PH0394,W009,2024-05-28,Net30,Chuyển khoản,0.0,Completed
O01736,PH0395,W003,12-01-2023,COD,Tiền mặt,0.0,Completed
O01737,PH0396,W025,25/04/2025,COD,Tiền mặt,0.05,Completed
O01738,PH0396,W003,2024-10-24,Net60,Thẻ,0.0,Completed
O01739,PH0396,W014,2022-11-19,COD,Tiền mặt,0.1,Completed
O01740,PH0396,W001,11-15-2022,COD,Tiền mặt,0.0,Completed
O01741,PH0396,W008,2025-01-19,Net30,Chuyển khoản,0.05,Returned
O01742,PH0397,W011,2025-05-25,Net60,Thẻ,0.1,Completed
O01743,PH0397,W010,2025-09-03,Net60,Chuyển khoản,,Completed
O01744,PH0397,W009,2025-08-03,Net30,Thẻ,0.1,Completed
O01745,PH0397,W024,2024-07-02,Net30,Chuyển khoản,0.1,Completed
O01746,PH0397,W004,12/09/2024,COD,Tiền mặt,,Completed
O01747,PH0397,W009,2024-12-06,Net30,Thẻ,0.05,Completed
O01748,PH0397,W023,2024-07-07,Net60,Chuyển khoản,,Completed
O01749,PH0397,W018,2024-09-04,Net60,Thẻ,0.1,Completed
O01750,PH0397,W005,29/08/2025,COD,Bitcoin,0.0,Pending
O01751,PH0397,W015,2025-04-10,Net30,Chuyển khoản,0.0,Cancelled
O01752,PH0397,W010,2025-12-17,COD,Tiền mặt,0.2,Completed
O01753,PH0397,W006,2025-04-29,Net30,Chuyển khoản,0.15,Completed
O01754,PH0397,W010,06/11/2024,COD,Tiền mặt,0.0,Completed
O01755,PH0398,W003,2022-08-23,COD,Tiền mặt,0.0,Completed
O01756,PH0398,W011,2025-06-13,COD,Tiền mặt,0.0,Completed
O01757,PH0399,W015,2025-03-28,,Bitcoin,0.05,Completed
O01758,PH0399,W017,2024-08-21,COD,Tiền mặt,0.0,Cancelled
O01759,PH0399,W010,2025-11-07,COD,Tiền mặt,0.0,Pending
O01760,PH0399,W019,08/07/2023,COD,Tiền mặt,0.05,Completed
O01761,PH0400,W025,2025-05-29,COD,Tiền mặt,0.15,Completed
O01762,PH0400,W017,04-05-2022,COD,Tiền mặt,0.1,Completed
O01763,PH0400,W023,2023-03-03,Net30,Chuyển khoản,0.0,Completed
O01764,PH0401,W014,25/11/2025,Net30,,0.15,Completed
O01765,PH0401,W024,2025-07-31,COD,Tiền mặt,0.0,Cancelled
O01766,PH0401,W025,2025-07-30,Net30,,0.05,Completed
O01767,PH0401,W023,2025-12-11,COD,Tiền mặt,0.2,
O01768,PH0401,W010,2025-12-01,Net30,Chuyển khoản,0.0,Completed
O01769,PH0402,W023,2025-12-21,COD,Tiền mặt,0.0,Completed
O01770,PH0402,W003,2025-04-30,Net60,Thẻ,0.2,Completed
O01771,PH0402,W001,2025-10-26,,Tiền mặt,0.2,Completed
O01772,PH0402,W024,19/05/2024,COD,Tiền mặt,0.05,Completed
O01773,PH0403,W008,2024-09-02,COD,Tiền mặt,,Pending
O01774,PH0403,W006,2023-08-27,Net30,Thẻ,0.2,Completed
O01775,PH0404,W003,2025-08-25,Net30,Chuyển khoản,0.05,Completed
O01776,PH0404,W017,06-01-2025,COD,Tiền mặt,0.0,Completed
O01777,PH0404,W014,09/07/2025,Net30,Chuyển khoản,,Cancelled
O01778,PH0404,W025,2025-03-16,Net30,Chuyển khoản,0.15,Completed
O01779,PH0404,W024,2025-01-30,COD,Bitcoin,0.0,Completed
O01780,PH0404,W025,05/09/2025,Net60,Chuyển khoản,0.05,Completed
O01781,PH0404,W007,2025-04-04,Net30,Chuyển khoản,0.0,Completed
O01782,PH0404,W007,2025-12-13,Net30,Chuyển khoản,,Pending
O01783,PH0404,W011,2025-05-17,COD,Tiền mặt,0.0,Pending
O01784,PH0404,W001,2025-05-03,Net30,Chuyển khoản,0.0,Completed
O01785,PH0404,W020,2025-02-18,COD,Tiền mặt,0.0,Completed
O01786,PH0404,W012,2025-01-26,Net30,Thẻ,0.0,Completed
O01787,PH0405,W017,2025-07-02,COD,Tiền mặt,0.0,Cancelled
O01788,PH0406,W018,2025-03-22,COD,Tiền mặt,0.05,Completed
O01789,PH0406,W004,2025-05-11,Net30,Thẻ,0.0,Completed
O01790,PH0406,W006,2025-04-17,Net30,Thẻ,0.15,Completed
O01791,PH0406,W013,20/04/2025,Net30,Chuyển khoản,0.0,Completed
O01792,PH0407,W001,2022-03-16,,Tiền mặt,0.05,Returned
O01793,PH0407,W012,2024-02-05,Net60,Chuyển khoản,0.0,Completed
O01794,PH0407,W014,26/09/2022,COD,Tiền mặt,0.0,Completed
O01795,PH0407,W009,2023-09-26,COD,Tiền mặt,0.0,Completed
O01796,PH0407,W017,03/08/2023,,Tiền mặt,0.0,Completed
O01797,PH0407,W025,2023-07-10,Net30,Chuyển khoản,0.0,Completed
O01798,PH0407,W011,2024-05-28,Net60,Chuyển khoản,0.05,Completed
O01799,PH0408,W024,2025-07-07,Net30,Chuyển khoản,0.1,Completed
O01800,PH0408,W009,2025-11-12,Net30,Chuyển khoản,0.05,Completed
O01801,PH0408,W010,2025-10-02,COD,Tiền mặt,0.3,
O01802,PH0408,W018,08-01-2025,Net30,Thẻ,0.0,Completed
O01803,PH0408,W014,2025-09-13,Net30,Chuyển khoản,0.0,Completed
O01804,PH0408,W025,10-18-2025,Net30,Chuyển khoản,0.0,Completed
O01805,PH0409,W025,2025-03-23,Net30,Chuyển khoản,0.1,Completed
O01806,PH0409,W013,25/04/2025,COD,Tiền mặt,0.05,Completed
O01807,PH0409,W005,2025-06-27,Net60,Chuyển khoản,0.1,Completed
O01808,PH0410,W014,2025-11-19,COD,Tiền mặt,0.05,Completed
O01809,PH0410,W004,2025-06-11,COD,Tiền mặt,0.1,Completed
O01810,PH0410,W021,03/07/2022,Net30,Chuyển khoản,0.05,Completed
O01811,PH0410,W011,2025-01-14,Net60,Bitcoin,0.0,Pending
O01812,PH0410,W024,09-01-2024,COD,,0.0,Completed
O01813,PH0410,W024,2022-11-01,Net30,Chuyển khoản,0.0,Completed
O01814,PH0410,W024,2022-12-23,COD,Tiền mặt,0.0,Pending
O01815,PH0410,W010,2025-03-16,COD,Tiền mặt,0.15,Completed
O01816,PH0410,W011,2023-02-23,COD,Tiền mặt,0.1,
O01817,PH0411,W019,2025-07-25,Net60,Chuyển khoản,0.0,Completed
O01818,PH0411,W007,2022-08-31,COD,Tiền mặt,0.1,Completed
O01819,PH0411,W004,2025-10-19,Net60,Chuyển khoản,0.0,Completed
O01820,PH0411,W007,2025-12-07,,Chuyển khoản,0.0,Completed
O01821,PH0411,W009,2025-03-29,COD,,0.0,Completed
O01822,PH0413,W004,06-04-2024,,Chuyển khoản,0.0,Cancelled
O01823,PH0413,W012,2025-02-02,COD,Tiền mặt,0.05,Completed
O01824,PH0413,W002,2025-08-31,COD,Tiền mặt,0.05,Completed
O01825,PH0413,W003,2023-10-15,COD,Tiền mặt,0.0,Completed
O01826,PH0413,W006,05-11-2024,COD,Tiền mặt,0.1,Completed
O01827,PH0413,W007,2024-01-22,COD,Tiền mặt,,Completed
O01828,PH0413,W006,08-02-2023,Net30,Chuyển khoản,0.1,
O01829,PH0413,W003,2025-08-20,COD,Tiền mặt,0.05,Completed
O01830,PH0413,W015,2023-07-22,COD,Tiền mặt,,Completed
O01831,PH0413,W021,2024-05-31,Net30,Chuyển khoản,0.2,Completed
O01832,PH0414,W003,2023-12-02,COD,Tiền mặt,0.0,Completed
O01833,PH0414,W022,2021-05-02,COD,Tiền mặt,0.0,Completed
O01834,PH0414,W014,2023-03-24,Net30,Chuyển khoản,0.15,Completed
O01835,PH0414,W016,2025-10-27,COD,Tiền mặt,0.05,Completed
O01836,PH0414,W023,2023-06-26,COD,Tiền mặt,0.0,
O01837,PH0415,W010,2023-04-03,Net30,Chuyển khoản,0.05,Completed
O01838,PH0415,W024,2025-04-08,COD,Tiền mặt,0.0,Returned
O01839,PH0415,W004,2022-07-15,Net30,Chuyển khoản,0.05,
O01840,PH0415,W018,2022-07-09,COD,Tiền mặt,0.1,Completed
O01841,PH0415,W013,05-07-2021,Net30,Chuyển khoản,0.05,Completed
O01842,PH0415,W022,2022-08-23,COD,Tiền mặt,0.1,Completed
O01843,PH0415,W024,2021-10-23,Net30,Thẻ,0.0,Pending
O01844,PH0415,W020,2021-09-27,,Chuyển khoản,0.0,Completed
O01845,PH0415,W016,14/05/2022,COD,,0.15,Completed
O01846,PH0416,W022,2025-03-24,,Chuyển khoản,0.1,Completed
O01847,PH0417,W017,2023-03-07,COD,Tiền mặt,0.1,Completed
O01848,PH0417,W015,2024-09-16,Net30,Chuyển khoản,0.1,Completed
O01849,PH0417,W024,2024-06-06,COD,Tiền mặt,0.05,Completed
O01850,PH0417,W013,2025-08-17,COD,Tiền mặt,0.05,Completed
O01851,PH0417,W009,2024-12-16,COD,Tiền mặt,0.0,Completed
O01852,PH0417,W015,2024-01-20,COD,Tiền mặt,0.1,Completed
O01853,PH0417,W008,2025-11-03,COD,Tiền mặt,0.0,Cancelled
O01854,PH0419,W009,2025-09-06,Net30,Chuyển khoản,0.0,Completed
O01855,PH0420,W010,2024-11-07,Net30,Chuyển khoản,0.0,Pending
O01856,PH0420,W014,2022-12-27,COD,Tiền mặt,0.0,Completed
O01857,PH0420,W020,2023-07-27,COD,Tiền mặt,0.1,
O01858,PH0420,W022,2023-01-30,Net60,Chuyển khoản,0.0,Cancelled
O01859,PH0420,W016,2023-06-01,,Tiền mặt,0.0,Completed
O01860,PH0420,W005,27/04/2024,Net30,Thẻ,0.0,Completed
O01861,PH0420,W019,2023-02-25,Net30,Chuyển khoản,0.1,Completed
O01862,PH0420,W011,12-25-2025,Net30,Chuyển khoản,0.1,Completed
O01863,PH0420,W025,2023-02-03,COD,Tiền mặt,0.1,Completed
O01864,PH0421,W007,2025-11-18,COD,Tiền mặt,0.0,Pending
O01865,PH0421,W010,12/02/2025,COD,Tiền mặt,0.0,Cancelled
O01866,PH0421,W005,2025-08-29,Net30,Chuyển khoản,0.0,Completed
O01867,PH0421,W019,2024-07-04,COD,Tiền mặt,0.05,Completed
O01868,PH0421,W001,2025-05-22,Net30,,0.0,Completed
O01869,PH0421,W002,2024-12-31,COD,Tiền mặt,0.05,Completed
O01870,PH0422,W012,2025-06-19,COD,Tiền mặt,0.1,Completed
O01871,PH0422,W003,2024-10-22,Net30,Chuyển khoản,0.0,Pending
O01872,PH0422,W020,2025-04-08,Net30,Chuyển khoản,0.0,Pending
O01873,PH0422,W015,2025-05-25,Net30,Chuyển khoản,0.05,Completed
O01874,PH0422,W013,2025-11-21,Net30,Thẻ,0.2,Completed
O01875,PH0423,W020,2022-08-05,COD,Tiền mặt,0.0,Cancelled
O01876,PH0423,W019,2021-03-24,COD,Tiền mặt,0.1,Completed
O01877,PH0423,W004,2021-03-10,Net60,Chuyển khoản,0.15,
O01878,PH0423,W014,2024-04-08,Net30,Chuyển khoản,0.0,Completed
O01879,PH0423,W022,14/07/2025,Net30,Chuyển khoản,0.0,Pending
O01880,PH0423,W012,2023-04-21,Net30,Chuyển khoản,0.05,Completed
O01881,PH0423,W010,2022-12-03,Net30,,0.0,Completed
O01882,PH0423,W003,2023-04-26,COD,Tiền mặt,0.05,Completed
O01883,PH0423,W017,2023-06-19,Net30,Chuyển khoản,0.0,Cancelled
O01884,PH0423,W007,11-29-2021,Net30,Chuyển khoản,0.05,Completed
O01885,PH0423,W018,04-05-2022,COD,Tiền mặt,,Completed
O01886,PH0423,W013,2023-03-27,Net30,Thẻ,0.0,
O01887,PH0423,W018,06-30-2021,COD,Tiền mặt,0.05,Completed
O01888,PH0424,W018,2021-09-30,Net30,Chuyển khoản,0.05,Completed
O01889,PH0425,W024,2025-02-19,Net30,Thẻ,0.2,Completed
O01890,PH0425,W024,2025-09-10,Net30,Chuyển khoản,0.0,Completed
O01891,PH0425,W005,2025-09-03,Net60,Thẻ,0.0,Completed
O01892,PH0425,W008,2025-06-06,COD,Tiền mặt,0.1,Completed
O01893,PH0425,W010,2025-10-14,COD,Tiền mặt,0.0,Pending
O01894,PH0425,W004,2024-08-11,COD,Tiền mặt,0.05,Completed
O01895,PH0426,W004,2024-07-16,Net60,Chuyển khoản,0.0,Cancelled
O01896,PH0426,W006,2024-04-24,COD,Tiền mặt,0.0,Pending
O01897,PH0427,W014,17/02/2025,COD,Tiền mặt,0.15,Completed
O01898,PH0427,W005,2024-07-02,COD,Tiền mặt,0.1,Completed
O01899,PH0427,W021,2024-06-23,COD,Tiền mặt,0.0,Pending
O01900,PH0427,W023,2023-12-21,COD,Tiền mặt,0.1,Completed
O01901,PH0428,W025,2024-04-07,COD,Tiền mặt,0.1,Completed
O01902,PH0428,W015,2025-06-10,COD,Tiền mặt,0.05,Completed
O01903,PH0428,W024,2025-02-16,Net60,Chuyển khoản,0.0,Completed
O01904,PH0428,W001,2024-09-25,COD,Tiền mặt,,Completed
O01905,PH0428,W022,2025-07-14,COD,Tiền mặt,0.0,Completed
O01906,PH0428,W024,2025-11-15,Net60,Chuyển khoản,0.0,Pending
O01907,PH0428,W010,04-30-2025,,Tiền mặt,0.1,Completed
O01908,PH0428,W010,2025-01-25,Net30,Chuyển khoản,0.0,Completed
O01909,PH0429,W012,16/02/2023,Net30,Chuyển khoản,0.0,Returned
O01910,PH0429,W006,2023-10-26,COD,Tiền mặt,0.3,Completed
O01911,PH0429,W015,04/02/2024,Net30,Chuyển khoản,0.0,Completed
O01912,PH0429,W014,08/04/2023,Net30,Chuyển khoản,0.3,Completed
O01913,PH0429,W022,2025-06-20,Net60,Chuyển khoản,0.0,Completed
O01914,PH0430,W024,2025-12-06,COD,Tiền mặt,0.2,Completed
O01915,PH0430,W002,2025-09-06,Net60,Chuyển khoản,0.0,Completed
O01916,PH0430,W008,2025-08-15,COD,Tiền mặt,0.0,
O01917,PH0430,W010,2025-05-20,COD,Tiền mặt,0.2,Completed
O01918,PH0431,W013,2023-05-24,Net30,Chuyển khoản,0.1,Completed
O01919,PH0431,W018,2024-06-15,COD,Tiền mặt,0.15,Completed
O01920,PH0432,W017,2022-01-14,COD,Tiền mặt,0.1,Completed
O01921,PH0432,W010,2024-03-14,Net30,Chuyển khoản,0.1,Completed
O01922,PH0432,W008,2023-06-06,Net30,Chuyển khoản,0.05,Completed
O01923,PH0432,W016,2022-01-25,Net30,Chuyển khoản,0.15,Completed
O01924,PH0432,W014,2023-05-30,COD,Tiền mặt,0.0,Completed
O01925,PH0432,W004,2024-12-31,COD,Tiền mặt,0.0,Pending
O01926,PH0436,W023,2023-12-27,Net60,Chuyển khoản,0.05,Completed
O01927,PH0436,W017,2024-02-29,COD,Tiền mặt,0.1,Completed
O01928,PH0436,W025,2024-11-14,Net60,Chuyển khoản,0.0,Completed
O01929,PH0436,W022,2025-07-21,COD,,0.2,Completed
O01930,PH0437,W025,2025-05-15,Net30,Chuyển khoản,0.0,Completed
O01931,PH0438,W011,2025-05-13,Net30,Chuyển khoản,0.3,Completed
O01932,PH0438,W019,2024-10-23,COD,Tiền mặt,0.0,Completed
O01933,PH0438,W024,2025-08-27,COD,Tiền mặt,0.0,Pending
O01934,PH0439,W010,2025-04-21,Net60,Chuyển khoản,0.0,Completed
O01935,PH0439,W009,2025-08-22,COD,Tiền mặt,0.0,Completed
O01936,PH0441,W019,2025-10-23,Net60,Thẻ,0.1,Completed
O01937,PH0441,W021,2024-06-18,Net60,Chuyển khoản,0.3,
O01938,PH0441,W019,2024-10-17,Net30,Chuyển khoản,0.1,Completed
O01939,PH0441,W012,01-31-2025,Net30,Thẻ,0.0,Completed
O01940,PH0442,W011,2022-06-14,Net30,Chuyển khoản,0.05,
O01941,PH0442,W016,2023-09-11,Net30,Thẻ,0.0,Pending
O01942,PH0442,W011,2022-12-28,,Chuyển khoản,0.1,Completed
O01943,PH0442,W007,2024-04-19,Net30,Thẻ,0.0,Completed
O01944,PH0442,W018,25/05/2025,Net30,Chuyển khoản,0.1,Completed
O01945,PH0442,W016,2021-07-13,COD,Tiền mặt,0.15,Completed
O01946,PH0442,W001,2024-05-18,COD,Tiền mặt,0.0,Completed
O01947,PH0442,W017,2025-06-24,COD,Tiền mặt,0.0,Cancelled
O01948,PH0442,W005,2025-07-22,COD,Tiền mặt,0.0,Completed
O01949,PH0442,W022,03/08/2021,Net30,Chuyển khoản,,Returned
O01950,PH0442,W024,2024-12-26,Net30,Chuyển khoản,0.05,Completed
O01951,PH0442,W012,03-07-2022,COD,Tiền mặt,0.15,Completed
O01952,PH0442,W004,11-27-2023,COD,Tiền mặt,0.0,Completed
O01953,PH0442,W012,2021-11-03,Net30,Thẻ,0.0,Cancelled
O01954,PH0442,W023,20/08/2022,COD,Tiền mặt,0.0,Pending
O01955,PH0442,W024,2022-02-18,COD,Tiền mặt,0.15,Completed
O01956,PH0444,W004,2024-11-26,COD,Tiền mặt,0.0,Pending
O01957,PH0445,W013,2025-05-16,COD,Tiền mặt,0.0,Completed
O01958,PH0445,W011,11/10/2025,Net30,Chuyển khoản,0.1,Completed
O01959,PH0445,W024,2025-12-21,COD,Tiền mặt,0.2,Completed
O01960,PH0445,W003,2025-12-26,COD,Tiền mặt,0.0,
O01961,PH0445,W009,28/12/2025,COD,Tiền mặt,0.0,Completed
O01962,PH0445,W015,2025-11-06,Net30,Thẻ,0.0,Completed
O01963,PH0446,W024,2025-03-01,,Chuyển khoản,0.0,Completed
O01964,PH0447,W008,2025-06-12,COD,Tiền mặt,0.0,Completed
O01965,PH0447,W015,2025-07-24,Net60,Chuyển khoản,0.15,Completed
O01966,PH0448,W025,2025-07-11,Net60,Chuyển khoản,0.05,Completed
O01967,PH0448,W004,2024-04-25,COD,Tiền mặt,0.1,Completed
O01968,PH0449,W017,2025-09-12,Net30,Thẻ,0.2,Completed
O01969,PH0449,W020,2024-03-02,Net60,Chuyển khoản,0.0,Cancelled
O01970,PH0449,W005,11-02-2024,Net30,Thẻ,0.15,Completed
O01971,PH0450,W018,2024-06-03,Net60,Chuyển khoản,0.0,Cancelled
O01972,PH0450,W019,2023-12-13,Net30,Chuyển khoản,0.05,Completed
O01973,PH0451,W007,2025-02-18,COD,Tiền mặt,0.0,Completed
O01974,PH0451,W014,2025-02-19,COD,Tiền mặt,0.0,Completed
O01975,PH0451,W008,2025-04-26,COD,Tiền mặt,0.0,Pending
O01976,PH0451,W024,08-09-2025,COD,Tiền mặt,0.1,Completed
O01977,PH0451,W020,2025-07-30,Net30,Chuyển khoản,0.15,Completed
O01978,PH0451,W004,2025-06-03,COD,Tiền mặt,0.0,Completed
O01979,PH0451,W011,10-10-2025,Net60,Chuyển khoản,0.05,Completed
O01980,PH0451,W015,02-24-2025,Net30,Chuyển khoản,0.0,Completed
O01981,PH0452,W007,2024-04-13,Net30,Chuyển khoản,0.0,Cancelled
O01982,PH0452,W025,2024-09-24,COD,Tiền mặt,0.05,Completed
O01983,PH0453,W007,2025-10-15,COD,Tiền mặt,0.0,Completed
O01984,PH0453,W019,2024-09-15,COD,Tiền mặt,,Completed
O01985,PH0453,W006,2023-06-09,COD,Tiền mặt,0.05,Completed
O01986,PH0453,W010,2023-09-11,Net30,Chuyển khoản,,Completed
O01987,PH0454,W011,2025-07-06,COD,Tiền mặt,0.0,Completed
O01988,PH0454,W014,2025-11-26,Net60,Chuyển khoản,0.0,Completed
O01989,PH0454,W025,2025-12-26,Net30,Chuyển khoản,0.0,Completed
O01990,PH0454,W009,2025-12-28,COD,Tiền mặt,0.05,Completed
O01991,PH0454,W002,2025-10-02,COD,Tiền mặt,0.0,Cancelled
O01992,PH0454,W015,2025-11-11,Net30,Thẻ,0.0,Completed
O01993,PH0454,W004,06/12/2025,COD,Tiền mặt,0.0,
O01994,PH0454,W007,2025-07-22,COD,Tiền mặt,,Completed
O01995,PH0455,W009,2025-01-29,Net60,Chuyển khoản,0.0,Completed
O01996,PH0455,W006,08-12-2025,Net30,Chuyển khoản,0.05,Completed
O01997,PH0455,W006,2025-02-15,COD,Tiền mặt,0.05,Completed
O01998,PH0455,W019,2025-02-03,COD,Tiền mặt,0.2,Completed
O01999,PH0457,W004,2024-06-06,Net30,Thẻ,0.2,Completed
O02000,PH0457,W015,03/02/2025,COD,Tiền mặt,0.0,Completed
O02001,PH0457,W009,2025-11-09,COD,Tiền mặt,,Completed
O02002,PH0457,W023,20/01/2025,Net30,Thẻ,0.1,Completed
O02003,PH0457,W012,2024-10-01,COD,Tiền mặt,0.3,Completed
O02004,PH0457,W017,2025-05-28,COD,Tiền mặt,0.05,Returned
O02005,PH0457,W023,2025-07-31,COD,,0.3,
O02006,PH0457,W011,05-09-2024,COD,Tiền mặt,0.3,Completed
O02007,PH0457,W006,2024-03-01,Net30,Chuyển khoản,0.1,Completed
O02008,PH0457,W009,2024-12-14,COD,Bitcoin,0.05,Completed
O02009,PH0457,W004,2024-01-06,Net60,Chuyển khoản,0.15,Completed
O02010,PH0457,W009,2024-03-10,,Chuyển khoản,0.0,Completed
O02011,PH0457,W021,2024-09-04,Net60,Chuyển khoản,0.0,Completed
O02012,PH0457,W012,2024-09-09,Net30,Chuyển khoản,0.15,Completed
O02013,PH0458,W025,05/07/2025,COD,Tiền mặt,0.0,Completed
O02014,PH0458,W017,2025-05-31,COD,Tiền mặt,0.1,Completed
O02015,PH0459,W018,2025-05-17,COD,Tiền mặt,,Pending
O02016,PH0459,W022,2024-08-26,COD,,0.1,Completed
O02017,PH0459,W009,2025-04-27,Net60,Chuyển khoản,,Completed
O02018,PH0459,W003,2024-08-07,Net30,Bitcoin,0.15,Completed
O02019,PH0459,W024,2025-05-11,Net30,Thẻ,0.15,Completed
O02020,PH0459,W020,2025-09-29,COD,Tiền mặt,,Completed
O02021,PH0459,W020,2025-09-25,COD,Tiền mặt,0.0,Completed
O02022,PH0460,W016,2025-05-03,COD,Tiền mặt,,Completed
O02023,PH0460,W009,2025-04-26,Net30,,0.15,Returned
O02024,PH0460,W010,2025-09-22,COD,Tiền mặt,0.0,Completed
O02025,PH0461,W001,2023-02-21,COD,Tiền mặt,0.0,Completed
O02026,PH0461,W014,2024-07-29,COD,Tiền mặt,0.1,Completed
O02027,PH0461,W024,2022-10-24,COD,Tiền mặt,0.2,Completed
O02028,PH0461,W005,2021-08-12,COD,Tiền mặt,0.05,Completed
O02029,PH0462,W017,19/09/2020,COD,Tiền mặt,0.0,Pending
O02030,PH0462,W009,2024-04-22,COD,Tiền mặt,0.0,
O02031,PH0462,W009,2023-11-28,COD,Tiền mặt,0.0,Completed
O02032,PH0464,W005,2025-02-28,COD,Tiền mặt,0.0,Completed
O02033,PH0465,W009,09-02-2023,COD,Tiền mặt,0.15,Completed
O02034,PH0465,W023,19/01/2025,Net30,Thẻ,0.0,Completed
O02035,PH0465,W006,2024-10-31,Net30,Chuyển khoản,0.0,Completed
O02036,PH0465,W010,2023-07-14,COD,Tiền mặt,0.0,Cancelled
O02037,PH0465,W025,2025-12-18,COD,Tiền mặt,0.0,Completed
O02038,PH0465,W010,2025-04-17,COD,Tiền mặt,0.05,Completed
O02039,PH0465,W005,2024-05-28,COD,Tiền mặt,0.0,Cancelled
O02040,PH0465,W008,2023-11-21,Net30,Thẻ,0.05,Completed
O02041,PH0466,W011,2024-11-12,Net30,Chuyển khoản,0.15,Completed
O02042,PH0466,W008,2025-11-25,COD,Tiền mặt,0.0,Returned
O02043,PH0466,W005,2025-01-31,COD,Tiền mặt,0.0,Completed
O02044,PH0466,W005,2025-12-03,Net30,Chuyển khoản,0.0,Completed
O02045,PH0466,W015,2024-02-19,COD,Tiền mặt,0.1,Completed
O02046,PH0466,W003,2025-08-11,COD,Tiền mặt,0.0,Completed
O02047,PH0466,W007,2025-06-19,COD,Tiền mặt,0.15,Completed
O02048,PH0466,W012,2025-02-21,COD,Tiền mặt,0.05,Completed
O02049,PH0466,W019,11-29-2025,Net30,Chuyển khoản,0.1,Completed
O02050,PH0466,W008,2024-12-14,COD,Tiền mặt,0.05,Completed
O02051,PH0466,W003,27/04/2024,Net30,Chuyển khoản,0.0,Cancelled
O02052,PH0466,W009,2024-06-24,Net30,Chuyển khoản,0.0,Returned
O02053,PH0466,W011,2025-03-24,Net60,Chuyển khoản,,Completed
O02054,PH0466,W012,2025-07-25,COD,Tiền mặt,0.1,Completed
O02055,PH0466,W013,25/11/2024,COD,Tiền mặt,0.05,Completed
O02056,PH0466,W017,2024-01-20,COD,,0.0,Pending
O02057,PH0466,W016,2024-09-04,Net60,Thẻ,0.0,Cancelled
O02058,PH0466,W003,2023-12-24,COD,Tiền mặt,,Completed
O02059,PH0466,W006,2024-10-22,COD,Tiền mặt,0.1,Completed
O02060,PH0466,W016,2025-11-17,COD,Tiền mặt,0.0,Completed
O02061,PH0466,W003,2024-05-03,COD,Tiền mặt,,Completed
O02062,PH0466,W001,2024-01-21,COD,Tiền mặt,0.05,Returned
O02063,PH0466,W012,2025-10-17,COD,Tiền mặt,0.15,Completed
O02064,PH0466,W013,2024-06-08,COD,Tiền mặt,0.1,Completed
O02065,PH0466,W003,2025-03-24,Net60,Thẻ,,Completed
O02066,PH0466,W007,2024-03-18,COD,Tiền mặt,0.1,Completed
O02067,PH0466,W010,2025-02-07,COD,Tiền mặt,0.15,Completed
O02068,PH0466,W014,2023-12-12,Net30,Chuyển khoản,0.2,Completed
O02069,PH0466,W002,2024-12-25,COD,Tiền mặt,0.0,Pending
O02070,PH0466,W018,2024-05-17,COD,Tiền mặt,0.1,Completed
O02071,PH0466,W002,2025-10-01,Net60,Chuyển khoản,0.0,Completed
O02072,PH0466,W022,2024-06-27,COD,Tiền mặt,0.0,Completed
O02073,PH0466,W004,2023-12-02,COD,Tiền mặt,0.0,Returned
O02074,PH0466,W017,2024-09-04,COD,Tiền mặt,,
O02075,PH0466,W010,2025-01-28,Net60,Bitcoin,0.05,Completed
O02076,PH0466,W022,2025-01-14,COD,Tiền mặt,0.0,Cancelled
O02077,PH0467,W019,2024-12-02,COD,Tiền mặt,0.0,Completed
O02078,PH0467,W002,2024-03-20,COD,Tiền mặt,0.15,Completed
O02079,PH0468,W015,2025-01-27,COD,Tiền mặt,0.0,Completed
O02080,PH0468,W012,2025-09-06,Net60,Chuyển khoản,0.1,Completed
O02081,PH0468,W023,2025-06-09,COD,Tiền mặt,0.0,Returned
O02082,PH0468,W013,24/06/2025,COD,Tiền mặt,0.05,Completed
O02083,PH0468,W015,2025-01-09,,Tiền mặt,0.2,Completed
O02084,PH0468,W013,09/06/2025,Net30,Bitcoin,0.05,Completed
O02085,PH0468,W018,2025-03-24,COD,Tiền mặt,0.0,Completed
O02086,PH0468,W019,2025-09-24,Net30,Chuyển khoản,0.15,Completed
O02087,PH0468,W005,2025-10-08,COD,Tiền mặt,0.0,Completed
O02088,PH0468,W011,2024-11-04,Net60,Thẻ,0.0,Completed
O02089,PH0468,W006,09/03/2025,COD,,0.0,Cancelled
O02090,PH0468,W004,2025-02-19,,Tiền mặt,0.05,Completed
O02091,PH0468,W006,2025-09-24,Net30,Thẻ,0.15,Completed
O02092,PH0468,W025,03-24-2025,Net30,Thẻ,0.0,Completed
O02093,PH0469,W011,2023-06-01,Net60,Chuyển khoản,0.15,Completed
O02094,PH0469,W017,2023-10-19,,Tiền mặt,0.0,Completed
O02095,PH0469,W019,07-29-2023,COD,Tiền mặt,0.0,Completed
O02096,PH0469,W014,2025-06-03,COD,Tiền mặt,0.0,Completed
O02097,PH0470,W013,2024-06-29,Net30,Chuyển khoản,0.0,Completed
O02098,PH0470,W019,2021-03-17,COD,Tiền mặt,0.0,Completed
O02099,PH0470,W012,2023-07-29,COD,Tiền mặt,0.0,Completed
O02100,PH0470,W019,2024-05-14,Net30,Chuyển khoản,0.2,Completed
O02101,PH0470,W020,2023-06-23,Net30,Chuyển khoản,0.1,Completed
O02102,PH0470,W014,2023-05-18,COD,Tiền mặt,0.15,Completed
O02103,PH0470,W006,2023-01-30,COD,Tiền mặt,0.0,Completed
O02104,PH0470,W015,12-18-2020,COD,Tiền mặt,0.05,Completed
O02105,PH0470,W017,2022-08-02,Net30,Chuyển khoản,0.0,Completed
O02106,PH0470,W014,2024-12-17,,Chuyển khoản,0.1,Completed
O02107,PH0470,W018,2021-10-27,COD,Tiền mặt,0.2,
O02108,PH0470,W007,2023-02-05,COD,Tiền mặt,0.15,Completed
O02109,PH0470,W022,2021-04-17,Net60,Chuyển khoản,0.1,Completed
O02110,PH0472,W017,2025-11-20,COD,Tiền mặt,0.1,Completed
O02111,PH0472,W007,2021-10-21,Net30,Thẻ,0.0,Completed
O02112,PH0472,W005,2023-12-02,Net60,Chuyển khoản,0.15,
O02113,PH0472,W007,2025-08-14,COD,Tiền mặt,0.05,Completed
O02114,PH0472,W008,2025-05-12,COD,Tiền mặt,0.2,Completed
O02115,PH0472,W017,2021-09-20,Net30,Thẻ,0.0,Pending
O02116,PH0472,W015,2021-11-29,COD,Bitcoin,,Completed
O02117,PH0472,W019,2025-08-09,Net60,Chuyển khoản,0.0,Completed
O02118,PH0472,W007,2024-04-28,Net30,Chuyển khoản,0.0,Pending
O02119,PH0472,W011,2024-03-28,COD,Tiền mặt,0.1,Completed
O02120,PH0473,W020,2025-09-09,Net30,Chuyển khoản,0.0,Cancelled
O02121,PH0473,W017,12/09/2023,COD,Tiền mặt,0.0,Completed
O02122,PH0473,W002,2025-08-22,COD,,0.0,Completed
O02123,PH0474,W009,2023-10-23,Net30,,0.05,Completed
O02124,PH0474,W020,2024-07-19,COD,Tiền mặt,0.0,Pending
O02125,PH0474,W003,2024-12-28,COD,Tiền mặt,0.0,Completed
O02126,PH0474,W007,2025-03-14,COD,Tiền mặt,0.2,Completed
O02127,PH0474,W015,2024-07-23,COD,Tiền mặt,0.05,Completed
O02128,PH0474,W008,2023-11-21,Net30,Thẻ,0.0,Completed
O02129,PH0474,W016,14/05/2025,Net30,Chuyển khoản,0.15,Completed
O02130,PH0474,W016,2023-12-30,Net30,Chuyển khoản,0.0,Completed
O02131,PH0474,W009,2024-05-07,COD,Tiền mặt,0.15,Completed
O02132,PH0474,W022,2025-04-16,COD,Tiền mặt,0.0,
O02133,PH0474,W011,2025-04-23,Net60,Chuyển khoản,0.0,Completed
O02134,PH0475,W002,2025-10-10,COD,Tiền mặt,0.15,Completed
O02135,PH0475,W011,2025-09-24,Net30,Chuyển khoản,0.1,Completed
O02136,PH0475,W015,2025-12-16,COD,Tiền mặt,0.1,Completed
O02137,PH0475,W021,24/11/2025,Net30,,0.0,Completed
O02138,PH0476,W014,2025-04-25,COD,Tiền mặt,0.1,Completed
O02139,PH0477,W003,2021-12-21,Net30,Chuyển khoản,0.05,Completed
O02140,PH0477,W005,2022-08-24,COD,Tiền mặt,0.0,Cancelled
O02141,PH0477,W005,2021-01-26,Net60,Chuyển khoản,0.0,Cancelled
O02142,PH0477,W025,09/04/2023,Net30,Chuyển khoản,0.05,Completed
O02143,PH0477,W015,2025-07-14,,Tiền mặt,0.2,Completed
O02144,PH0477,W015,2024-01-24,Net30,Chuyển khoản,,Completed
O02145,PH0478,W019,2024-12-04,Net30,Thẻ,0.05,Completed
O02146,PH0478,W011,29/03/2025,Net30,Chuyển khoản,0.15,Completed
O02147,PH0478,W012,2025-04-08,COD,Tiền mặt,0.0,Cancelled
O02148,PH0478,W001,2025-07-12,COD,Tiền mặt,0.0,Completed
O02149,PH0478,W019,2025-01-02,Net30,,0.0,Completed
O02150,PH0478,W002,03/05/2024,Net30,,0.0,Pending
O02151,PH0478,W024,06-14-2025,COD,Tiền mặt,0.0,
O02152,PH0478,W021,2025-08-09,COD,Tiền mặt,0.0,Cancelled
O02153,PH0478,W015,2025-03-03,Net30,Chuyển khoản,0.0,Completed
O02154,PH0478,W013,2025-11-05,Net30,Chuyển khoản,0.1,Completed
O02155,PH0479,W016,16/10/2024,Net30,Chuyển khoản,,
O02156,PH0479,W006,2025-06-14,Net60,Chuyển khoản,0.0,Pending
O02157,PH0480,W007,2024-11-02,Net30,Chuyển khoản,0.15,
O02158,PH0480,W005,2024-12-28,COD,Tiền mặt,0.2,Returned
O02159,PH0480,W012,2025-11-16,Net30,Chuyển khoản,0.0,Completed
O02160,PH0481,W023,16/05/2022,,Chuyển khoản,0.2,Returned
O02161,PH0481,W005,2022-03-25,COD,Tiền mặt,0.05,Completed
O02162,PH0481,W004,2023-11-12,Net30,Thẻ,,Completed
O02163,PH0481,W025,2024-07-01,COD,Tiền mặt,0.0,
O02164,PH0481,W012,2024-11-09,Net30,Chuyển khoản,0.0,Returned
O02165,PH0481,W017,2024-04-18,Net30,Chuyển khoản,0.2,Completed
O02166,PH0482,W016,2024-03-29,Net30,Chuyển khoản,0.15,
O02167,PH0483,W018,2024-11-29,COD,Tiền mặt,0.2,Completed
O02168,PH0483,W002,2025-12-19,COD,Tiền mặt,0.05,Completed
O02169,PH0483,W014,2024-04-01,COD,Tiền mặt,0.05,Completed
O02170,PH0483,W023,2025-06-07,Net30,Thẻ,0.0,Completed
O02171,PH0483,W007,2022-07-27,Net60,Chuyển khoản,0.0,Pending
O02172,PH0483,W016,2021-07-16,Net30,Chuyển khoản,0.1,Completed
O02173,PH0483,W025,2023-12-29,COD,Tiền mặt,0.05,
O02174,PH0484,W020,2024-01-18,,,0.15,Completed
O02175,PH0484,W004,2025-11-11,Net60,Thẻ,0.1,Completed
O02176,PH0484,W005,2023-08-08,Net30,Thẻ,0.0,Completed
O02177,PH0484,W014,2023-06-11,Net60,Chuyển khoản,0.0,Completed
O02178,PH0484,W016,11-08-2022,Net30,Chuyển khoản,0.0,Cancelled
O02179,PH0484,W017,2025-03-19,COD,Tiền mặt,,Completed
O02180,PH0484,W020,2023-01-29,Net30,Chuyển khoản,0.0,Completed
O02181,PH0487,W012,14/03/2025,Net30,Chuyển khoản,0.0,Completed
O02182,PH0487,W023,2025-05-15,COD,Tiền mặt,0.15,Completed
O02183,PH0488,W005,2024-06-01,Net30,Thẻ,0.1,Completed
O02184,PH0488,W010,04-05-2025,COD,,0.0,Completed
O02185,PH0488,W010,12-04-2025,Net60,Chuyển khoản,0.0,Completed
O02186,PH0488,W020,2024-04-23,Net30,Chuyển khoản,0.0,Completed
O02187,PH0488,W001,2024-01-25,Net60,Chuyển khoản,0.0,Pending
O02188,PH0488,W002,2024-11-16,Net60,Chuyển khoản,0.05,Completed
O02189,PH0489,W011,26/06/2025,COD,Tiền mặt,0.0,Completed
O02190,PH0489,W001,2022-08-08,Net30,Chuyển khoản,0.15,Completed
O02191,PH0490,W011,2023-08-23,COD,Tiền mặt,0.1,Completed
O02192,PH0491,W019,2023-03-08,Net60,Thẻ,0.0,Pending
O02193,PH0491,W010,2023-10-30,,Thẻ,0.0,Completed
O02194,PH0491,W006,2022-08-15,Net60,Chuyển khoản,0.2,
O02195,PH0491,W020,2025-09-05,Net30,Chuyển khoản,0.0,Completed
O02196,PH0492,W024,2025-08-10,Net30,Chuyển khoản,0.15,Completed
O02197,PH0492,W017,2025-08-06,Net60,Chuyển khoản,0.0,Cancelled
O02198,PH0492,W004,2025-04-02,Net30,Thẻ,0.1,
O02199,PH0492,W024,2025-06-29,COD,Tiền mặt,0.0,Cancelled
O02200,PH0492,W002,2024-11-25,COD,Tiền mặt,0.05,Completed
O02201,PH0493,W003,2024-10-15,Net30,Chuyển khoản,0.0,Completed
O02202,PH0493,W008,17/08/2023,COD,Tiền mặt,0.05,Completed
O02203,PH0493,W023,2025-10-08,COD,Tiền mặt,0.0,Completed
O02204,PH0493,W023,23/04/2023,COD,,0.2,Completed
O02205,PH0493,W017,2025-08-09,COD,,0.1,Completed
O02206,PH0493,W017,2023-05-16,COD,Tiền mặt,0.05,Completed
O02207,PH0494,W014,2024-09-11,COD,Tiền mặt,0.0,Completed
O02208,PH0494,W014,2024-03-27,COD,Tiền mặt,0.0,Cancelled
O02209,PH0494,W002,2024-09-02,COD,Tiền mặt,0.05,Completed
O02210,PH0495,W025,2025-04-23,Net30,Thẻ,0.0,Completed
O02211,PH0495,W022,2025-08-07,Net30,Chuyển khoản,0.1,
O02212,PH0495,W002,2024-01-12,Net30,Chuyển khoản,0.0,Pending
O02213,PH0495,W004,10-24-2025,COD,Tiền mặt,0.15,Completed
O02214,PH0495,W025,2024-06-30,Net30,Chuyển khoản,0.1,Completed
O02215,PH0495,W013,2024-06-23,COD,Tiền mặt,0.15,Completed
O02216,PH0495,W024,2025-10-05,COD,Tiền mặt,0.05,Completed
O02217,PH0495,W011,2025-07-17,COD,Tiền mặt,0.1,Completed
O02218,PH0495,W008,2025-11-27,Net60,Chuyển khoản,0.0,Pending
O02219,PH0496,W008,2023-11-16,Net30,Chuyển khoản,0.0,Pending
O02220,PH0496,W008,03-22-2024,Net30,,0.0,Pending
O02221,PH0496,W025,2024-11-11,Net30,Chuyển khoản,0.0,Completed
O02222,PH0496,W020,2025-09-16,COD,Tiền mặt,0.1,Completed
O02223,PH0496,W005,2024-04-15,Net60,Chuyển khoản,0.05,Completed
O02224,PH0496,W020,03-11-2025,COD,Tiền mặt,0.15,Completed
O02225,PH0496,W012,2024-10-22,COD,Tiền mặt,0.0,Completed
O02226,PH0496,W019,2024-08-03,Net30,Chuyển khoản,0.1,Completed
O02227,PH0496,W012,2024-05-07,COD,Tiền mặt,0.0,Completed
O02228,PH0496,W012,2025-03-19,Net30,Chuyển khoản,0.0,Completed
O02229,PH0497,W010,2025-05-21,COD,Tiền mặt,0.15,Completed
O02230,PH0497,W022,2024-04-27,COD,Tiền mặt,0.0,Completed
O02231,PH0497,W006,2025-08-01,Net30,Thẻ,0.05,Completed
O02232,PH0497,W010,2023-04-09,Net60,Chuyển khoản,0.05,Completed
O02233,PH0497,W007,2023-07-15,Net30,Chuyển khoản,0.0,Completed
O02234,PH0497,W011,2024-05-02,Net60,Chuyển khoản,0.0,Completed
O02235,PH0497,W011,2024-12-03,COD,,,Completed
O02236,PH0497,W001,2025-08-14,Net60,Thẻ,0.3,Completed
O02237,PH0497,W016,2025-10-28,Net30,Chuyển khoản,0.0,Pending
O02238,PH0497,W018,2023-06-16,Net60,Chuyển khoản,0.05,Completed
O02239,PH0497,W013,2024-08-15,Net60,Chuyển khoản,0.05,Completed
O02240,PH0497,W004,2025-02-12,COD,Tiền mặt,0.0,Pending
O02241,PH0497,W016,2024-08-26,COD,Tiền mặt,0.0,Completed
O02242,PH0498,W020,2025-12-30,COD,Tiền mặt,0.0,Completed
O02243,PH0498,W012,2025-01-16,COD,Tiền mặt,0.0,Completed
O02244,PH0499,W017,2025-02-09,COD,Tiền mặt,0.1,Completed
O02245,PH0499,W013,2022-11-04,COD,Tiền mặt,0.0,Pending
O02246,PH0499,W008,2022-08-20,,Chuyển khoản,0.05,Completed
O02247,PH0499,W012,2022-06-01,Net60,,,Completed
O02248,PH0499,W004,2024-09-26,Net30,Thẻ,0.0,Completed
O02249,PH0499,W017,20/08/2025,Net30,Chuyển khoản,0.0,Pending
O02250,PH0499,W008,2025-02-14,COD,Tiền mặt,0.0,Completed
O02251,PH0499,W022,2021-10-03,COD,Tiền mặt,0.0,Completed
O02252,PH0499,W025,14/03/2025,COD,Tiền mặt,0.1,Completed
O02253,PH0499,W021,2024-11-19,COD,Tiền mặt,0.0,Completed
O02254,PH0500,W017,12/09/2025,Net30,Chuyển khoản,0.0,Completed
O02255,PH0500,W019,2025-01-21,Net60,Thẻ,0.0,Completed
O02256,PH0500,W020,2024-07-07,Net60,Chuyển khoản,0.0,Completed
O02257,PH0500,W017,2025-10-05,COD,Tiền mặt,0.1,Completed
O02258,PH0501,W011,2025-09-12,COD,Tiền mặt,0.1,Completed
O02259,PH0501,W005,2024-12-07,COD,Tiền mặt,0.1,Completed
O02260,PH0501,W002,2025-09-30,Net60,Chuyển khoản,0.0,Completed
O02261,PH0501,W003,2025-05-26,COD,Tiền mặt,0.0,Completed
O02262,PH0501,W005,2025-12-30,COD,Tiền mặt,0.1,Completed
O02263,PH0502,W007,2025-06-08,COD,Tiền mặt,0.0,Completed
O02264,PH0502,W019,2025-04-26,Net60,Chuyển khoản,0.0,Completed
O02265,PH0502,W006,2025-04-10,Net30,Chuyển khoản,0.0,Cancelled
O02266,PH0504,W011,17/12/2024,Net30,Chuyển khoản,0.0,Completed
O02267,PH0504,W024,2022-11-16,COD,Tiền mặt,0.05,Completed
O02268,PH0504,W009,2022-06-23,Net30,Chuyển khoản,0.0,Pending
O02269,PH0505,W005,2025-10-25,,Tiền mặt,0.0,Completed
O02270,PH0506,W005,05/12/2022,Net30,Chuyển khoản,0.2,Completed
O02271,PH0506,W018,2021-10-25,COD,Tiền mặt,0.15,Completed
O02272,PH0506,W018,2023-01-24,COD,Tiền mặt,,
O02273,PH0506,W016,2021-07-08,COD,Tiền mặt,0.2,Completed
O02274,PH0506,W015,06-05-2023,COD,Tiền mặt,0.05,Returned
O02275,PH0506,W022,2025-09-04,Net30,Chuyển khoản,0.05,Completed
O02276,PH0507,W012,2024-02-02,COD,Tiền mặt,0.0,Completed
O02277,PH0507,W012,11-01-2023,Net60,Chuyển khoản,0.15,Completed
O02278,PH0508,W005,2024-07-06,COD,Tiền mặt,0.0,Completed
O02279,PH0509,W022,2024-01-26,COD,Tiền mặt,0.0,Pending
O02280,PH0509,W015,2024-06-11,COD,Tiền mặt,0.0,Returned
O02281,PH0509,W002,2025-08-04,Net30,Chuyển khoản,0.3,Completed
O02282,PH0509,W012,27/10/2024,Net30,Chuyển khoản,0.15,Completed
O02283,PH0510,W017,2025-11-20,Net30,Chuyển khoản,0.0,Completed
O02284,PH0510,W011,2025-11-02,,Chuyển khoản,0.0,Completed
O02285,PH0510,W004,30/06/2025,,Chuyển khoản,0.0,Completed
O02286,PH0510,W018,2024-05-17,COD,Tiền mặt,0.15,Completed
O02287,PH0510,W013,2025-10-23,Net30,Chuyển khoản,0.05,Completed
O02288,PH0511,W015,2025-08-18,COD,,0.1,Completed
O02289,PH0511,W011,26/03/2025,Net30,Chuyển khoản,0.0,Completed
O02290,PH0511,W011,2025-06-23,Net30,Thẻ,0.0,Completed
O02291,PH0511,W013,23/05/2025,COD,Tiền mặt,0.1,Completed
O02292,PH0511,W006,2025-02-04,Net30,Chuyển khoản,0.0,Completed
O02293,PH0511,W002,2025-03-17,COD,Tiền mặt,0.0,Pending
O02294,PH0513,W017,2023-04-16,Net30,Chuyển khoản,0.0,Completed
O02295,PH0513,W019,01-28-2023,Net30,Chuyển khoản,0.0,Cancelled
O02296,PH0513,W001,2022-12-20,Net30,Chuyển khoản,0.0,Completed
O02297,PH0513,W015,2023-04-03,COD,Tiền mặt,0.0,Completed
O02298,PH0513,W015,2022-08-03,Net30,Chuyển khoản,0.15,Completed
O02299,PH0513,W017,08-19-2023,Net30,Chuyển khoản,0.0,Completed
O02300,PH0514,W010,2023-03-06,Net30,Chuyển khoản,0.0,Cancelled
O02301,PH0515,W025,2024-11-17,COD,Tiền mặt,0.3,Completed
O02302,PH0515,W016,2024-11-18,COD,Tiền mặt,0.1,Completed
O02303,PH0515,W017,2025-01-30,COD,Tiền mặt,0.0,Pending
O02304,PH0515,W003,03-14-2025,COD,Tiền mặt,0.0,Completed
O02305,PH0515,W012,2025-08-24,Net30,Chuyển khoản,,Completed
O02306,PH0515,W023,2025-02-26,COD,Tiền mặt,0.05,Completed
O02307,PH0516,W002,2025-08-10,Net60,Thẻ,0.1,
O02308,PH0516,W009,2024-02-21,COD,Tiền mặt,0.15,Completed
O02309,PH0516,W021,12-27-2025,COD,Tiền mặt,0.15,Completed
O02310,PH0517,W015,06-14-2025,COD,Tiền mặt,0.05,Completed
O02311,PH0517,W014,2025-11-12,Net30,Chuyển khoản,0.0,Completed
O02312,PH0517,W025,20/08/2025,Net60,Chuyển khoản,0.0,Completed
O02313,PH0517,W009,2025-05-14,COD,Tiền mặt,0.0,Pending
O02314,PH0517,W012,06-27-2025,Net30,Chuyển khoản,0.0,Pending
O02315,PH0517,W004,2025-04-27,COD,Tiền mặt,0.15,Completed
O02316,PH0517,W005,2025-05-16,COD,Tiền mặt,0.1,Completed
O02317,PH0517,W006,06-27-2025,COD,Tiền mặt,0.05,Completed
O02318,PH0517,W002,2025-11-08,Net30,Chuyển khoản,0.05,Completed
O02319,PH0518,W025,2023-11-17,Net30,Chuyển khoản,0.0,Completed
O02320,PH0518,W001,02-28-2023,COD,Tiền mặt,0.0,Completed
O02321,PH0519,W007,2025-11-20,Net30,Chuyển khoản,0.0,Completed
O02322,PH0519,W022,2025-09-14,COD,Tiền mặt,0.05,Completed
O02323,PH0519,W010,2025-12-06,COD,Tiền mặt,0.0,Cancelled
O02324,PH0519,W018,2025-03-25,COD,Tiền mặt,0.2,Completed
O02325,PH0519,W009,2025-09-04,Net30,Thẻ,0.0,Completed
O02326,PH0519,W025,2025-11-21,COD,Tiền mặt,0.0,Completed
O02327,PH0520,W025,2025-09-16,COD,Tiền mặt,0.0,Cancelled
O02328,PH0520,W009,2024-09-04,Net30,Chuyển khoản,0.05,Completed
O02329,PH0520,W011,2024-11-16,COD,Tiền mặt,0.1,Completed
O02330,PH0520,W014,2022-12-01,COD,Tiền mặt,0.0,Completed
O02331,PH0520,W001,2025-08-22,Net30,Chuyển khoản,0.1,Completed
O02332,PH0520,W024,10/06/2023,Net60,Chuyển khoản,0.0,Completed
O02333,PH0520,W023,26/08/2023,COD,,0.0,Completed
O02334,PH0520,W005,20/06/2025,COD,Tiền mặt,0.05,Completed
O02335,PH0520,W009,2023-03-26,COD,Tiền mặt,0.1,Completed
O02336,PH0520,W013,2025-02-12,COD,Tiền mặt,0.1,Completed
O02337,PH0520,W023,2025-05-08,Net60,Chuyển khoản,0.05,Completed
O02338,PH0520,W015,2023-01-13,Net60,Chuyển khoản,0.2,Completed
O02339,PH0520,W022,2025-03-25,COD,Tiền mặt,0.2,Completed
O02340,PH0521,W013,2025-04-25,Net30,Chuyển khoản,0.0,Pending
O02341,PH0522,W014,2025-08-16,Net30,Chuyển khoản,0.05,Returned
O02342,PH0522,W001,2025-12-05,COD,,0.0,Completed
O02343,PH0522,W017,13/12/2025,COD,Tiền mặt,0.0,Completed
O02344,PH0522,W002,2025-01-27,Net30,Chuyển khoản,0.1,Completed
O02345,PH0522,W010,2025-05-20,Net30,Chuyển khoản,0.2,Completed
O02346,PH0523,W009,2022-09-02,Net30,Chuyển khoản,0.05,Completed
O02347,PH0523,W021,2023-03-22,COD,Tiền mặt,0.0,Cancelled
O02348,PH0523,W011,2022-10-16,Net30,Thẻ,0.0,
O02349,PH0523,W024,2022-09-02,COD,Tiền mặt,,Pending
O02350,PH0524,W006,11/02/2024,Net30,Chuyển khoản,0.05,Returned
O02351,PH0524,W010,2023-05-02,Net30,Chuyển khoản,0.0,Pending
O02352,PH0524,W012,2025-05-03,COD,Tiền mặt,0.0,Returned
O02353,PH0524,W002,2024-03-10,COD,Tiền mặt,0.15,Completed
O02354,PH0524,W011,2023-09-11,Net30,Thẻ,,Completed
O02355,PH0525,W017,2025-10-14,COD,Tiền mặt,0.0,Pending
O02356,PH0525,W019,2025-01-09,Net30,Thẻ,0.05,Completed
O02357,PH0525,W015,2024-09-20,Net30,Chuyển khoản,0.15,Completed
O02358,PH0525,W025,2021-07-10,Net30,Thẻ,0.1,Completed
O02359,PH0525,W017,2021-02-05,Net30,Thẻ,0.0,Completed
O02360,PH0525,W001,18/06/2021,COD,Tiền mặt,0.0,Completed
O02361,PH0525,W017,2023-01-14,COD,Tiền mặt,0.1,Completed
O02362,PH0525,W021,26/12/2024,COD,Tiền mặt,0.0,Pending
O02363,PH0526,W010,2024-03-19,COD,Tiền mặt,0.15,Completed
O02364,PH0526,W014,12-01-2025,COD,Tiền mặt,0.0,Completed
O02365,PH0527,W006,2025-12-15,Net30,Chuyển khoản,0.05,Completed
O02366,PH0528,W013,2022-09-06,Net30,Thẻ,0.05,Completed
O02367,PH0529,W018,2024-06-24,COD,Tiền mặt,0.2,Completed
O02368,PH0529,W017,2023-10-06,Net60,Chuyển khoản,0.2,Completed
O02369,PH0529,W007,2024-01-27,Net60,Thẻ,0.1,Completed
O02370,PH0529,W022,2025-06-22,Net30,Thẻ,0.0,Completed
O02371,PH0529,W008,2025-09-06,Net30,Chuyển khoản,0.0,Completed
O02372,PH0529,W013,2023-11-18,Net30,Chuyển khoản,0.05,Completed
O02373,PH0529,W006,2023-05-04,Net30,Chuyển khoản,0.1,Completed
O02374,PH0530,W007,2024-07-22,COD,Tiền mặt,0.1,Completed
O02375,PH0530,W025,2024-05-03,Net30,Chuyển khoản,0.0,Completed
O02376,PH0530,W010,2024-03-26,Net30,,0.0,Completed
O02377,PH0530,W009,2024-02-07,COD,Tiền mặt,0.1,
O02378,PH0530,W011,2024-03-01,COD,Tiền mặt,0.0,Completed
O02379,PH0530,W001,2025-05-26,COD,Tiền mặt,,Pending
O02380,PH0531,W002,2025-04-02,COD,Tiền mặt,,Cancelled
O02381,PH0531,W009,2024-11-26,Net30,Chuyển khoản,0.2,Completed
O02382,PH0531,W004,2025-02-27,COD,Tiền mặt,0.0,Pending
O02383,PH0531,W012,2025-12-26,COD,Tiền mặt,0.05,Completed
O02384,PH0531,W018,2025-12-30,Net30,Thẻ,0.05,Completed
O02385,PH0533,W004,2022-12-23,COD,Tiền mặt,0.15,Completed
O02386,PH0533,W013,06/12/2024,Net30,Chuyển khoản,0.1,Completed
O02387,PH0533,W020,2024-05-07,COD,Tiền mặt,0.1,
O02388,PH0533,W014,2025-04-22,COD,Tiền mặt,0.0,Completed
O02389,PH0533,W022,2022-06-17,COD,Tiền mặt,0.15,Completed
O02390,PH0534,W006,26/12/2024,Net30,Chuyển khoản,0.05,Completed
O02391,PH0534,W013,2024-06-17,COD,Tiền mặt,0.05,Completed
O02392,PH0535,W009,2025-10-06,COD,Tiền mặt,0.0,Completed
O02393,PH0535,W003,2024-10-20,Net30,Thẻ,0.1,Completed
O02394,PH0536,W021,2025-10-25,Net60,Chuyển khoản,,Completed
O02395,PH0536,W015,2025-04-27,Net30,,0.0,Completed
O02396,PH0536,W004,2025-05-25,Net60,Chuyển khoản,0.1,Completed
O02397,PH0536,W006,2025-10-24,COD,Tiền mặt,0.0,Completed
O02398,PH0536,W002,2025-07-01,Net30,Chuyển khoản,0.0,Completed
O02399,PH0536,W017,2025-11-25,COD,Tiền mặt,0.0,Pending
O02400,PH0536,W023,05-11-2025,Net30,Chuyển khoản,0.0,Completed
O02401,PH0536,W013,2025-04-06,Net30,Chuyển khoản,0.0,Pending
O02402,PH0536,W002,2025-12-24,COD,Tiền mặt,0.0,Completed
O02403,PH0536,W008,07-30-2025,COD,,0.0,Pending
O02404,PH0536,W017,2025-04-21,COD,,0.0,Completed
O02405,PH0536,W009,09-25-2025,COD,Tiền mặt,0.0,Cancelled
O02406,PH0536,W012,2025-09-06,COD,Tiền mặt,,Completed
O02407,PH0538,W023,2024-12-14,Net30,Chuyển khoản,0.0,Completed
O02408,PH0538,W015,05/07/2025,Net60,Thẻ,0.1,Completed
O02409,PH0538,W013,2023-06-15,Net30,Chuyển khoản,0.1,Completed
O02410,PH0538,W023,2025-09-14,COD,Tiền mặt,0.15,
O02411,PH0539,W014,2025-10-26,Net30,Chuyển khoản,0.0,Completed
O02412,PH0539,W015,24/08/2024,COD,Tiền mặt,0.1,Completed
O02413,PH0539,W004,2024-12-07,COD,Tiền mặt,0.15,Completed
O02414,PH0539,W005,07-11-2025,COD,Tiền mặt,0.0,Completed
O02415,PH0539,W008,2025-08-09,Net30,,0.15,Completed
O02416,PH0539,W017,2024-10-18,Net60,Chuyển khoản,0.05,Completed
O02417,PH0539,W015,2025-01-11,COD,Tiền mặt,0.0,Pending
O02418,PH0539,W016,2025-06-15,COD,Tiền mặt,0.15,Completed
O02419,PH0540,W019,2024-08-26,COD,Tiền mặt,0.3,
O02420,PH0541,W008,2024-12-14,COD,Tiền mặt,0.15,Completed
O02421,PH0542,W010,2024-02-02,Net30,Chuyển khoản,0.0,Cancelled
O02422,PH0542,W005,2022-01-08,Net30,Chuyển khoản,0.0,Pending
O02423,PH0542,W015,2025-10-04,COD,Tiền mặt,0.0,Completed
O02424,PH0542,W018,2025-05-24,COD,Tiền mặt,0.15,Completed
O02425,PH0542,W008,2025-02-03,Net60,Chuyển khoản,0.1,Completed
O02426,PH0542,W006,15/12/2023,COD,Tiền mặt,0.0,Completed
O02427,PH0542,W024,2024-12-18,COD,Tiền mặt,0.0,Completed
O02428,PH0543,W024,2024-02-11,Net30,Chuyển khoản,0.0,Completed
O02429,PH0543,W019,2023-12-23,Net30,Chuyển khoản,0.1,Completed
O02430,PH0543,W008,2024-08-18,COD,Tiền mặt,0.05,Completed
O02431,PH0544,W003,2025-04-24,,Tiền mặt,0.05,Completed
O02432,PH0544,W023,2025-04-30,Net30,Chuyển khoản,0.0,Completed
O02433,PH0544,W020,2025-03-29,COD,Tiền mặt,0.05,Completed
O02434,PH0545,W006,2024-12-30,Net30,Thẻ,0.05,
O02435,PH0545,W008,2023-07-02,Net30,Chuyển khoản,,Completed
O02436,PH0545,W025,2024-02-06,COD,Tiền mặt,0.15,Completed
O02437,PH0545,W015,2024-03-28,COD,Tiền mặt,0.05,
O02438,PH0546,W018,2022-02-25,Net60,Chuyển khoản,0.15,Completed
O02439,PH0546,W014,2024-08-03,Net60,Chuyển khoản,0.05,Completed
O02440,PH0547,W018,2021-07-04,COD,Tiền mặt,0.0,Completed
O02441,PH0547,W010,11-22-2024,COD,Tiền mặt,0.05,Completed
O02442,PH0547,W021,2024-04-10,,,0.3,Completed
O02443,PH0547,W008,01/12/2022,COD,Tiền mặt,0.0,Completed
O02444,PH0547,W004,2022-11-03,COD,Tiền mặt,0.0,Cancelled
O02445,PH0548,W001,26/02/2024,COD,Tiền mặt,0.0,Returned
O02446,PH0548,W006,2023-06-22,COD,Tiền mặt,0.0,Completed
O02447,PH0548,W002,2024-05-28,COD,Tiền mặt,0.0,Pending
O02448,PH0549,W001,06/09/2023,Net60,Chuyển khoản,0.1,Returned
O02449,PH0549,W018,2025-06-19,COD,Tiền mặt,0.0,Completed
O02450,PH0550,W007,2025-11-15,COD,Tiền mặt,0.1,Completed
O02451,PH0551,W007,2025-09-01,Net30,Chuyển khoản,0.0,Completed
O02452,PH0552,W016,2023-08-23,COD,Tiền mặt,0.05,Completed
O02453,PH0552,W005,2025-06-10,Net60,Chuyển khoản,0.05,Completed
O02454,PH0552,W019,2025-01-06,COD,Tiền mặt,0.0,Cancelled
O02455,PH0552,W008,2024-02-19,COD,Tiền mặt,0.05,Completed
O02456,PH0552,W014,2023-08-27,Net30,Chuyển khoản,0.0,Completed
O02457,PH0552,W023,2024-01-13,COD,,0.0,Completed
O02458,PH0552,W007,2024-09-11,Net30,Chuyển khoản,0.05,Completed
O02459,PH0552,W001,2025-05-23,Net60,Chuyển khoản,0.0,Completed
O02460,PH0552,W003,2024-07-01,COD,Tiền mặt,0.0,Completed
O02461,PH0553,W018,2023-10-16,Net30,Chuyển khoản,0.1,Completed
O02462,PH0553,W007,2025-11-11,Net30,Chuyển khoản,0.0,Completed
O02463,PH0553,W004,2023-05-04,COD,Tiền mặt,0.0,Cancelled
O02464,PH0553,W019,15/07/2022,COD,Tiền mặt,0.05,Completed
O02465,PH0553,W021,2023-08-11,Net30,Chuyển khoản,0.15,Completed
O02466,PH0553,W014,12-07-2022,COD,Tiền mặt,0.0,Pending
O02467,PH0553,W007,03/11/2021,COD,Tiền mặt,0.0,Returned
O02468,PH0553,W021,2021-12-14,COD,Tiền mặt,0.0,Completed
O02469,PH0554,W011,2025-05-19,Net30,Thẻ,0.2,Completed
O02470,PH0554,W010,02-21-2025,COD,Tiền mặt,0.0,Completed
O02471,PH0554,W020,2024-07-23,Net30,Chuyển khoản,0.05,Completed
O02472,PH0554,W017,01-15-2024,COD,Tiền mặt,0.05,Completed
O02473,PH0554,W021,2025-07-04,,Tiền mặt,0.0,Completed
O02474,PH0554,W022,2024-01-16,COD,Tiền mặt,0.1,Completed
O02475,PH0554,W005,2024-11-02,Net30,Chuyển khoản,0.0,Returned
O02476,PH0555,W009,2025-07-09,Net30,Chuyển khoản,0.1,Completed
O02477,PH0555,W011,2025-10-04,Net60,Chuyển khoản,0.0,Completed
O02478,PH0556,W022,12-09-2023,Net30,Thẻ,0.0,Cancelled
O02479,PH0556,W002,2025-12-25,COD,,0.0,Completed
O02480,PH0556,W004,2025-03-05,COD,Tiền mặt,0.0,
O02481,PH0556,W008,11-01-2023,Net30,Thẻ,0.1,Completed
O02482,PH0557,W015,2022-11-25,COD,Tiền mặt,0.0,Pending
O02483,PH0557,W005,2020-08-20,Net30,Chuyển khoản,0.0,Completed
O02484,PH0557,W010,23/06/2024,COD,Tiền mặt,0.05,Completed
O02485,PH0558,W009,2023-07-23,COD,Tiền mặt,0.0,Completed
O02486,PH0558,W017,2025-02-26,Net30,Chuyển khoản,0.0,Completed
O02487,PH0558,W023,2024-03-19,COD,Tiền mặt,0.1,Completed
O02488,PH0558,W013,2024-05-17,,Chuyển khoản,0.0,Cancelled
O02489,PH0558,W015,2022-01-07,COD,Tiền mặt,0.0,Completed
O02490,PH0558,W002,2024-09-30,Net30,Thẻ,0.05,Completed
O02491,PH0558,W013,2025-12-27,COD,Tiền mặt,,Completed
O02492,PH0558,W016,2023-11-12,COD,Tiền mặt,0.05,Completed
O02493,PH0558,W007,2021-06-08,COD,Tiền mặt,0.1,Completed
O02494,PH0559,W019,2024-11-24,COD,,0.1,Returned
O02495,PH0559,W013,2025-07-12,COD,Tiền mặt,0.15,Completed
O02496,PH0560,W004,2024-02-16,Net30,Chuyển khoản,0.0,Completed
O02497,PH0560,W001,06/07/2025,COD,Tiền mặt,0.0,Completed
O02498,PH0560,W009,2024-12-09,Net60,Chuyển khoản,0.15,Completed
O02499,PH0560,W010,2023-11-27,Net30,Chuyển khoản,0.1,Completed
O02500,PH0561,W012,2025-04-08,COD,,0.15,Completed
O02501,PH0561,W017,2025-10-10,,Chuyển khoản,0.0,Completed
O02502,PH0561,W023,09/10/2025,Net30,Chuyển khoản,0.0,Completed
O02503,PH0561,W002,2025-02-06,Net30,Thẻ,,Completed
O02504,PH0562,W023,2024-08-23,Net60,Chuyển khoản,0.0,Pending
O02505,PH0562,W014,2025-09-22,COD,Tiền mặt,0.1,Completed
O02506,PH0562,W025,05/08/2025,COD,Tiền mặt,0.1,Completed
O02507,PH0562,W010,2023-02-13,,Thẻ,0.05,Completed
O02508,PH0562,W006,07/03/2024,COD,Tiền mặt,0.1,Completed
O02509,PH0563,W010,2024-07-14,COD,Tiền mặt,0.05,Completed
O02510,PH0563,W010,2025-12-02,,Chuyển khoản,0.0,Completed
O02511,PH0563,W024,2023-01-16,COD,Tiền mặt,0.0,Pending
O02512,PH0565,W006,07-28-2021,Net60,Thẻ,0.0,Completed
O02513,PH0565,W024,2023-09-18,COD,Tiền mặt,0.0,Completed
O02514,PH0565,W017,2024-04-09,Net30,Chuyển khoản,0.1,Completed
O02515,PH0566,W004,2022-01-02,COD,Tiền mặt,0.0,Completed
O02516,PH0566,W003,19/02/2025,COD,Tiền mặt,0.0,Cancelled
O02517,PH0566,W016,2020-11-23,COD,Tiền mặt,0.0,Pending
O02518,PH0566,W016,10-03-2024,Net60,Chuyển khoản,0.0,Completed
O02519,PH0566,W005,2024-10-13,COD,Tiền mặt,0.15,
O02520,PH0566,W004,2020-12-25,Net30,Chuyển khoản,0.05,Completed
O02521,PH0566,W012,2020-09-11,COD,Tiền mặt,0.0,Completed
O02522,PH0566,W021,2023-04-15,Net30,Chuyển khoản,0.1,Completed
O02523,PH0566,W014,2024-03-16,COD,,0.05,Completed
O02524,PH0566,W016,2021-06-28,Net60,Thẻ,0.2,Completed
O02525,PH0566,W018,2020-04-15,COD,Tiền mặt,0.0,Completed
O02526,PH0567,W010,2025-08-08,Net60,Chuyển khoản,0.0,Returned
O02527,PH0567,W001,2025-02-19,COD,Tiền mặt,0.1,
O02528,PH0567,W006,19/12/2025,Net30,Chuyển khoản,0.1,Completed
O02529,PH0567,W012,2025-09-04,COD,Tiền mặt,0.3,Returned
O02530,PH0567,W011,2024-12-21,COD,Tiền mặt,0.1,Completed
O02531,PH0568,W010,2023-08-06,Net30,Chuyển khoản,0.0,Pending
O02532,PH0568,W009,13/01/2025,Net30,Thẻ,0.15,Completed
O02533,PH0568,W015,13/11/2023,Net30,Thẻ,0.0,Completed
O02534,PH0568,W016,2024-02-15,COD,Tiền mặt,0.15,Completed
O02535,PH0568,W008,2024-02-08,Net30,Chuyển khoản,0.0,Pending
O02536,PH0568,W003,2025-01-05,COD,Tiền mặt,0.0,Completed
O02537,PH0568,W008,06/04/2025,Net60,Thẻ,0.0,Completed
O02538,PH0569,W008,2025-04-18,Net30,Chuyển khoản,,Completed
O02539,PH0569,W017,07-28-2025,COD,Tiền mặt,0.0,
O02540,PH0569,W016,2025-08-13,Net60,Chuyển khoản,0.05,Completed
O02541,PH0569,W025,20/07/2025,Net60,Chuyển khoản,0.1,Completed
O02542,PH0569,W017,26/11/2025,COD,Bitcoin,0.05,Completed
O02543,PH0569,W005,2025-09-19,COD,Tiền mặt,0.05,Completed
O02544,PH0569,W007,2025-12-11,COD,Tiền mặt,,Completed
O02545,PH0569,W014,2025-12-29,Net30,Chuyển khoản,0.1,Completed
O02546,PH0569,W008,2025-09-06,Net30,Chuyển khoản,0.0,Completed
O02547,PH0570,W017,2021-03-02,Net30,Bitcoin,0.05,Completed
O02548,PH0570,W011,2022-02-05,Net60,Chuyển khoản,0.15,Completed
O02549,PH0570,W006,11-06-2024,,Tiền mặt,0.0,Pending
O02550,PH0570,W009,2023-11-22,COD,Tiền mặt,0.0,Completed
O02551,PH0570,W007,2022-03-06,COD,Tiền mặt,0.0,Pending
O02552,PH0570,W007,2022-06-28,Net30,Chuyển khoản,0.0,Completed
O02553,PH0570,W023,2021-05-12,Net30,Chuyển khoản,0.0,Completed
O02554,PH0570,W014,2024-04-16,COD,Tiền mặt,0.15,Completed
O02555,PH0571,W022,2024-01-09,Net30,Chuyển khoản,0.05,Completed
O02556,PH0571,W023,2022-12-20,COD,Tiền mặt,0.0,Completed
O02557,PH0571,W021,27/10/2023,Net30,Chuyển khoản,,Completed
O02558,PH0572,W011,2024-07-12,Net30,Chuyển khoản,0.2,Completed
O02559,PH0572,W025,07-12-2022,COD,Tiền mặt,0.0,
O02560,PH0573,W020,2025-05-02,Net60,Thẻ,0.2,Completed
O02561,PH0573,W013,2025-01-03,COD,Tiền mặt,0.0,Pending
O02562,PH0573,W002,2025-03-14,COD,Tiền mặt,0.15,Completed
O02563,PH0575,W008,2025-12-06,COD,Tiền mặt,0.0,Completed
O02564,PH0575,W023,2025-12-31,COD,Tiền mặt,,Completed
O02565,PH0575,W009,2025-11-17,Net30,Thẻ,0.0,Completed
O02566,PH0575,W016,2025-08-23,Net30,Thẻ,0.05,Completed
O02567,PH0575,W002,2025-07-17,Net30,Chuyển khoản,0.05,Completed
O02568,PH0575,W005,2025-10-12,Net60,Chuyển khoản,0.1,
O02569,PH0575,W001,2025-11-21,Net30,Chuyển khoản,0.15,Returned
O02570,PH0576,W010,2025-02-03,COD,Tiền mặt,0.0,Cancelled
O02571,PH0576,W004,2025-12-19,Net60,Chuyển khoản,0.1,Completed
O02572,PH0576,W013,2024-10-02,COD,,0.15,Completed
O02573,PH0576,W004,2023-02-27,COD,Tiền mặt,0.2,Completed
O02574,PH0577,W004,2025-08-13,Net60,Bitcoin,0.0,Pending
O02575,PH0577,W021,2025-12-13,COD,Tiền mặt,0.05,Completed
O02576,PH0577,W023,12-01-2025,Net30,Chuyển khoản,0.1,Completed
O02577,PH0577,W016,2025-06-03,Net30,Chuyển khoản,0.0,Completed
O02578,PH0577,W013,2025-09-07,Net30,Chuyển khoản,,Completed
O02579,PH0577,W002,2025-04-22,Net30,Chuyển khoản,0.0,Completed
O02580,PH0577,W011,2025-11-25,COD,Tiền mặt,,Completed
O02581,PH0578,W011,2024-11-10,COD,Tiền mặt,0.1,Completed
O02582,PH0578,W025,01/09/2023,COD,Tiền mặt,0.0,Completed
O02583,PH0578,W011,2024-10-14,COD,Tiền mặt,0.1,Completed
O02584,PH0579,W024,2022-10-20,Net30,Chuyển khoản,0.0,Returned
O02585,PH0579,W006,2023-10-17,Net30,Chuyển khoản,0.0,Completed
O02586,PH0579,W010,19/01/2023,COD,Tiền mặt,0.1,Completed
O02587,PH0579,W016,2024-05-02,COD,Tiền mặt,0.05,Completed
O02588,PH0579,W025,2025-01-07,COD,Tiền mặt,0.0,Completed
O02589,PH0579,W003,2025-09-05,Net30,Chuyển khoản,0.1,Completed
O02590,PH0580,W018,2022-06-03,COD,Tiền mặt,0.3,Returned
O02591,PH0580,W005,2023-09-02,COD,Tiền mặt,0.0,Completed
O02592,PH0580,W022,08/12/2025,COD,Tiền mặt,0.0,Cancelled
O02593,PH0580,W008,2022-03-03,COD,Tiền mặt,0.0,Completed
O02594,PH0580,W021,2023-10-28,Net30,Chuyển khoản,0.2,Completed
O02595,PH0580,W023,2025-03-03,COD,Tiền mặt,0.1,Completed
O02596,PH0580,W017,2023-09-14,Net30,Bitcoin,0.0,Completed
O02597,PH0580,W005,2022-10-15,COD,Tiền mặt,,Completed
O02598,PH0580,W012,2025-06-28,Net30,Thẻ,0.1,Completed
O02599,PH0581,W020,2025-07-14,Net30,Chuyển khoản,,Completed
O02600,PH0581,W023,25/12/2024,COD,Tiền mặt,0.0,Completed
O02601,PH0581,W012,2025-07-16,Net30,Chuyển khoản,0.0,Completed
O02602,PH0582,W015,05/04/2025,COD,Tiền mặt,0.3,
O02603,PH0584,W009,26/12/2025,Net30,Thẻ,0.0,Completed
O02604,PH0584,W002,2024-06-28,Net30,Chuyển khoản,,Completed
O02605,PH0586,W007,2023-06-24,COD,Tiền mặt,0.05,Completed
O02606,PH0588,W015,2022-01-16,Net30,Chuyển khoản,0.0,Completed
O02607,PH0588,W020,26/10/2025,Net30,Chuyển khoản,0.15,Completed
O02608,PH0588,W009,2023-08-24,,Tiền mặt,0.0,Pending
O02609,PH0588,W020,31/07/2023,COD,Tiền mặt,0.2,Completed
O02610,PH0588,W022,2023-06-07,COD,Tiền mặt,0.0,Completed
O02611,PH0588,W021,2021-11-20,Net30,Chuyển khoản,0.0,Completed
O02612,PH0588,W015,2024-01-06,COD,Tiền mặt,0.0,Completed
O02613,PH0588,W021,2023-03-23,COD,Tiền mặt,0.0,Pending
O02614,PH0588,W010,2023-06-11,COD,Tiền mặt,,Completed
O02615,PH0588,W013,24/09/2023,Net30,Chuyển khoản,0.05,Completed
O02616,PH0588,W006,22/06/2024,Net30,Chuyển khoản,0.3,Completed
O02617,PH0589,W024,22/01/2023,Net30,Bitcoin,0.05,Completed
O02618,PH0589,W004,2023-10-18,COD,Tiền mặt,0.15,Completed
O02619,PH0589,W018,2024-06-17,Net30,Chuyển khoản,0.05,Completed
O02620,PH0589,W013,2025-01-03,Net60,Chuyển khoản,0.0,
O02621,PH0589,W012,2023-02-21,COD,Tiền mặt,0.0,Cancelled
O02622,PH0589,W004,04-20-2025,COD,Tiền mặt,0.0,Cancelled
O02623,PH0589,W016,2024-11-26,COD,Tiền mặt,0.0,Cancelled
O02624,PH0589,W001,2024-08-05,COD,Tiền mặt,0.0,Completed
O02625,PH0590,W021,2024-12-21,,Tiền mặt,0.0,Cancelled
O02626,PH0590,W013,2025-07-06,COD,Tiền mặt,0.0,
O02627,PH0590,W023,2025-04-28,Net30,Chuyển khoản,0.15,Completed
O02628,PH0590,W003,2024-11-07,Net30,Chuyển khoản,0.15,Completed
O02629,PH0590,W004,28/05/2025,COD,Tiền mặt,0.0,Pending
O02630,PH0591,W019,2024-07-08,COD,Tiền mặt,0.0,Returned
O02631,PH0591,W014,10-29-2023,COD,Tiền mặt,0.1,Completed
O02632,PH0591,W025,2024-12-10,COD,Tiền mặt,0.05,Completed
O02633,PH0591,W019,2024-05-30,COD,Bitcoin,0.05,Completed
O02634,PH0592,W019,2025-03-27,Net30,Thẻ,0.1,Completed
O02635,PH0592,W006,2025-05-22,Net60,Chuyển khoản,0.0,Pending
O02636,PH0592,W017,2025-03-21,Net30,Thẻ,0.0,Completed
O02637,PH0592,W011,2025-10-04,Net30,Bitcoin,0.1,Completed
O02638,PH0592,W018,2025-10-07,Net60,Chuyển khoản,0.05,Completed
O02639,PH0592,W009,2025-02-13,COD,Tiền mặt,0.0,Completed
O02640,PH0592,W019,2025-10-07,Net30,Chuyển khoản,0.0,Completed
O02641,PH0592,W022,2025-10-03,Net30,Chuyển khoản,0.0,Cancelled
O02642,PH0592,W013,2025-01-23,Net60,,0.1,Completed
O02643,PH0592,W003,2025-02-18,COD,Tiền mặt,0.0,Completed
O02644,PH0592,W022,2025-08-03,COD,Tiền mặt,0.0,Completed
O02645,PH0592,W019,12-23-2025,COD,Tiền mặt,,Pending
O02646,PH0592,W004,2025-02-22,Net30,Chuyển khoản,0.2,Completed
O02647,PH0592,W009,2025-12-04,Net60,Chuyển khoản,0.1,Completed
O02648,PH0592,W008,08-16-2025,COD,Tiền mặt,0.05,Completed
O02649,PH0592,W015,2025-11-25,COD,Tiền mặt,0.05,Completed
O02650,PH0592,W020,2025-04-23,Net30,Bitcoin,0.2,Completed
O02651,PH0592,W016,03-06-2025,COD,Tiền mặt,0.0,Completed
O02652,PH0592,W015,2025-03-03,COD,Tiền mặt,0.05,Completed
O02653,PH0593,W010,2023-06-23,COD,Tiền mặt,0.05,Completed
O02654,PH0594,W011,2025-08-30,COD,Tiền mặt,0.1,Completed
O02655,PH0594,W004,07-23-2025,COD,Tiền mặt,0.0,Completed
O02656,PH0594,W006,2024-08-13,COD,Tiền mặt,0.0,Completed
O02657,PH0595,W004,11/11/2023,COD,Tiền mặt,0.0,Pending
O02658,PH0596,W019,2025-08-20,Net30,Chuyển khoản,0.0,Pending
O02659,PH0596,W010,2025-11-22,COD,Tiền mặt,0.0,Completed
O02660,PH0596,W015,2022-04-15,Net30,Chuyển khoản,0.0,Completed
O02661,PH0596,W010,2023-10-12,Net30,Chuyển khoản,0.1,Completed
O02662,PH0596,W008,2023-03-18,Net30,Chuyển khoản,,Completed
O02663,PH0596,W005,2024-08-07,Net30,Thẻ,0.05,Completed
O02664,PH0596,W020,2025-07-21,Net30,Chuyển khoản,0.15,Completed
O02665,PH0596,W015,2024-09-08,COD,Tiền mặt,0.0,Returned
O02666,PH0596,W009,19/10/2025,Net60,Chuyển khoản,0.2,Completed
O02667,PH0596,W014,05-11-2024,,Chuyển khoản,0.0,Completed
O02668,PH0596,W012,2021-11-04,Net30,Chuyển khoản,0.0,Cancelled
O02669,PH0596,W006,2022-01-26,COD,Tiền mặt,0.0,Completed
O02670,PH0596,W011,2024-05-30,COD,Tiền mặt,0.15,Completed
O02671,PH0596,W014,2024-08-03,Net30,Chuyển khoản,0.0,Completed
O02672,PH0597,W009,2025-12-22,Net30,Chuyển khoản,0.05,Completed
O02673,PH0597,W005,07/08/2024,COD,Tiền mặt,0.05,Completed
O02674,PH0598,W001,2024-05-10,Net30,Chuyển khoản,0.0,
O02675,PH0598,W021,2025-11-14,COD,Tiền mặt,0.05,Completed
O02676,PH0598,W006,2025-10-10,Net30,Chuyển khoản,0.0,Completed
O02677,PH0598,W006,2025-05-28,Net60,Thẻ,0.2,Completed
O02678,PH0598,W022,28/07/2025,COD,Tiền mặt,0.0,Completed
O02679,PH0598,W016,2024-07-20,COD,Tiền mặt,0.05,Completed
O02680,PH0598,W022,2024-10-05,Net30,Chuyển khoản,0.1,Completed
O02681,PH0599,W016,2023-03-12,COD,Tiền mặt,0.0,Completed
O02682,PH0600,W023,2020-04-01,,Thẻ,0.05,Returned
O02683,PH0600,W010,13/06/2023,COD,Tiền mặt,0.0,Returned
O02684,PH0600,W008,2024-07-22,COD,Tiền mặt,0.1,Completed
O02685,PH0600,W007,2024-05-29,COD,Tiền mặt,0.1,Completed
O02686,PH0600,W018,2022-12-10,Net30,Chuyển khoản,0.0,Completed
O02687,PH0601,W012,2025-08-25,COD,Tiền mặt,0.05,Completed
O02688,PH0601,W019,2025-03-29,COD,Tiền mặt,0.0,Completed
O02689,PH0602,W014,10/01/2025,COD,Tiền mặt,0.0,Completed
O02690,PH0602,W004,2025-03-03,Net30,Chuyển khoản,0.05,Returned
O02691,PH0602,W019,2025-11-25,COD,Tiền mặt,0.0,Pending
O02692,PH0602,W007,2025-08-10,Net60,Chuyển khoản,0.1,Completed
O02693,PH0602,W005,2025-09-02,Net30,Chuyển khoản,0.15,Completed
O02694,PH0603,W010,2025-04-02,COD,Tiền mặt,0.1,Completed
O02695,PH0603,W009,2025-12-24,COD,Tiền mặt,0.0,Completed
O02696,PH0603,W014,2025-09-25,COD,Tiền mặt,0.05,Completed
O02697,PH0603,W019,2024-12-24,Net60,Chuyển khoản,0.0,Completed
O02698,PH0603,W002,2025-10-14,Net30,Chuyển khoản,0.0,Completed
O02699,PH0603,W004,2025-09-20,COD,,0.05,Completed
O02700,PH0603,W017,2025-01-14,COD,Tiền mặt,0.15,Completed
O02701,PH0603,W003,2025-04-21,COD,Tiền mặt,0.05,Completed
O02702,PH0603,W004,2025-05-02,Net30,Chuyển khoản,0.0,Completed
O02703,PH0603,W023,2025-03-31,COD,Tiền mặt,0.2,Completed
O02704,PH0603,W011,2025-08-27,Net30,Chuyển khoản,,Completed
O02705,PH0603,W021,2025-12-10,,Chuyển khoản,0.0,Completed
O02706,PH0603,W025,19/11/2025,Net30,Chuyển khoản,0.0,Completed
O02707,PH0604,W008,2024-04-16,Net30,Chuyển khoản,0.15,Completed
O02708,PH0604,W020,2024-11-23,Net60,Chuyển khoản,0.2,Completed
O02709,PH0604,W012,2024-12-16,Net60,Chuyển khoản,0.0,Completed
O02710,PH0605,W007,2024-12-17,COD,Tiền mặt,0.0,Completed
O02711,PH0605,W008,2023-07-08,Net30,Thẻ,0.2,Completed
O02712,PH0605,W012,2023-01-24,Net30,Chuyển khoản,0.0,
O02713,PH0605,W025,2022-04-17,Net60,Chuyển khoản,0.1,Completed
O02714,PH0605,W020,31/03/2024,COD,Tiền mặt,0.0,Pending
O02715,PH0605,W007,2022-07-31,Net30,Thẻ,0.0,Completed
O02716,PH0605,W005,2021-09-05,Net30,Chuyển khoản,0.0,Completed
O02717,PH0605,W024,2023-07-21,COD,Tiền mặt,0.1,Completed
O02718,PH0605,W022,2025-12-06,COD,Tiền mặt,0.1,Completed
O02719,PH0606,W011,2025-09-17,Net30,Chuyển khoản,0.1,Completed
O02720,PH0606,W020,2025-10-31,COD,Tiền mặt,0.05,Completed
O02721,PH0606,W025,2025-11-23,Net30,Chuyển khoản,0.15,Completed
O02722,PH0606,W012,2025-06-26,Net30,Thẻ,0.1,Completed
O02723,PH0606,W005,2025-08-28,Net30,Chuyển khoản,0.0,Completed
O02724,PH0606,W001,2025-12-28,Net30,Thẻ,,Returned
O02725,PH0606,W025,2025-08-13,Net30,Chuyển khoản,0.0,Completed
O02726,PH0606,W012,2025-09-08,Net30,Chuyển khoản,0.0,Completed
O02727,PH0606,W015,11-14-2025,Net30,Chuyển khoản,0.0,Completed
O02728,PH0607,W011,2024-01-21,COD,Tiền mặt,0.0,Pending
O02729,PH0607,W012,2025-09-11,Net30,Chuyển khoản,0.1,Completed
O02730,PH0607,W006,09-04-2023,COD,Tiền mặt,0.1,Completed
O02731,PH0607,W013,2025-05-27,Net30,Thẻ,,Completed
O02732,PH0607,W006,2024-06-23,Net60,Chuyển khoản,0.05,
O02733,PH0607,W004,2021-01-17,COD,Tiền mặt,0.1,Completed
O02734,PH0607,W022,2022-02-02,Net30,Chuyển khoản,0.2,Completed
O02735,PH0607,W008,2023-08-05,Net30,Chuyển khoản,0.0,Pending
O02736,PH0607,W009,2025-01-30,Net30,Chuyển khoản,0.1,Completed
O02737,PH0608,W025,09/07/2024,Net30,Chuyển khoản,0.15,Returned
O02738,PH0608,W006,2025-07-20,Net60,Chuyển khoản,0.05,Completed
O02739,PH0608,W013,2025-04-18,,Chuyển khoản,0.1,Completed
O02740,PH0608,W015,02/12/2024,Net30,Chuyển khoản,,Completed
O02741,PH0609,W016,05/01/2022,Net60,Chuyển khoản,0.2,Completed
O02742,PH0609,W014,2024-01-11,COD,Tiền mặt,0.0,Completed
O02743,PH0610,W007,07/09/2025,COD,Tiền mặt,0.1,Completed
O02744,PH0610,W009,2025-07-04,Net30,Chuyển khoản,0.0,Completed
O02745,PH0610,W007,2025-07-06,COD,Tiền mặt,0.15,Completed
O02746,PH0610,W021,2025-08-03,Net30,Chuyển khoản,0.0,Pending
O02747,PH0610,W010,2025-11-16,Net30,Chuyển khoản,0.0,
O02748,PH0610,W004,2025-12-04,COD,Tiền mặt,0.05,Completed
O02749,PH0610,W005,2025-05-19,Net30,Chuyển khoản,0.2,Completed
O02750,PH0610,W020,2025-05-16,Net30,Chuyển khoản,0.05,Completed
O02751,PH0610,W017,2025-06-22,Net30,Chuyển khoản,0.15,Returned
O02752,PH0610,W019,2025-10-15,COD,Tiền mặt,0.1,Completed
O02753,PH0610,W020,2025-07-07,COD,Tiền mặt,0.15,Completed
O02754,PH0610,W014,2025-08-03,COD,Tiền mặt,0.0,Completed
O02755,PH0610,W025,2025-03-30,Net60,Chuyển khoản,0.0,Completed
O02756,PH0612,W009,2024-02-16,Net30,Chuyển khoản,0.05,Completed
O02757,PH0613,W022,2022-09-16,Net60,Chuyển khoản,0.15,Completed
O02758,PH0613,W003,2024-10-05,COD,Tiền mặt,0.1,Completed
O02759,PH0613,W024,2024-05-28,COD,Tiền mặt,0.0,Completed
O02760,PH0613,W010,2025-09-20,COD,Tiền mặt,0.05,Completed
O02761,PH0613,W022,2021-11-24,Net60,Chuyển khoản,0.0,Completed
O02762,PH0614,W012,03/11/2024,COD,Tiền mặt,0.0,Cancelled
O02763,PH0614,W009,2024-07-23,Net30,Thẻ,0.0,Pending
O02764,PH0614,W001,2024-04-10,Net30,Chuyển khoản,,Completed
O02765,PH0614,W004,2024-04-30,Net60,Chuyển khoản,0.05,Completed
O02766,PH0615,W019,2025-08-20,COD,Tiền mặt,0.1,Completed
O02767,PH0615,W018,2023-01-18,Net60,Chuyển khoản,0.0,Pending
O02768,PH0615,W008,2024-12-24,Net30,Chuyển khoản,0.0,Completed
O02769,PH0616,W006,2025-05-20,COD,Tiền mặt,0.2,Completed
O02770,PH0616,W001,2025-06-30,COD,Tiền mặt,0.3,Completed
O02771,PH0616,W012,2025-12-20,COD,Tiền mặt,0.0,Pending
O02772,PH0616,W024,2025-05-15,Net30,Chuyển khoản,0.0,Completed
O02773,PH0616,W018,29/12/2025,,Chuyển khoản,0.0,Completed
O02774,PH0616,W018,2025-07-28,Net60,Thẻ,0.15,Completed
O02775,PH0616,W018,2025-06-23,COD,Tiền mặt,0.0,Cancelled
O02776,PH0616,W002,06/12/2025,COD,Tiền mặt,,Pending
O02777,PH0616,W018,2025-12-21,COD,Tiền mặt,0.15,Completed
O02778,PH0618,W009,2025-12-12,COD,Tiền mặt,0.0,Cancelled
O02779,PH0618,W017,2025-07-08,COD,Tiền mặt,0.15,Completed
O02780,PH0618,W025,2025-07-03,COD,Tiền mặt,0.1,Completed
O02781,PH0619,W008,2020-01-22,COD,Tiền mặt,0.0,Cancelled
O02782,PH0619,W019,27/10/2024,Net60,Chuyển khoản,0.0,Completed
O02783,PH0620,W024,2021-08-01,COD,Tiền mặt,0.0,Completed
O02784,PH0620,W019,2025-10-28,COD,Tiền mặt,0.0,Returned
O02785,PH0620,W023,2024-07-17,COD,Tiền mặt,0.0,Completed
O02786,PH0621,W010,2024-09-15,Net30,,0.0,Pending
O02787,PH0622,W014,2025-12-11,Net60,Thẻ,0.0,Completed
O02788,PH0622,W015,2025-11-25,COD,Tiền mặt,0.2,Completed
O02789,PH0624,W016,03/03/2023,COD,Tiền mặt,0.1,Completed
O02790,PH0624,W011,06-03-2022,Net60,Chuyển khoản,0.2,Completed
O02791,PH0624,W020,2024-12-14,Net30,Chuyển khoản,0.15,Completed
O02792,PH0624,W020,2022-10-13,Net30,Chuyển khoản,0.05,
O02793,PH0624,W015,2024-02-03,Net30,Thẻ,0.15,Completed
O02794,PH0624,W006,2025-01-05,Net30,Chuyển khoản,0.1,Completed
O02795,PH0624,W003,2025-06-23,Net30,Chuyển khoản,0.0,Completed
O02796,PH0626,W007,04-16-2024,Net30,Chuyển khoản,0.1,Completed
O02797,PH0626,W025,2025-11-27,COD,Tiền mặt,0.05,Completed
O02798,PH0626,W023,30/12/2025,COD,,0.1,
O02799,PH0627,W020,2025-03-18,,Tiền mặt,0.0,
O02800,PH0627,W004,2025-08-31,COD,Tiền mặt,0.05,Completed
O02801,PH0627,W020,2025-07-10,Net30,Chuyển khoản,0.0,Cancelled
O02802,PH0627,W002,2024-10-10,COD,Tiền mặt,0.1,Completed
O02803,PH0628,W012,11-30-2024,Net30,Chuyển khoản,0.0,Completed
O02804,PH0630,W001,2024-11-05,COD,Tiền mặt,0.0,Completed
O02805,PH0630,W004,19/06/2023,COD,Tiền mặt,0.0,Completed
O02806,PH0630,W020,2023-10-07,COD,Tiền mặt,0.0,Cancelled
O02807,PH0630,W013,2021-03-22,Net30,Chuyển khoản,0.0,Completed
O02808,PH0630,W021,13/07/2025,COD,Tiền mặt,0.0,Pending
O02809,PH0630,W014,29/11/2023,Net30,Chuyển khoản,0.05,Completed
O02810,PH0630,W018,2023-12-21,COD,Tiền mặt,0.0,
O02811,PH0631,W014,12-11-2025,COD,Tiền mặt,0.0,Completed
O02812,PH0632,W008,2024-08-14,Net30,Chuyển khoản,0.0,Completed
O02813,PH0633,W020,2022-01-17,COD,Tiền mặt,0.0,Completed
O02814,PH0633,W012,2022-04-06,Net30,Chuyển khoản,0.0,Completed
O02815,PH0633,W018,10-08-2025,Net60,Chuyển khoản,0.15,Completed
O02816,PH0633,W009,2021-06-05,COD,Tiền mặt,0.05,Completed
O02817,PH0633,W017,06/04/2022,Net30,,0.0,Completed
O02818,PH0633,W001,2024-09-28,Net30,,0.05,Completed
O02819,PH0636,W002,2024-08-23,,Chuyển khoản,0.0,Completed
O02820,PH0636,W013,2024-09-02,COD,Tiền mặt,0.1,Completed
O02821,PH0637,W023,2024-11-14,Net30,Chuyển khoản,0.15,Completed
O02822,PH0637,W014,14/07/2025,Net30,Thẻ,0.05,Completed
O02823,PH0637,W022,2025-02-26,COD,Tiền mặt,0.3,Completed
O02824,PH0640,W010,2025-10-15,Net30,Chuyển khoản,0.0,Cancelled
O02825,PH0640,W001,2025-04-14,Net30,Chuyển khoản,0.0,Completed
O02826,PH0640,W024,2025-03-01,Net30,Chuyển khoản,0.0,Pending
O02827,PH0640,W008,2024-05-24,Net60,Chuyển khoản,0.0,Pending
O02828,PH0640,W018,14/04/2025,COD,Tiền mặt,0.05,Completed
O02829,PH0640,W015,2025-01-29,Net30,Chuyển khoản,0.0,Cancelled
O02830,PH0640,W012,2025-08-09,COD,Tiền mặt,0.1,Completed
O02831,PH0640,W022,2024-06-07,COD,Tiền mặt,0.0,Cancelled
O02832,PH0640,W010,2024-11-09,Net30,,0.0,Cancelled
O02833,PH0641,W013,2025-05-19,Net60,Chuyển khoản,0.0,Completed
O02834,PH0642,W005,2022-02-24,Net30,Chuyển khoản,0.0,Completed
O02835,PH0643,W011,2025-12-09,COD,Tiền mặt,0.05,Completed
O02836,PH0643,W022,2025-03-31,Net60,Thẻ,0.05,
O02837,PH0643,W022,05/02/2025,COD,Tiền mặt,0.0,Completed
O02838,PH0643,W016,08-08-2025,Net30,Chuyển khoản,0.15,Completed
O02839,PH0643,W014,2025-04-01,Net30,,0.15,Completed
O02840,PH0643,W020,2025-12-26,COD,Tiền mặt,0.0,
O02841,PH0644,W007,2024-06-10,COD,Tiền mặt,0.2,Completed
O02842,PH0644,W013,2024-04-04,COD,Tiền mặt,0.1,Completed
O02843,PH0644,W014,14/11/2025,COD,Tiền mặt,0.0,Returned
O02844,PH0645,W008,2022-08-10,COD,Tiền mặt,0.0,Cancelled
O02845,PH0645,W013,2022-11-11,COD,Tiền mặt,0.0,Cancelled
O02846,PH0646,W024,2023-12-08,COD,Tiền mặt,0.15,Completed
O02847,PH0646,W005,2025-05-02,COD,Tiền mặt,0.15,Completed
O02848,PH0647,W001,2024-10-26,Net30,Thẻ,0.0,Pending
O02849,PH0647,W014,2024-11-26,,Tiền mặt,0.0,Completed
O02850,PH0647,W022,2025-03-23,Net30,Thẻ,0.0,Returned
O02851,PH0647,W009,2025-09-03,COD,Tiền mặt,0.15,Completed
O02852,PH0647,W011,2024-10-04,COD,Tiền mặt,0.15,Completed
O02853,PH0647,W024,2024-04-11,COD,Tiền mặt,0.15,Completed
O02854,PH0647,W020,2025-04-08,Net30,Chuyển khoản,0.0,Returned
O02855,PH0647,W004,2025-02-22,COD,Tiền mặt,0.0,Pending
O02856,PH0648,W006,2024-04-26,COD,Tiền mặt,0.0,Cancelled
O02857,PH0648,W009,2024-05-22,Net30,Chuyển khoản,0.0,Completed
O02858,PH0649,W012,2024-02-12,COD,Tiền mặt,0.1,Completed
O02859,PH0649,W001,2025-09-13,Net30,Chuyển khoản,0.2,Completed
O02860,PH0650,W007,2025-11-20,Net30,Chuyển khoản,0.15,Completed
O02861,PH0651,W010,2024-12-21,COD,Tiền mặt,,Completed
O02862,PH0651,W023,2022-06-24,Net60,Chuyển khoản,0.1,Completed
O02863,PH0651,W002,25/01/2024,Net30,Chuyển khoản,0.0,Completed
O02864,PH0651,W008,10-20-2022,COD,Tiền mặt,0.05,Completed
O02865,PH0651,W022,2023-05-28,Net30,,0.0,Completed
O02866,PH0651,W025,2023-09-27,Net30,Chuyển khoản,0.1,Completed
O02867,PH0651,W001,2022-08-06,Net30,Chuyển khoản,0.0,Completed
O02868,PH0652,W007,10-12-2025,Net30,Chuyển khoản,0.05,Completed
O02869,PH0652,W012,2025-12-14,Net30,Chuyển khoản,0.1,
O02870,PH0652,W020,2025-07-06,Net30,Chuyển khoản,,Completed
O02871,PH0652,W023,2025-03-28,Net30,Chuyển khoản,0.05,Completed
O02872,PH0652,W015,2024-12-16,Net30,Chuyển khoản,0.15,Completed
O02873,PH0652,W021,18/03/2025,COD,Tiền mặt,0.0,Completed
O02874,PH0652,W023,09-07-2025,,Tiền mặt,0.05,Completed
O02875,PH0652,W006,2025-12-09,,Chuyển khoản,0.15,Completed
O02876,PH0652,W009,09-19-2025,,Chuyển khoản,0.0,Pending
O02877,PH0652,W010,2025-06-24,Net30,Chuyển khoản,0.05,Completed
O02878,PH0652,W001,2025-06-24,COD,Tiền mặt,0.0,Completed
O02879,PH0652,W019,11-10-2024,Net30,Chuyển khoản,0.0,
O02880,PH0652,W008,2025-01-18,Net30,Bitcoin,0.0,Completed
O02881,PH0652,W009,2025-10-26,Net30,Chuyển khoản,0.2,Completed
O02882,PH0652,W021,2024-09-26,COD,Tiền mặt,,Completed
O02883,PH0652,W003,2025-10-04,,Tiền mặt,0.15,Returned
O02884,PH0653,W005,2025-02-09,Net60,Chuyển khoản,0.0,Completed
O02885,PH0653,W003,2023-04-20,COD,Tiền mặt,0.0,Cancelled
O02886,PH0653,W008,2024-01-05,COD,Tiền mặt,0.1,Completed
O02887,PH0654,W025,2025-10-25,COD,Tiền mặt,0.15,Completed
O02888,PH0655,W001,2025-09-10,COD,Tiền mặt,0.0,Returned
O02889,PH0655,W007,2025-06-21,Net60,Thẻ,0.0,Completed
O02890,PH0655,W003,2025-06-11,COD,Tiền mặt,0.0,Completed
O02891,PH0657,W020,2025-04-29,COD,Tiền mặt,0.15,Completed
O02892,PH0657,W021,2024-08-03,COD,,0.05,Completed
O02893,PH0657,W021,11-09-2025,Net60,Thẻ,0.0,Cancelled
O02894,PH0657,W016,2025-04-15,Net30,Chuyển khoản,0.1,Completed
O02895,PH0657,W005,2024-07-19,Net60,Chuyển khoản,0.1,Completed
O02896,PH0657,W023,22/03/2025,COD,Tiền mặt,0.0,Completed
O02897,PH0657,W012,02-04-2025,,Chuyển khoản,0.05,Completed
O02898,PH0657,W004,2024-06-30,COD,Tiền mặt,0.0,Completed
O02899,PH0657,W025,2025-07-11,Net30,Chuyển khoản,0.0,Pending
O02900,PH0657,W003,2025-10-07,COD,Tiền mặt,0.0,Completed
O02901,PH0657,W017,2025-09-28,Net30,Chuyển khoản,0.0,Completed
O02902,PH0657,W017,2024-12-27,Net30,Chuyển khoản,0.0,Completed
O02903,PH0657,W020,2024-12-24,Net60,Thẻ,0.1,Completed
O02904,PH0657,W024,05/10/2024,COD,Tiền mặt,0.0,Completed
O02905,PH0658,W022,2024-08-12,COD,Tiền mặt,0.15,Completed
O02906,PH0658,W021,2023-01-31,COD,Tiền mặt,0.0,Returned
O02907,PH0659,W003,2025-10-25,COD,Tiền mặt,0.0,Completed
O02908,PH0659,W006,11/02/2025,Net30,Chuyển khoản,0.0,Completed
O02909,PH0661,W024,2025-03-30,COD,Tiền mặt,0.1,Completed
O02910,PH0662,W024,15/12/2024,Net30,Chuyển khoản,0.0,Pending
O02911,PH0664,W004,15/08/2024,COD,Tiền mặt,0.0,Completed
O02912,PH0664,W020,2025-05-08,COD,Tiền mặt,0.0,Completed
O02913,PH0664,W005,10-18-2025,,Tiền mặt,0.05,
O02914,PH0664,W015,2023-11-17,Net60,Chuyển khoản,0.15,Completed
O02915,PH0664,W002,2023-10-10,COD,Tiền mặt,0.05,Completed
O02916,PH0664,W021,2024-04-14,Net30,Thẻ,0.1,Completed
O02917,PH0664,W024,12/05/2024,Net30,Chuyển khoản,0.0,Completed
O02918,PH0664,W010,2025-08-25,Net30,,0.0,Completed
O02919,PH0664,W016,2025-09-23,Net30,Thẻ,0.1,
O02920,PH0664,W014,2023-08-13,Net60,Chuyển khoản,0.0,Completed
O02921,PH0664,W008,2024-07-21,Net30,Chuyển khoản,0.0,
O02922,PH0664,W010,2023-05-06,COD,Tiền mặt,0.0,Completed
O02923,PH0664,W010,2024-07-25,Net60,Thẻ,0.0,Completed
O02924,PH0664,W024,2025-02-12,COD,Tiền mặt,0.0,Completed
O02925,PH0664,W007,2025-08-25,Net30,Thẻ,0.0,
O02926,PH0664,W012,2025-07-14,COD,Tiền mặt,0.1,Completed
O02927,PH0664,W017,11-14-2023,Net30,Chuyển khoản,0.05,Completed
O02928,PH0664,W025,10-30-2023,COD,Tiền mặt,0.0,Completed
O02929,PH0665,W021,2025-11-30,COD,Tiền mặt,0.0,Completed
O02930,PH0665,W020,24/04/2024,Net30,Chuyển khoản,0.1,Completed
O02931,PH0666,W003,2024-04-25,Net30,Chuyển khoản,0.0,Completed
O02932,PH0666,W004,05/11/2021,Net60,Thẻ,0.1,Completed
O02933,PH0666,W002,10-20-2025,COD,Tiền mặt,0.15,Completed
O02934,PH0666,W002,2024-06-12,Net30,Thẻ,0.0,Cancelled
O02935,PH0666,W013,2025-05-11,Net30,Chuyển khoản,0.05,Completed
O02936,PH0666,W006,2024-02-02,COD,,,
O02937,PH0666,W016,2023-12-22,COD,Tiền mặt,0.05,
O02938,PH0666,W016,2024-02-22,COD,Tiền mặt,0.05,Completed
O02939,PH0666,W015,2025-01-23,COD,Tiền mặt,0.0,
O02940,PH0666,W024,06-16-2022,COD,Bitcoin,0.0,Cancelled
O02941,PH0666,W016,2023-04-05,Net30,,0.1,Completed
O02942,PH0667,W016,2023-03-18,COD,Tiền mặt,0.1,Completed
O02943,PH0667,W008,2022-12-03,Net30,Chuyển khoản,,Completed
O02944,PH0667,W005,2023-08-14,COD,Tiền mặt,0.0,Pending
O02945,PH0667,W007,2024-11-03,Net60,Chuyển khoản,0.1,Completed
O02946,PH0667,W020,2025-02-10,COD,Tiền mặt,0.0,Completed
O02947,PH0667,W023,2024-03-17,COD,Tiền mặt,0.0,Completed
O02948,PH0667,W015,20/11/2024,Net60,Chuyển khoản,0.05,Completed
O02949,PH0667,W010,2023-11-04,Net60,Chuyển khoản,0.3,Completed
O02950,PH0667,W013,2022-09-15,Net60,Chuyển khoản,0.0,Completed
O02951,PH0667,W001,25/09/2025,COD,Tiền mặt,0.0,Completed
O02952,PH0669,W008,2024-10-19,COD,,0.05,Completed
O02953,PH0669,W006,2025-10-26,Net60,Chuyển khoản,0.15,Completed
O02954,PH0669,W010,2025-06-28,COD,Tiền mặt,0.05,Completed
O02955,PH0669,W017,2025-01-08,Net30,Thẻ,0.05,Completed
O02956,PH0669,W015,2024-12-02,Net30,Chuyển khoản,0.0,Completed
O02957,PH0669,W019,08/12/2024,,Tiền mặt,0.0,Completed
O02958,PH0669,W009,12/04/2025,Net30,Chuyển khoản,,Cancelled
O02959,PH0670,W019,2025-03-17,COD,Tiền mặt,0.0,Completed
O02960,PH0670,W003,2022-01-03,Net30,Chuyển khoản,0.1,Completed
O02961,PH0670,W023,2020-05-20,COD,Tiền mặt,0.1,Completed
O02962,PH0671,W019,2025-09-29,Net30,Thẻ,0.0,Completed
O02963,PH0673,W011,2023-11-14,COD,Tiền mặt,0.0,Completed
O02964,PH0673,W009,2025-11-09,Net30,Bitcoin,0.1,Completed
O02965,PH0673,W008,24/08/2024,Net30,Chuyển khoản,0.0,Pending
O02966,PH0673,W014,2023-02-25,Net30,Chuyển khoản,0.0,Completed
O02967,PH0673,W003,02-05-2023,Net60,Chuyển khoản,0.0,Returned
O02968,PH0673,W025,2025-06-07,COD,Tiền mặt,0.0,Pending
O02969,PH0676,W002,2025-10-18,COD,Tiền mặt,0.05,Completed
O02970,PH0676,W022,2025-08-23,Net30,Chuyển khoản,0.0,Completed
O02971,PH0676,W006,2025-07-11,,,0.1,Completed
O02972,PH0676,W010,2025-12-09,,Chuyển khoản,0.0,Pending
O02973,PH0677,W024,2024-12-03,Net30,Chuyển khoản,0.2,Completed
O02974,PH0677,W004,2023-09-06,COD,Tiền mặt,0.0,Cancelled
O02975,PH0677,W023,2022-10-27,Net30,Chuyển khoản,0.0,Pending
O02976,PH0677,W013,2025-12-13,COD,Tiền mặt,0.3,Completed
O02977,PH0677,W025,2025-09-10,COD,Tiền mặt,0.0,
O02978,PH0677,W017,2023-09-19,COD,Tiền mặt,0.05,Completed
O02979,PH0677,W008,2024-02-10,Net30,,0.0,Completed
O02980,PH0678,W006,2023-12-14,Net30,Chuyển khoản,0.0,Completed
O02981,PH0678,W017,2024-10-31,Net30,Thẻ,0.1,Completed
O02982,PH0678,W010,14/02/2025,,Tiền mặt,0.05,Returned
O02983,PH0678,W011,2025-08-31,Net60,Chuyển khoản,0.1,Completed
O02984,PH0678,W016,2024-01-31,Net60,Chuyển khoản,0.05,Completed
O02985,PH0678,W014,2022-09-12,COD,Tiền mặt,0.0,Cancelled
O02986,PH0679,W012,07/09/2025,Net30,Chuyển khoản,0.0,Completed
O02987,PH0679,W012,2025-08-20,,Tiền mặt,0.05,Completed
O02988,PH0679,W008,2025-01-22,COD,Tiền mặt,0.1,Returned
O02989,PH0679,W016,2024-07-19,Net30,Chuyển khoản,0.0,Completed
O02990,PH0679,W010,2024-07-23,Net60,Chuyển khoản,,Completed
O02991,PH0679,W008,2025-05-22,COD,Tiền mặt,0.0,Cancelled
O02992,PH0679,W005,2025-04-10,COD,Tiền mặt,0.15,Completed
O02993,PH0680,W025,03-21-2025,Net60,Chuyển khoản,0.15,Completed
O02994,PH0680,W022,05-08-2022,COD,Tiền mặt,,Cancelled
O02995,PH0680,W010,2025-09-06,COD,Tiền mặt,0.1,Completed
O02996,PH0680,W025,2023-08-04,Net30,Chuyển khoản,0.0,Pending
O02997,PH0683,W001,2025-10-14,COD,Tiền mặt,0.05,Completed
O02998,PH0683,W007,2024-03-23,COD,Tiền mặt,0.1,Completed
O02999,PH0683,W001,2024-02-20,Net30,Chuyển khoản,0.15,Completed
O03000,PH0683,W010,2023-03-31,COD,Tiền mặt,0.0,Pending
O03001,PH0683,W022,2024-04-06,Net30,Chuyển khoản,0.1,Completed
O03002,PH0684,W011,17/07/2025,Net60,Chuyển khoản,0.15,Completed
O03003,PH0684,W012,2025-05-08,COD,Tiền mặt,0.0,Pending
O03004,PH0684,W016,2025-10-15,Net30,Thẻ,0.05,
O03005,PH0684,W007,12-14-2025,COD,Tiền mặt,0.15,Completed
O03006,PH0684,W025,11-14-2025,Net30,Chuyển khoản,0.05,Completed
O03007,PH0684,W017,2025-05-29,Net30,Chuyển khoản,0.2,
O03008,PH0684,W022,2025-05-13,COD,Tiền mặt,0.0,Completed
O03009,PH0684,W011,2025-06-30,COD,Tiền mặt,0.05,Completed
O03010,PH0684,W020,05/11/2025,COD,Tiền mặt,0.1,Completed
O03011,PH0684,W016,2025-12-19,Net30,Chuyển khoản,0.0,Completed
O03012,PH0684,W021,2025-10-08,Net30,Chuyển khoản,,Completed
O03013,PH0684,W017,2025-06-11,Net30,Chuyển khoản,0.0,Completed
O03014,PH0684,W013,11-23-2025,COD,Tiền mặt,,Completed
O03015,PH0685,W010,2024-05-20,COD,Tiền mặt,0.15,Completed
O03016,PH0685,W025,2024-06-07,COD,Tiền mặt,0.05,Completed
O03017,PH0686,W021,2022-04-19,,,0.0,Completed
O03018,PH0686,W020,2020-09-09,COD,Tiền mặt,0.0,Cancelled
O03019,PH0686,W011,18/02/2023,Net60,Chuyển khoản,0.0,Completed
O03020,PH0686,W021,03/03/2025,COD,Tiền mặt,0.05,Returned
O03021,PH0686,W025,2025-05-09,Net60,Chuyển khoản,0.15,Completed
O03022,PH0686,W002,28/04/2023,Net30,Chuyển khoản,0.05,Completed
O03023,PH0686,W015,12-04-2025,COD,Tiền mặt,0.0,Cancelled
O03024,PH0686,W006,2023-08-03,Net60,Chuyển khoản,0.0,Completed
O03025,PH0686,W003,2025-02-01,Net30,Chuyển khoản,0.0,Completed
O03026,PH0687,W003,2025-12-31,Net30,Chuyển khoản,0.2,Completed
O03027,PH0687,W022,03-10-2025,Net30,Chuyển khoản,0.2,Completed
O03028,PH0687,W020,06-06-2025,COD,Tiền mặt,0.0,Completed
O03029,PH0688,W004,2024-09-28,COD,Tiền mặt,0.0,Completed
O03030,PH0689,W010,2025-04-19,COD,Tiền mặt,0.0,Pending
O03031,PH0689,W005,2025-06-16,Net30,Chuyển khoản,0.0,Completed
O03032,PH0689,W013,29/12/2024,,Tiền mặt,0.0,Completed
O03033,PH0689,W023,2025-04-25,Net30,Chuyển khoản,0.0,Completed
O03034,PH0689,W017,05-16-2025,COD,Tiền mặt,0.15,Completed
O03035,PH0689,W023,2025-09-10,Net30,Chuyển khoản,0.0,Completed
O03036,PH0689,W009,2025-05-13,COD,Tiền mặt,0.1,Completed
O03037,PH0689,W009,2025-12-14,COD,,0.0,Completed
O03038,PH0690,W003,23/07/2025,COD,Tiền mặt,0.15,Completed
O03039,PH0691,W008,2025-08-21,Net30,Chuyển khoản,,Completed
O03040,PH0692,W002,2024-09-17,COD,Tiền mặt,0.0,Pending
O03041,PH0692,W006,2024-11-06,Net60,Chuyển khoản,0.0,Cancelled
O03042,PH0692,W016,2025-09-15,Net60,Chuyển khoản,0.0,
O03043,PH0694,W011,2025-03-24,COD,Tiền mặt,0.15,Completed
O03044,PH0694,W021,2024-08-16,Net30,Thẻ,0.0,
O03045,PH0695,W007,22/11/2025,COD,Tiền mặt,0.1,Completed
O03046,PH0695,W003,2025-07-22,COD,Tiền mặt,0.3,Completed
O03047,PH0695,W025,2023-08-07,Net30,Thẻ,0.0,
O03048,PH0695,W013,2023-04-10,Net30,Chuyển khoản,0.05,Completed
O03049,PH0695,W004,2024-09-10,Net30,Chuyển khoản,0.05,Completed
O03050,PH0695,W013,2025-03-25,Net30,Chuyển khoản,0.05,Completed
O03051,PH0695,W016,10/12/2022,Net60,Chuyển khoản,0.0,Cancelled
O03052,PH0695,W024,03/11/2025,COD,Tiền mặt,0.1,Returned
O03053,PH0695,W003,2025-10-09,Net30,Bitcoin,0.2,Completed
O03054,PH0695,W023,31/01/2024,Net60,Chuyển khoản,0.1,Completed
O03055,PH0695,W005,2023-11-07,Net60,Chuyển khoản,0.1,Returned
O03056,PH0695,W004,2025-01-26,Net30,Chuyển khoản,0.1,Completed
O03057,PH0695,W023,2025-09-12,Net30,Chuyển khoản,0.0,Completed
O03058,PH0695,W012,2023-02-02,Net60,Chuyển khoản,,Completed
O03059,PH0696,W019,2024-12-13,Net30,Chuyển khoản,0.0,Cancelled
O03060,PH0696,W009,2023-11-04,Net60,Chuyển khoản,0.0,Completed
O03061,PH0696,W001,2024-04-04,COD,Tiền mặt,0.0,Completed
O03062,PH0697,W001,2025-07-10,COD,Tiền mặt,0.0,Completed
O03063,PH0697,W019,2025-06-02,Net60,Chuyển khoản,0.05,Completed
O03064,PH0697,W023,2025-11-21,COD,Tiền mặt,0.0,Pending
O03065,PH0697,W013,2025-06-23,Net30,Chuyển khoản,0.0,Completed
O03066,PH0697,W012,2025-05-11,Net60,Chuyển khoản,,Completed
O03067,PH0697,W025,2025-04-26,COD,Tiền mặt,0.05,Completed
O03068,PH0697,W013,06/07/2025,COD,Tiền mặt,0.0,Completed
O03069,PH0698,W019,2024-06-15,COD,Tiền mặt,0.0,Completed
O03070,PH0698,W015,2023-03-07,COD,Tiền mặt,0.0,Completed
O03071,PH0698,W007,2025-06-10,Net30,Thẻ,0.05,Completed
O03072,PH0698,W004,2022-05-02,Net60,Chuyển khoản,0.0,Pending
O03073,PH0698,W006,2023-04-29,Net30,Chuyển khoản,0.0,Completed
O03074,PH0698,W022,2025-01-21,Net30,Chuyển khoản,0.1,Completed
O03075,PH0698,W020,2023-03-04,COD,Tiền mặt,0.0,Completed
O03076,PH0698,W007,2023-02-03,Net30,Chuyển khoản,0.0,Completed
O03077,PH0698,W006,2024-04-24,Net60,Chuyển khoản,0.0,Completed
O03078,PH0698,W009,08-04-2024,Net30,Bitcoin,0.05,Completed
O03079,PH0698,W007,2023-04-14,COD,Tiền mặt,0.15,Completed
O03080,PH0698,W013,2025-02-15,COD,Tiền mặt,0.0,Pending
O03081,PH0698,W008,2023-11-22,Net30,Thẻ,0.15,Completed
O03082,PH0698,W009,2023-03-19,Net30,Chuyển khoản,0.1,Completed
O03083,PH0698,W001,2023-05-16,Net30,Chuyển khoản,0.0,Pending
O03084,PH0698,W014,2023-10-07,COD,Tiền mặt,0.1,Completed
O03085,PH0699,W016,2025-05-07,Net30,Chuyển khoản,0.1,Completed
O03086,PH0699,W006,27/01/2020,COD,Tiền mặt,0.2,Completed
O03087,PH0699,W005,21/09/2021,COD,Tiền mặt,0.0,Completed
O03088,PH0699,W022,11/11/2024,Net30,Thẻ,0.2,Completed
O03089,PH0700,W005,05-16-2025,Net30,Chuyển khoản,0.0,Completed
O03090,PH0700,W002,2025-12-11,COD,Tiền mặt,0.0,Completed
O03091,PH0700,W017,2025-12-23,COD,Tiền mặt,0.2,
O03092,PH0700,W021,2025-02-13,Net30,Chuyển khoản,0.1,Completed
O03093,PH0701,W002,2024-07-01,,Tiền mặt,0.0,Cancelled
O03094,PH0702,W009,2025-12-15,COD,Tiền mặt,0.1,Completed
O03095,PH0703,W008,2025-08-07,,Chuyển khoản,0.0,Completed
O03096,PH0703,W021,2025-10-21,COD,Tiền mặt,0.1,Completed
O03097,PH0703,W015,2025-09-09,Net60,Chuyển khoản,0.05,Completed
O03098,PH0703,W014,2025-06-23,COD,Tiền mặt,0.0,Cancelled
O03099,PH0703,W013,16/09/2025,Net60,Chuyển khoản,0.05,Completed
O03100,PH0704,W014,2025-08-15,,Thẻ,0.0,Completed
O03101,PH0704,W017,21/06/2025,Net30,Chuyển khoản,0.05,Returned
O03102,PH0704,W023,2025-07-12,Net60,Chuyển khoản,,Completed
O03103,PH0704,W014,2025-11-07,Net30,Thẻ,0.0,Completed
O03104,PH0704,W011,2025-08-10,Net60,Chuyển khoản,0.0,Cancelled
O03105,PH0704,W017,2025-08-11,Net30,Chuyển khoản,,Completed
O03106,PH0704,W023,2025-06-16,COD,Tiền mặt,0.0,Completed
O03107,PH0705,W018,2025-01-12,COD,Tiền mặt,0.0,Returned
O03108,PH0705,W014,2024-10-08,COD,Tiền mặt,0.05,Completed
O03109,PH0705,W020,06/06/2025,Net30,Thẻ,0.15,
O03110,PH0705,W009,2024-07-30,COD,Tiền mặt,0.15,Completed
O03111,PH0705,W006,2024-11-16,COD,Tiền mặt,0.05,Completed
O03112,PH0706,W008,2025-09-16,COD,Tiền mặt,0.1,Completed
O03113,PH0706,W019,2021-01-07,Net30,Chuyển khoản,0.05,Completed
O03114,PH0706,W015,2024-06-27,Net30,Chuyển khoản,0.0,Pending
O03115,PH0706,W014,2023-01-01,COD,Tiền mặt,0.1,Completed
O03116,PH0707,W019,2024-01-25,Net30,Thẻ,0.0,Completed
O03117,PH0707,W023,2023-02-14,COD,Tiền mặt,0.0,Pending
O03118,PH0707,W010,10-05-2023,Net30,Chuyển khoản,0.0,Completed
O03119,PH0707,W007,22/10/2022,COD,Tiền mặt,0.15,Completed
O03120,PH0707,W010,2025-06-19,Net30,Chuyển khoản,0.05,Completed
O03121,PH0707,W004,2024-03-28,Net60,Thẻ,0.0,Completed
O03122,PH0708,W015,09-17-2024,COD,Tiền mặt,0.0,Pending
O03123,PH0708,W001,2025-01-26,Net30,Thẻ,0.05,Completed
O03124,PH0712,W007,2025-11-18,Net30,Thẻ,0.0,Completed
O03125,PH0713,W004,2024-02-23,COD,Tiền mặt,0.0,Pending
O03126,PH0713,W008,2022-09-08,Net30,Chuyển khoản,0.1,Completed
O03127,PH0713,W002,29/08/2025,Net30,Chuyển khoản,,
O03128,PH0713,W005,2024-03-11,Net30,,0.0,Pending
O03129,PH0713,W008,2023-03-17,Net30,,0.1,Completed
O03130,PH0714,W012,2023-02-23,Net30,Chuyển khoản,0.05,Completed
O03131,PH0715,W012,2024-07-09,Net30,Chuyển khoản,0.0,Cancelled
O03132,PH0715,W001,2025-09-03,Net60,Chuyển khoản,0.0,Completed
O03133,PH0715,W011,02/04/2025,Net30,Chuyển khoản,0.1,Completed
O03134,PH0715,W019,2025-06-29,Net30,Chuyển khoản,0.15,Completed
O03135,PH0715,W020,2025-02-27,COD,Tiền mặt,0.0,Cancelled
O03136,PH0715,W017,2024-04-14,COD,Tiền mặt,0.0,Completed
O03137,PH0715,W007,18/09/2025,COD,Tiền mặt,,Pending
O03138,PH0715,W001,2024-06-05,Net30,Chuyển khoản,0.1,Completed
O03139,PH0715,W005,2025-10-08,Net60,Chuyển khoản,0.0,Cancelled
O03140,PH0715,W016,2024-09-26,COD,Tiền mặt,0.1,Completed
O03141,PH0715,W022,2025-01-02,Net30,Thẻ,0.15,Completed
O03142,PH0715,W013,2025-02-19,COD,Tiền mặt,0.1,Completed
O03143,PH0715,W006,2025-02-18,Net30,Chuyển khoản,0.05,Completed
O03144,PH0715,W019,2025-03-17,COD,Tiền mặt,0.0,Completed
O03145,PH0715,W005,2025-09-23,COD,Tiền mặt,0.0,Completed
O03146,PH0715,W006,2024-12-14,Net30,Chuyển khoản,0.05,Completed
O03147,PH0715,W024,03/09/2024,Net30,Chuyển khoản,0.0,Pending
O03148,PH0715,W017,2024-10-23,Net60,Chuyển khoản,0.1,Completed
O03149,PH0715,W004,22/12/2024,COD,Tiền mặt,0.1,
O03150,PH0716,W022,2025-07-16,COD,Tiền mặt,0.15,Completed
O03151,PH0716,W023,30/08/2025,Net30,Chuyển khoản,0.0,Pending
O03152,PH0716,W010,2025-07-13,Net30,Chuyển khoản,0.0,Cancelled
O03153,PH0716,W014,09-09-2025,Net30,Thẻ,0.0,Completed
O03154,PH0716,W014,09-01-2025,COD,Tiền mặt,0.1,Completed
O03155,PH0716,W015,2025-08-20,COD,Tiền mặt,,Completed
O03156,PH0716,W023,10-18-2025,Net60,Chuyển khoản,0.0,Completed
O03157,PH0716,W018,2025-06-19,Net30,Thẻ,0.2,Completed
O03158,PH0716,W019,2025-10-23,COD,Tiền mặt,,Returned
O03159,PH0716,W025,2025-10-26,Net60,Chuyển khoản,0.15,Completed
O03160,PH0717,W004,2024-06-20,COD,Tiền mặt,0.0,Completed
O03161,PH0717,W016,2024-03-02,Net30,Chuyển khoản,0.0,Completed
O03162,PH0718,W005,2023-07-24,COD,Tiền mặt,0.05,Completed
O03163,PH0718,W016,2024-12-21,Net30,Chuyển khoản,0.0,Completed
O03164,PH0719,W007,2022-09-30,Net60,Thẻ,0.0,Completed
O03165,PH0720,W011,2024-07-27,COD,Tiền mặt,0.0,Pending
O03166,PH0720,W021,2024-07-15,Net30,Chuyển khoản,0.15,Completed
O03167,PH0720,W014,2025-01-03,Net60,Chuyển khoản,0.1,Completed
O03168,PH0721,W012,2021-11-19,COD,Tiền mặt,0.0,Pending
O03169,PH0721,W003,2024-07-20,Net60,Chuyển khoản,0.0,Completed
O03170,PH0721,W013,2021-09-28,Net30,Chuyển khoản,0.0,Pending
O03171,PH0721,W004,2025-11-21,,Chuyển khoản,0.3,
O03172,PH0721,W016,2022-04-22,COD,Tiền mặt,0.15,Completed
O03173,PH0721,W022,2021-12-30,COD,Tiền mặt,,Pending
O03174,PH0721,W016,2023-08-09,COD,Tiền mặt,0.0,Cancelled
O03175,PH0721,W020,2022-09-06,Net30,Chuyển khoản,0.0,Completed
O03176,PH0723,W007,2025-07-31,Net60,Chuyển khoản,0.15,Returned
O03177,PH0723,W004,2025-02-18,COD,Tiền mặt,0.0,Completed
O03178,PH0723,W014,2025-07-09,COD,Tiền mặt,0.0,Completed
O03179,PH0723,W001,2024-09-11,Net30,Thẻ,0.2,Completed
O03180,PH0724,W011,2025-06-08,Net30,Chuyển khoản,0.15,Returned
O03181,PH0724,W005,04/12/2025,Net60,Chuyển khoản,0.05,Completed
O03182,PH0725,W016,2024-10-19,COD,Tiền mặt,0.15,Completed
O03183,PH0725,W017,2025-04-26,COD,,0.05,Completed
O03184,PH0728,W014,2025-10-07,COD,Tiền mặt,0.15,Completed
O03185,PH0729,W010,2025-05-11,COD,Tiền mặt,0.0,Pending
O03186,PH0729,W006,2022-08-26,COD,Tiền mặt,0.0,Completed
O03187,PH0729,W023,2025-01-31,COD,Tiền mặt,0.05,Completed
O03188,PH0730,W017,2025-09-17,Net30,Bitcoin,0.2,Completed
O03189,PH0731,W005,2022-10-26,COD,Tiền mặt,0.0,Pending
O03190,PH0731,W005,2024-10-08,COD,Tiền mặt,0.0,Returned
O03191,PH0731,W017,2022-12-07,,Tiền mặt,0.0,Completed
O03192,PH0731,W004,24/05/2023,COD,Tiền mặt,0.05,Completed
O03193,PH0731,W011,27/10/2023,COD,Tiền mặt,0.0,Completed
O03194,PH0731,W021,06-08-2024,COD,Tiền mặt,0.2,Completed
O03195,PH0731,W024,2025-02-22,COD,Tiền mặt,0.0,
O03196,PH0731,W005,2024-08-15,Net30,Thẻ,,Completed
O03197,PH0731,W024,2022-12-29,Net60,Chuyển khoản,0.05,Completed
O03198,PH0731,W021,2021-08-15,COD,Tiền mặt,0.05,Completed
O03199,PH0732,W018,05-14-2024,Net30,Thẻ,0.05,Completed
O03200,PH0732,W022,2025-06-07,Net30,Thẻ,0.0,Completed
O03201,PH0732,W016,2023-11-10,Net30,Chuyển khoản,0.15,Completed
O03202,PH0733,W020,2022-01-05,COD,Tiền mặt,0.0,Completed
O03203,PH0733,W008,2023-05-08,Net60,Thẻ,0.0,Completed
O03204,PH0733,W007,2022-10-30,COD,Tiền mặt,0.0,Pending
O03205,PH0733,W008,2022-05-14,Net30,Chuyển khoản,0.0,Completed
O03206,PH0733,W019,2023-04-11,Net30,Chuyển khoản,0.05,Completed
O03207,PH0733,W009,2021-04-26,COD,Tiền mặt,0.05,
O03208,PH0733,W008,2023-09-16,COD,Tiền mặt,0.0,Pending
O03209,PH0733,W008,2023-08-21,COD,Tiền mặt,0.0,Completed
O03210,PH0733,W021,01/07/2023,COD,Tiền mặt,0.1,Completed
O03211,PH0733,W024,2021-09-15,COD,Tiền mặt,0.15,Completed
O03212,PH0733,W012,03/08/2022,Net30,Chuyển khoản,0.0,Completed
O03213,PH0733,W019,2023-01-28,COD,Tiền mặt,0.15,Completed
O03214,PH0734,W025,2025-01-19,Net30,Chuyển khoản,0.3,Completed
O03215,PH0734,W012,07/08/2025,Net60,Chuyển khoản,0.2,Completed
O03216,PH0734,W006,2025-07-31,COD,Tiền mặt,0.05,Completed
O03217,PH0734,W023,17/05/2025,Net60,Thẻ,0.0,Completed
O03218,PH0734,W016,2025-06-10,Net30,,0.2,Completed
O03219,PH0734,W013,2025-11-23,COD,Tiền mặt,0.1,Completed
O03220,PH0734,W025,2025-11-17,,Thẻ,0.0,Pending
O03221,PH0734,W007,08-07-2025,Net60,Chuyển khoản,0.0,Pending
O03222,PH0735,W007,2022-06-20,COD,Tiền mặt,0.0,Completed
O03223,PH0736,W014,2024-04-24,COD,Tiền mặt,0.05,Completed
O03224,PH0736,W021,2025-12-30,Net30,Chuyển khoản,0.15,Completed
O03225,PH0736,W016,2024-03-05,Net30,Thẻ,0.1,Returned
O03226,PH0737,W003,2022-06-24,Net30,Chuyển khoản,0.0,Cancelled
O03227,PH0737,W002,05/08/2023,Net30,Chuyển khoản,0.0,Pending
O03228,PH0737,W008,2023-11-25,COD,Tiền mặt,0.05,Completed
O03229,PH0737,W013,29/11/2020,COD,Tiền mặt,0.1,Completed
O03230,PH0737,W008,2025-06-29,COD,Tiền mặt,0.05,Completed
O03231,PH0737,W017,2020-10-25,COD,Tiền mặt,0.1,Completed
O03232,PH0737,W021,2025-01-25,COD,Tiền mặt,0.05,Completed
O03233,PH0737,W018,2020-07-23,COD,Tiền mặt,0.05,Completed
O03234,PH0737,W005,2022-03-17,Net30,Thẻ,0.1,Completed
O03235,PH0737,W007,2021-07-29,Net30,Chuyển khoản,0.15,Completed
O03236,PH0738,W008,2025-10-21,Net30,Chuyển khoản,0.0,Completed
O03237,PH0738,W019,2024-10-24,Net30,Chuyển khoản,0.0,Completed
O03238,PH0738,W002,2025-03-31,Net30,Thẻ,0.0,Completed
O03239,PH0738,W016,2025-10-22,COD,Tiền mặt,0.1,Completed
O03240,PH0738,W021,2025-11-08,COD,Tiền mặt,0.2,Completed
O03241,PH0739,W008,2025-04-11,COD,Tiền mặt,0.0,Pending
O03242,PH0739,W012,2023-03-07,COD,Tiền mặt,0.0,Completed
O03243,PH0739,W003,2023-09-24,COD,Tiền mặt,0.1,Completed
O03244,PH0739,W013,31/01/2024,Net30,Chuyển khoản,,Completed
O03245,PH0739,W013,2022-09-20,COD,Tiền mặt,0.0,
O03246,PH0739,W007,2023-06-01,COD,Tiền mặt,0.0,Completed
O03247,PH0739,W021,2025-08-05,COD,Tiền mặt,0.1,Completed
O03248,PH0739,W004,2023-07-01,Net60,Chuyển khoản,0.2,Completed
O03249,PH0739,W025,2025-02-20,COD,Tiền mặt,0.05,Completed
O03250,PH0739,W007,2024-02-25,COD,Tiền mặt,0.2,Completed
O03251,PH0739,W018,2025-08-18,COD,Tiền mặt,0.05,Completed
O03252,PH0739,W003,2022-09-23,COD,Tiền mặt,0.0,Pending
O03253,PH0739,W013,2024-06-12,Net30,Chuyển khoản,0.0,Completed
O03254,PH0739,W001,2025-11-08,COD,Tiền mặt,0.1,Completed
O03255,PH0739,W002,2024-11-03,COD,Tiền mặt,0.15,Completed
O03256,PH0739,W015,2020-02-12,Net60,Chuyển khoản,0.0,Completed
O03257,PH0739,W003,15/01/2023,Net30,Chuyển khoản,0.1,Completed
O03258,PH0740,W004,2023-01-03,COD,Tiền mặt,0.1,Completed
O03259,PH0740,W017,2022-12-23,COD,Tiền mặt,0.05,Returned
O03260,PH0740,W003,2025-05-10,COD,Tiền mặt,0.1,Completed
O03261,PH0741,W001,2023-04-12,Net60,Thẻ,,Completed
O03262,PH0741,W001,2023-12-23,COD,Tiền mặt,0.0,Pending
O03263,PH0741,W014,2025-06-05,,Tiền mặt,,Completed
O03264,PH0741,W014,2022-11-27,Net30,Chuyển khoản,0.05,Completed
O03265,PH0741,W013,2025-03-09,COD,Tiền mặt,0.0,Pending
O03266,PH0743,W008,2021-04-01,COD,Tiền mặt,,Pending
O03267,PH0743,W025,2022-08-29,Net30,Chuyển khoản,0.0,Pending
O03268,PH0743,W016,18/02/2022,COD,Tiền mặt,0.0,Cancelled
O03269,PH0745,W019,2021-02-16,Net30,Thẻ,0.05,Completed
O03270,PH0745,W013,2022-11-21,Net30,Chuyển khoản,0.05,Completed
O03271,PH0745,W021,2022-05-15,Net30,Thẻ,0.05,Completed
O03272,PH0745,W013,28/12/2021,Net30,Chuyển khoản,0.05,Completed
O03273,PH0745,W016,2020-10-18,Net60,Chuyển khoản,0.05,Completed
O03274,PH0745,W001,2022-09-03,Net30,Chuyển khoản,0.05,Completed
O03275,PH0745,W002,2025-07-04,COD,Tiền mặt,0.15,Completed
O03276,PH0745,W001,2024-01-31,COD,Tiền mặt,0.05,Completed
O03277,PH0745,W019,2023-03-06,Net60,Chuyển khoản,0.0,Completed
O03278,PH0746,W005,2024-02-18,Net30,Chuyển khoản,0.05,Completed
O03279,PH0746,W013,2024-09-16,Net30,Thẻ,0.1,Returned
O03280,PH0746,W013,2024-09-21,COD,Tiền mặt,0.1,Completed
O03281,PH0746,W017,2025-06-07,Net30,Chuyển khoản,0.1,Completed
O03282,PH0746,W021,2025-12-06,Net60,Chuyển khoản,0.1,Completed
O03283,PH0746,W017,10/07/2025,,Tiền mặt,0.2,Completed
O03284,PH0746,W009,2023-10-14,Net30,Chuyển khoản,,Completed
O03285,PH0746,W009,2024-10-27,Net30,Chuyển khoản,0.0,Completed
O03286,PH0746,W016,2024-03-14,COD,Tiền mặt,0.0,Completed
O03287,PH0746,W005,2024-02-22,COD,Tiền mặt,0.0,Completed
O03288,PH0746,W015,2025-01-21,Net30,Chuyển khoản,0.0,Completed
O03289,PH0746,W014,2025-11-29,Net60,Chuyển khoản,0.1,Completed
O03290,PH0746,W007,2024-12-11,Net60,Thẻ,0.0,Completed
O03291,PH0746,W017,2024-03-31,COD,Tiền mặt,0.0,Returned
O03292,PH0746,W023,2025-09-04,COD,Tiền mặt,0.2,Completed
O03293,PH0746,W003,2025-09-16,COD,Tiền mặt,0.05,Completed
O03294,PH0747,W024,2024-09-25,COD,Tiền mặt,,Completed
O03295,PH0747,W023,2022-08-08,Net30,Chuyển khoản,0.0,Completed
O03296,PH0748,W009,2025-06-23,COD,,0.0,Completed
O03297,PH0748,W023,2025-04-25,Net60,Thẻ,0.1,Completed
O03298,PH0748,W022,2025-02-26,Net30,Chuyển khoản,0.0,Completed
O03299,PH0748,W007,03-13-2025,COD,Tiền mặt,0.2,Completed
O03300,PH0748,W008,2024-11-16,Net30,Chuyển khoản,0.0,Cancelled
O03301,PH0748,W017,2025-04-26,COD,Tiền mặt,,Pending
O03302,PH0748,W016,2025-11-24,COD,Tiền mặt,0.0,Cancelled
O03303,PH0748,W024,2025-11-22,Net30,Chuyển khoản,0.05,Completed
O03304,PH0748,W016,2025-07-22,COD,Tiền mặt,0.0,Completed
O03305,PH0748,W015,2024-09-23,Net30,Chuyển khoản,0.15,Returned
O03306,PH0748,W022,2024-09-28,COD,Tiền mặt,0.05,Completed
O03307,PH0749,W005,2025-02-02,Net30,Chuyển khoản,0.05,Completed
O03308,PH0749,W006,2025-04-27,COD,Tiền mặt,0.0,Completed
O03309,PH0750,W004,2022-11-21,Net30,Chuyển khoản,0.0,Completed
O03310,PH0750,W014,2023-07-05,COD,Tiền mặt,0.0,Cancelled
O03311,PH0751,W016,2025-03-12,COD,Tiền mặt,0.0,Pending
O03312,PH0751,W007,11-07-2024,COD,Tiền mặt,0.0,Completed
O03313,PH0751,W005,05/08/2025,Net60,Chuyển khoản,0.0,Pending
O03314,PH0751,W004,2024-06-30,COD,Tiền mặt,0.2,
O03315,PH0751,W023,2025-11-02,Net30,Chuyển khoản,0.0,Completed
O03316,PH0751,W016,2025-01-12,,Chuyển khoản,0.05,Completed
O03317,PH0751,W001,2025-06-06,Net30,Thẻ,0.0,Cancelled
O03318,PH0751,W003,2025-06-10,COD,Tiền mặt,0.0,Pending
O03319,PH0752,W010,2023-08-19,Net30,Chuyển khoản,0.0,Pending
O03320,PH0752,W009,30/07/2023,COD,Tiền mặt,0.0,Completed
O03321,PH0753,W014,2022-09-03,COD,Tiền mặt,0.1,Completed
O03322,PH0753,W003,2024-03-30,Net60,Chuyển khoản,0.0,Completed
O03323,PH0753,W018,2025-02-09,Net60,Chuyển khoản,0.1,Completed
O03324,PH0753,W022,2024-10-31,Net30,Chuyển khoản,0.0,Completed
O03325,PH0753,W011,2022-04-15,COD,Tiền mặt,0.1,Completed
O03326,PH0753,W018,2023-04-17,Net30,Chuyển khoản,0.15,Completed
O03327,PH0754,W010,2024-10-31,Net30,Thẻ,0.15,Completed
O03328,PH0754,W023,05-28-2025,Net30,Thẻ,0.0,Pending
O03329,PH0754,W018,2021-03-14,COD,Tiền mặt,0.05,Completed
O03330,PH0756,W010,2024-01-28,,,0.05,Completed
O03331,PH0756,W001,2024-09-15,Net30,Chuyển khoản,0.0,
O03332,PH0756,W012,2025-10-01,COD,Tiền mặt,0.0,Pending
O03333,PH0756,W021,2023-08-09,Net60,Chuyển khoản,0.0,Completed
O03334,PH0756,W015,2025-08-16,Net60,Bitcoin,0.0,Completed
O03335,PH0756,W017,2025-06-17,Net30,Thẻ,0.0,Completed
O03336,PH0756,W013,2025-09-17,COD,Tiền mặt,0.0,Cancelled
O03337,PH0756,W002,2023-08-14,,Tiền mặt,0.0,Completed
O03338,PH0757,W013,2022-02-04,COD,Tiền mặt,0.1,Completed
O03339,PH0757,W008,2024-07-01,COD,Tiền mặt,0.0,Completed
O03340,PH0757,W013,2022-03-12,COD,Tiền mặt,,Completed
O03341,PH0758,W017,2020-04-22,Net30,Chuyển khoản,0.0,Pending
O03342,PH0758,W017,2021-10-06,Net30,Chuyển khoản,0.15,Completed
O03343,PH0758,W024,06/12/2021,COD,Tiền mặt,0.05,Returned
O03344,PH0758,W014,2023-12-19,COD,Tiền mặt,0.0,Cancelled
O03345,PH0758,W001,2022-02-20,COD,Tiền mặt,0.05,
O03346,PH0758,W016,2025-01-13,Net30,Chuyển khoản,0.0,Completed
O03347,PH0758,W024,2024-02-14,COD,Tiền mặt,0.0,Pending
O03348,PH0758,W003,2024-04-16,Net30,Thẻ,0.2,Completed
O03349,PH0758,W022,2021-07-31,Net30,Chuyển khoản,0.1,Completed
O03350,PH0758,W009,2025-07-23,COD,Tiền mặt,0.1,Completed
O03351,PH0759,W016,06-25-2024,COD,Tiền mặt,0.05,
O03352,PH0759,W006,2025-05-29,Net30,Thẻ,0.0,Completed
O03353,PH0760,W015,2025-09-19,Net60,,0.0,Completed
O03354,PH0760,W021,2025-10-16,Net30,Chuyển khoản,0.0,Completed
O03355,PH0760,W022,2024-10-21,COD,Tiền mặt,0.05,Completed
O03356,PH0760,W024,2025-06-19,Net60,Thẻ,0.1,Completed
O03357,PH0761,W020,2025-01-12,Net60,Thẻ,,Completed
O03358,PH0762,W022,2024-11-05,Net60,Chuyển khoản,,Cancelled
O03359,PH0763,W006,2023-12-23,COD,,0.0,Completed
O03360,PH0763,W004,2025-08-08,Net60,Chuyển khoản,0.0,Completed
O03361,PH0763,W013,2024-08-05,COD,Tiền mặt,0.0,
O03362,PH0763,W023,14/11/2023,Net30,Chuyển khoản,0.0,Completed
O03363,PH0763,W011,18/07/2023,COD,,0.05,Completed
O03364,PH0763,W016,15/12/2024,COD,Tiền mặt,0.1,Completed
O03365,PH0763,W016,09-12-2023,,,0.0,Completed
O03366,PH0763,W020,05-30-2024,Net30,Chuyển khoản,0.2,Completed
O03367,PH0763,W004,2024-05-19,COD,Tiền mặt,0.0,Completed
O03368,PH0763,W010,2025-06-25,COD,Tiền mặt,0.1,Completed
O03369,PH0763,W016,2023-07-19,COD,Tiền mặt,0.0,Completed
O03370,PH0764,W020,2025-06-28,COD,,0.05,Completed
O03371,PH0764,W014,2025-07-11,Net30,Chuyển khoản,0.0,Completed
O03372,PH0767,W001,2024-04-09,COD,Tiền mặt,0.05,Completed
O03373,PH0769,W012,2023-12-12,COD,Tiền mặt,0.0,Completed
O03374,PH0770,W010,2023-09-20,COD,Tiền mặt,0.0,Pending
O03375,PH0770,W012,2021-05-26,Net30,Chuyển khoản,0.1,Completed
O03376,PH0771,W019,2022-12-15,COD,,0.3,Completed
O03377,PH0771,W016,2022-08-21,Net60,Chuyển khoản,0.0,Pending
O03378,PH0772,W019,2025-06-16,Net60,Chuyển khoản,0.0,
O03379,PH0772,W016,2025-06-16,Net30,Chuyển khoản,0.0,Completed
O03380,PH0772,W022,2025-10-31,Net30,Thẻ,0.0,Cancelled
O03381,PH0772,W014,2025-06-03,COD,Tiền mặt,0.2,Returned
O03382,PH0773,W012,2025-04-15,Net30,,0.0,Completed
O03383,PH0775,W017,28/10/2024,Net30,Chuyển khoản,0.15,Returned
O03384,PH0775,W010,2025-11-12,COD,Tiền mặt,0.0,Cancelled
O03385,PH0775,W013,2024-11-08,COD,Tiền mặt,0.1,Completed
O03386,PH0775,W011,2025-05-20,Net60,Chuyển khoản,0.1,Completed
O03387,PH0775,W005,2024-06-13,COD,Tiền mặt,0.0,Cancelled
O03388,PH0777,W013,10-20-2025,Net60,Chuyển khoản,0.0,Pending
O03389,PH0778,W023,2024-10-31,Net60,Chuyển khoản,0.05,Completed
O03390,PH0779,W002,2024-01-16,COD,Tiền mặt,0.15,Completed
O03391,PH0779,W002,18/11/2025,Net30,Chuyển khoản,0.15,Completed
O03392,PH0779,W002,2025-05-18,,,0.3,Completed
O03393,PH0780,W011,2025-08-05,COD,Tiền mặt,,Completed
O03394,PH0780,W021,2024-01-08,COD,Tiền mặt,0.0,
O03395,PH0780,W019,2024-03-06,Net30,Chuyển khoản,0.0,Completed
O03396,PH0780,W017,14/08/2023,COD,Tiền mặt,,Completed
O03397,PH0780,W013,2023-06-08,Net30,Chuyển khoản,0.15,Completed
O03398,PH0780,W016,2024-01-31,COD,Tiền mặt,0.1,Completed
O03399,PH0780,W006,2023-12-21,COD,Tiền mặt,0.0,Completed
O03400,PH0780,W012,2022-10-22,Net30,Chuyển khoản,0.05,Returned
O03401,PH0780,W013,2025-08-31,COD,Tiền mặt,0.1,Completed
O03402,PH0780,W010,2024-06-15,COD,Tiền mặt,0.15,Completed
O03403,PH0780,W018,08/09/2025,Net60,Chuyển khoản,0.0,Cancelled
O03404,PH0780,W023,12-02-2022,COD,Tiền mặt,0.3,Completed
O03405,PH0780,W023,16/09/2023,Net30,Chuyển khoản,0.05,Completed
O03406,PH0780,W007,31/10/2023,Net30,Chuyển khoản,0.2,Completed
O03407,PH0780,W006,15/12/2025,Net60,Thẻ,0.0,Completed
O03408,PH0780,W017,2025-10-04,COD,Tiền mặt,0.15,Returned
O03409,PH0780,W017,2022-12-07,Net60,Chuyển khoản,0.1,Completed
O03410,PH0780,W019,27/07/2024,COD,Tiền mặt,0.0,Pending
O03411,PH0780,W014,2025-05-22,COD,Tiền mặt,0.1,Completed
O03412,PH0780,W022,2023-11-07,COD,Tiền mặt,0.15,Completed
O03413,PH0780,W017,20/09/2025,COD,Tiền mặt,0.0,Completed
O03414,PH0780,W013,2024-04-25,Net30,Chuyển khoản,0.3,Completed
O03415,PH0780,W013,2024-03-31,Net30,Thẻ,0.0,Pending
O03416,PH0780,W010,23/07/2024,COD,Tiền mặt,0.2,Completed
O03417,PH0780,W012,12-19-2025,Net30,,0.2,Completed
O03418,PH0780,W009,2024-10-09,COD,Tiền mặt,0.0,Completed
O03419,PH0780,W016,2025-08-23,Net30,Chuyển khoản,0.15,Completed
O03420,PH0780,W011,2024-04-17,COD,Tiền mặt,0.0,Completed
O03421,PH0780,W025,2024-11-13,COD,Tiền mặt,0.1,Completed
O03422,PH0781,W012,2025-11-25,,Tiền mặt,0.1,Completed
O03423,PH0781,W014,2025-07-23,COD,Tiền mặt,0.0,Completed
O03424,PH0781,W006,2025-07-14,COD,Tiền mặt,,Pending
O03425,PH0782,W020,2021-11-07,Net30,Chuyển khoản,0.0,Returned
O03426,PH0782,W008,14/10/2024,Net30,Chuyển khoản,0.2,Completed
O03427,PH0783,W024,2023-12-30,Net30,,0.1,Completed
O03428,PH0783,W011,2022-06-09,Net30,Chuyển khoản,0.05,Completed
O03429,PH0784,W021,2025-07-17,COD,Tiền mặt,0.0,Completed
O03430,PH0784,W002,2024-12-13,Net60,Chuyển khoản,0.05,Completed
O03431,PH0785,W002,2023-07-20,COD,Tiền mặt,,Completed
O03432,PH0786,W024,2024-10-06,COD,Tiền mặt,0.1,Completed
O03433,PH0787,W020,11/10/2023,Net30,Chuyển khoản,0.3,Completed
O03434,PH0788,W011,2025-06-06,COD,Tiền mặt,0.0,Completed
O03435,PH0788,W007,2022-03-31,,Chuyển khoản,0.0,Completed
O03436,PH0788,W005,2020-08-04,,Chuyển khoản,0.0,Completed
O03437,PH0788,W005,2025-09-28,,Chuyển khoản,0.1,Completed
O03438,PH0788,W007,2023-01-14,,Tiền mặt,0.2,Completed
O03439,PH0788,W022,2020-10-18,Net30,Chuyển khoản,0.0,Completed
O03440,PH0788,W013,2024-10-04,COD,Tiền mặt,0.0,Returned
O03441,PH0788,W004,2021-09-08,COD,Tiền mặt,0.0,Pending
O03442,PH0788,W005,2022-02-10,COD,Tiền mặt,0.0,Cancelled
O03443,PH0788,W011,2025-02-24,COD,Tiền mặt,0.0,Cancelled
O03444,PH0789,W009,10-25-2024,COD,,0.0,Cancelled
O03445,PH0789,W016,2023-12-16,COD,Tiền mặt,0.05,Completed
O03446,PH0789,W003,17/12/2024,COD,Tiền mặt,0.1,
O03447,PH0789,W007,2024-02-20,COD,Tiền mặt,0.0,Completed
O03448,PH0789,W005,2025-02-16,,,0.0,Cancelled
O03449,PH0789,W015,2021-04-26,Net30,Chuyển khoản,0.0,Completed
O03450,PH0789,W013,2024-11-12,Net60,Chuyển khoản,0.0,Pending
O03451,PH0789,W022,2020-12-07,COD,Tiền mặt,0.0,
O03452,PH0789,W010,2023-06-29,Net30,Chuyển khoản,0.0,Pending
O03453,PH0789,W006,2021-08-17,Net30,Chuyển khoản,0.1,Completed
O03454,PH0790,W002,2024-11-06,Net60,Chuyển khoản,0.0,Completed
O03455,PH0790,W022,2025-07-23,Net30,Chuyển khoản,0.05,Completed
O03456,PH0790,W007,20/12/2025,Net30,Chuyển khoản,0.0,Completed
O03457,PH0791,W019,2025-04-28,Net30,Chuyển khoản,,Completed
O03458,PH0791,W015,05-11-2024,,Tiền mặt,0.1,Completed
O03459,PH0791,W022,2024-02-21,Net30,Chuyển khoản,0.0,Completed
O03460,PH0791,W012,2022-08-22,Net30,Chuyển khoản,0.1,Completed
O03461,PH0791,W025,2023-07-10,COD,,0.1,Completed
O03462,PH0791,W025,2022-12-07,COD,Tiền mặt,0.0,Cancelled
O03463,PH0791,W007,2023-04-03,Net60,Chuyển khoản,0.1,Completed
O03464,PH0791,W023,2025-09-14,Net60,Chuyển khoản,0.0,Completed
O03465,PH0792,W009,2023-03-02,Net60,Chuyển khoản,0.1,Completed
O03466,PH0792,W025,2024-04-22,COD,Tiền mặt,0.0,Completed
O03467,PH0792,W015,08-26-2023,COD,Tiền mặt,0.15,Completed
O03468,PH0792,W025,2023-12-28,Net30,Chuyển khoản,0.1,Completed
O03469,PH0792,W020,2021-04-21,COD,Tiền mặt,0.2,Completed
O03470,PH0793,W001,2022-03-23,COD,Tiền mặt,0.15,Completed
O03471,PH0793,W007,2024-06-07,COD,Tiền mặt,0.1,Returned
O03472,PH0793,W009,2022-05-18,Net60,Chuyển khoản,0.15,Completed
O03473,PH0794,W005,27/06/2025,COD,Tiền mặt,0.15,Completed
O03474,PH0794,W009,2025-06-24,,Chuyển khoản,0.2,Returned
O03475,PH0794,W018,2025-03-05,Net30,Chuyển khoản,0.05,Completed
O03476,PH0796,W001,2024-10-12,Net60,Chuyển khoản,0.15,Completed
O03477,PH0796,W003,2024-10-14,COD,Tiền mặt,0.0,Completed
O03478,PH0796,W007,2024-05-24,COD,Tiền mặt,0.0,Pending
O03479,PH0797,W007,2022-10-04,COD,Tiền mặt,0.1,Completed
O03480,PH0797,W005,2025-07-20,COD,Tiền mặt,0.05,Returned
O03481,PH0797,W019,2023-11-11,Net30,Chuyển khoản,0.15,Completed
O03482,PH0797,W014,25/12/2023,,Tiền mặt,0.05,Completed
O03483,PH0797,W012,2024-04-24,,Tiền mặt,0.0,Completed
O03484,PH0798,W002,2023-09-17,COD,Tiền mặt,0.0,Cancelled
O03485,PH0798,W011,2024-12-27,Net30,Chuyển khoản,0.1,Completed
O03486,PH0798,W020,2025-01-14,COD,Tiền mặt,0.0,Completed
O03487,PH0798,W006,2025-06-09,COD,Tiền mặt,,Cancelled
O03488,PH0798,W018,2025-10-04,COD,Tiền mặt,0.05,Completed
O03489,PH0798,W015,2025-01-05,Net60,Chuyển khoản,0.1,Completed
O03490,PH0798,W008,2023-05-03,COD,Tiền mặt,0.0,Pending
O03491,PH0798,W025,2024-04-29,COD,Tiền mặt,0.0,Completed
O03492,PH0798,W017,2024-11-04,Net30,Chuyển khoản,0.15,Completed
O03493,PH0798,W013,2025-06-20,,Chuyển khoản,0.1,Completed
O03494,PH0798,W009,2024-04-10,Net30,Chuyển khoản,0.0,Completed
O03495,PH0798,W019,2023-01-20,Net30,Thẻ,0.0,Completed
O03496,PH0798,W009,2025-11-25,COD,Tiền mặt,0.0,Completed
O03497,PH0798,W013,2024-09-24,Net60,Chuyển khoản,0.1,Completed
O03498,PH0798,W009,2023-11-20,Net60,Chuyển khoản,0.15,Completed
O03499,PH0799,W002,2025-07-12,Net30,Chuyển khoản,0.0,Completed
O03500,PH0800,W019,2024-04-02,Net60,Thẻ,0.1,Completed
