order_id,product_id,quantity,unit_price
O00001,P0031,16.0,74300.0
O00001,P0059,3.0,
O00002,P0070,48.0,
O00002,P0129,37.0,136800.0
O00003,P0110,9.0,268700.0
O00003,P0034,49.0,316800.0
O00004,P0065,37.0,298600.0
O00004,P0071,7.0,336400.0
O00005,P0018,17.0,169400.0
O00005,P0034,20.0,269500.0
O00006,P0125,,166600.0
O00006,P0047,8.0,247700.0
O00007,P0053,9.0,108700.0
O00007,P0012,18.0,378400.0
O00008,P0082,10.0,243100.0
O00008,P0123,30.0,
O00009,P0011,29.0,60000.0
O00009,P0127,41.0,116900.0
O00010,P0063,4.0,206900.0
O00010,P0138,41.0,
O00010,P0116,11.0,443900.0
O00011,P0042,48.0,166400.0
O00011,P0048,41.0,
O00011,P0088,31.0,61900.0
O00012,P0037,11.0,199200.0
O00012,P0011,44.0,59300.0
O00013,P0052,42.0,532400.0
O00013,P0045,28.0,82000.0
O00014,P0133,13.0,172600.0
O00014,P0091,2.0,151800.0
O00014,P0143,21.0,220400.0
O00015,P0144,,30200.0
O00015,P0009,11.0,
O00016,P0072,37.0,165500.0
O00016,P0078,21.0,473400.0
O00017,P0130,41.0,334600.0
O00017,P0107,16.0,513800.0
O00018,P0064,20.0,108500.0
O00018,P0018,43.0,153600.0
O00019,P0071,21.0,418500.0
O00019,P0005,12.0,418500.0
O00019,P0049,35.0,141000.0
O00020,P0074,20.0,118700.0
O00020,P0022,1.0,228800.0
O00021,P0135,25.0,404300.0
O00021,P0115,,130900.0
O00021,P0032,28.0,294200.0
O00022,P0071,29.0,341100.0
O00022,P0023,28.0,159500.0
O00023,P0056,13.0,348500.0
O00023,P0064,39.0,120500.0
O00024,P0117,14.0,469500.0
O00024,P0141,6.0,52400.0
O00025,P0088,33.0,
O00025,P0121,-46.0,13100.0
O00026,P0077,25.0,77500.0
O00026,P0019,10.0,128000.0
O00027,P0138,-48.0,66100.0
O00027,P0035,19.0,327000.0
O00027,P0005,29.0,440000.0
O00028,P0036,26.0,97300.0
O00028,P0127,23.0,128700.0
O00029,P0142,46.0,164100.0
O00029,P0036,49.0,103500.0
O00030,P0002,,342300.0
O00030,P0064,5.0,112600.0
O00031,P0136,33.0,302500.0
O00031,P0117,36.0,489900.0
O00032,P0023,24.0,154900.0
O00032,P0047,7.0,223200.0
O00033,P0137,35.0,500200.0
O00033,P0150,49.0,
O00034,P0068,23.0,28000.0
O00034,P0008,8.0,236000.0
O00035,P0106,,428000.0
O00035,P0062,27.0,118100.0
O00035,P0084,11.0,25000.0
O00036,P0134,34.0,464300.0
O00036,P0080,8.0,469400.0
O00036,P0135,20.0,361300.0
O00037,P0028,42.0,242300.0
O00037,P0137,34.0,494100.0
O00038,P0118,18.0,434300.0
O00038,P0127,38.0,120900.0
O00039,P0141,33.0,54000.0
O00039,P0066,22.0,369700.0
O00040,P0057,,29000.0
O00040,P0012,27.0,361300.0
O00041,P0079,6.0,373700.0
O00041,P0095,17.0,257300.0
O00042,P0140,15.0,137400.0
O00042,P0007,35.0,404800.0
O00043,P0135,14.0,333600.0
O00043,P0031,48.0,59800.0
O00044,P0035,16.0,354000.0
O00044,P0008,38.0,279000.0
O00045,P0134,38.0,421000.0
O00045,P0049,20.0,126500.0
O00046,P0073,12.0,64400.0
O00046,P0086,5.0,135000.0
O00047,P0078,47.0,503800.0
O00047,P0024,49.0,263700.0
O00047,P0017,12.0,325100.0
O00048,P0119,16.0,88100.0
O00048,P0124,13.0,234400.0
O00049,P0045,34.0,74400.0
O00049,P0130,9.0,320800.0
O00050,P0120,,148100.0
O00050,P0140,25.0,142500.0
O00051,P0066,25.0,286000.0
O00051,P0123,16.0,211400.0
O00052,P0074,31.0,112800.0
O00052,P0079,13.0,419700.0
O00052,P0138,43.0,72900.0
O00053,P0138,-30.0,60700.0
O00053,P0096,14.0,157700.0
O00054,P0133,24.0,
O00054,P0007,3.0,345000.0
O00055,P0008,31.0,243800.0
O00055,P0050,32.0,
O00056,P0030,25.0,158600.0
O00056,P0085,36.0,222100.0
O00057,P0147,35.0,233600.0
O00057,P0059,36.0,449200.0
O00058,P0053,41.0,127800.0
O00058,P0046,39.0,380900.0
O00058,P0094,11.0,27200.0
O00059,P0114,39.0,237200.0
O00059,P0038,17.0,252400.0
O00059,P0068,26.0,23400.0
O00060,P0072,,168700.0
O00060,P0079,20.0,445200.0
O00061,P0004,31.0,323500.0
O00061,P0101,-15.0,80900.0
O00062,P0120,22.0,155200.0
O00062,P0090,50.0,387800.0
O00063,P0113,32.0,390600.0
O00063,P0100,1.0,73300.0
O00064,P0092,14.0,402100.0
O00064,P0012,13.0,359200.0
O00065,P0098,46.0,
O00065,P0113,28.0,406600.0
O00066,P0032,42.0,342000.0
O00066,P0060,15.0,285200.0
O00067,P0006,50.0,282100.0
O00067,P0085,18.0,221200.0
O00068,P0006,11.0,
O00068,P0072,19.0,177000.0
O00068,P0110,,276700.0
O00069,P0117,23.0,469500.0
O00069,P0085,45.0,218900.0
O00070,P0077,38.0,82900.0
O00070,P0142,2.0,160300.0
O00071,P0144,16.0,28500.0
O00071,P0037,26.0,193800.0
O00072,P0103,,320400.0
O00072,P0060,40.0,
O00073,P0086,2.0,153400.0
O00073,P0072,30.0,204100.0
O00073,P0058,50.0,499700.0
O00074,P0020,23.0,246000.0
O00074,P0056,10.0,376000.0
O00075,P0042,35.0,173300.0
O00075,P0012,26.0,438000.0
O00075,P0056,35.0,321700.0
O00076,P0150,18.0,15200.0
O00076,P0122,40.0,397000.0
O00076,P0018,6.0,
O00077,P0105,16.0,112900.0
O00077,P0133,2.0,200800.0
O00077,P0069,23.0,
O00078,P0022,7.0,181900.0
O00078,P0109,31.0,427300.0
O00079,P0088,45.0,50400.0
O00079,P0043,17.0,62000.0
O00080,P0150,,
O00080,P0026,9.0,210300.0
O00081,P0053,38.0,121400.0
O00081,P0036,30.0,104100.0
O00082,P0077,-11.0,84700.0
O00082,P0094,46.0,35700.0
O00083,P0092,42.0,407600.0
O00083,P0096,-7.0,157800.0
O00084,P0019,,121200.0
O00084,P0143,4.0,253000.0
O00084,P0117,28.0,472100.0
O00085,P0097,45.0,97300.0
O00085,P0115,11.0,143400.0
O00086,P0129,45.0,125000.0
O00086,P0115,21.0,173800.0
O00087,P0121,23.0,13500.0
O00087,P0111,10.0,
O00088,P0134,32.0,458800.0
O00088,P0088,20.0,52200.0
O00089,P0087,10.0,196300.0
O00089,P0148,32.0,252000.0
O00090,P0132,13.0,424200.0
O00090,P0066,45.0,336200.0
O00090,P0144,8.0,34900.0
O00091,P0133,46.0,203100.0
O00091,P0141,18.0,43300.0
O00092,P0002,48.0,357100.0
O00092,P0141,,45300.0
O00093,P0141,19.0,50800.0
O00093,P0031,23.0,77800.0
O00093,P0015,21.0,387500.0
O00094,P0066,24.0,370300.0
O00094,P0117,46.0,
O00095,P0094,46.0,34000.0
O00095,P0054,12.0,323400.0
O00096,P0040,40.0,18000.0
O00096,P0132,10.0,379100.0
O00097,P0009,12.0,387900.0
O00097,P0081,,425300.0
O00097,P0052,15.0,473300.0
O00098,P0121,26.0,14900.0
O00098,P0093,31.0,178900.0
O00099,P0143,21.0,211700.0
O00099,P0074,47.0,137200.0
O00100,P0119,,91500.0
O00100,P0135,17.0,400600.0
O00101,P0115,30.0,142900.0
O00101,P0146,4.0,376100.0
O00102,P0117,50.0,486100.0
O00102,P0058,7.0,496900.0
O00103,P0123,15.0,235300.0
O00103,P0024,44.0,308500.0
O00104,P0033,30.0,476200.0
O00104,P0096,49.0,167500.0
O00105,P0084,-33.0,23300.0
O00105,P0019,12.0,135800.0
O00106,P0049,,137100.0
O00106,P0004,34.0,381700.0
O00107,P0112,38.0,397200.0
O00107,P0014,39.0,299100.0
O00108,P0027,16.0,390400.0
O00108,P0050,17.0,321700.0
O00109,P0052,39.0,444200.0
O00109,P0032,4.0,299800.0
O00110,P0131,24.0,327800.0
O00110,P0074,46.0,123100.0
O00111,P0100,26.0,64000.0
O00111,P0098,25.0,416800.0
O00111,P0125,43.0,151700.0
O00112,P0080,26.0,479700.0
O00112,P0126,24.0,214600.0
O00113,P0124,6.0,232300.0
O00113,P0082,19.0,247600.0
O00114,P0050,4.0,370300.0
O00114,P0018,49.0,196300.0
O00115,P0068,11.0,26500.0
O00115,P0038,12.0,256800.0
O00116,P0006,48.0,294200.0
O00116,P0141,21.0,43000.0
O00117,P0006,40.0,324600.0
O00117,P0097,41.0,106100.0
O00118,P0055,8.0,493200.0
O00118,P0053,25.0,130200.0
O00119,P0061,19.0,489200.0
O00119,P0138,24.0,64200.0
O00120,P0103,11.0,301600.0
O00120,P0082,,263300.0
O00121,P0090,22.0,386000.0
O00121,P0033,29.0,394600.0
O00122,P0144,28.0,
O00122,P0052,,536400.0
O00123,P0132,14.0,333600.0
O00123,P0143,2.0,218400.0
O00124,P0073,,70400.0
O00124,P0032,3.0,350700.0
O00124,P0148,46.0,328000.0
O00125,P0138,3.0,71100.0
O00125,P0112,5.0,319500.0
O00125,P0093,21.0,162900.0
O00126,P0013,31.0,86500.0
O00126,P0042,29.0,189200.0
O00127,P0090,,362100.0
O00127,P0077,30.0,96300.0
O00128,P0098,49.0,373000.0
O00128,P0088,49.0,53800.0
O00129,P0069,23.0,194700.0
O00129,P0022,22.0,176000.0
O00130,P0035,17.0,365400.0
O00130,P0150,10.0,16800.0
O00131,P0061,18.0,442500.0
O00131,P0064,31.0,118800.0
O00132,P0132,34.0,422300.0
O00132,P0116,13.0,494600.0
O00133,P0079,35.0,416200.0
O00133,P0139,27.0,408200.0
O00134,P0015,37.0,375000.0
O00134,P0100,26.0,72600.0
O00135,P0056,45.0,326400.0
O00135,P0117,40.0,386500.0
O00136,P0001,38.0,450500.0
O00136,P0029,50.0,400600.0
O00137,P0047,41.0,203400.0
O00137,P0133,44.0,220100.0
O00138,P0010,36.0,180200.0
O00138,P0091,24.0,147000.0
O00139,P0112,36.0,319000.0
O00139,P0040,45.0,19000.0
O00140,P0122,30.0,410100.0
O00140,P0074,19.0,120100.0
O00140,P0123,46.0,208000.0
O00141,P0068,34.0,29000.0
O00141,P0132,5.0,
O00142,P0123,35.0,225100.0
O00142,P0024,26.0,269700.0
O00142,P0109,45.0,386800.0
O00143,P0117,45.0,410200.0
O00143,P0031,22.0,59600.0
O00144,P0113,,304700.0
O00144,P0090,50.0,416200.0
O00145,P0141,-48.0,53300.0
O00145,P0143,47.0,234100.0
O00146,P0096,12.0,160600.0
O00146,P0108,1.0,333200.0
O00147,P0052,29.0,500500.0
O00147,P0109,6.0,455500.0
O00148,P0114,9.0,257500.0
O00148,P0087,47.0,163800.0
O00148,P0131,33.0,326500.0
O00149,P0029,14.0,489000.0
O00149,P0126,32.0,166100.0
O00150,P0066,10.0,276500.0
O00150,P0097,13.0,98800.0
O00151,P0136,28.0,280700.0
O00151,P0003,16.0,404000.0
O00151,P0086,42.0,123800.0
O00152,P0103,11.0,334900.0
O00152,P0047,21.0,254500.0
O00152,P0120,7.0,183900.0
O00153,P0150,29.0,13900.0
O00153,P0013,46.0,103900.0
O00153,P0145,23.0,134800.0
O00154,P0112,6.0,354200.0
O00154,P0011,5.0,51300.0
O00155,P0105,25.0,113600.0
O00155,P0084,13.0,24500.0
O00156,P0094,48.0,30600.0
O00156,P0024,3.0,256800.0
O00157,P0058,48.0,394800.0
O00157,P0149,42.0,85900.0
O00158,P0146,22.0,425500.0
O00158,P0103,3.0,296700.0
O00159,P0040,4.0,15000.0
O00159,P0143,3.0,223400.0
O00160,P0102,,220400.0
O00160,P0115,46.0,132700.0
O00160,P0035,18.0,334900.0
O00161,P0109,15.0,493700.0
O00161,P0004,24.0,388700.0
O00162,P0050,27.0,374400.0
O00162,P0065,11.0,294800.0
O00163,P0105,7.0,88900.0
O00163,P0021,13.0,30400.0
O00164,P0140,9.0,125800.0
O00164,P0096,30.0,182200.0
O00165,P0002,33.0,280400.0
O00165,P0122,7.0,327800.0
O00166,P0059,34.0,396600.0
O00166,P0013,41.0,87600.0
O00167,P0009,6.0,352300.0
O00167,P0025,11.0,9600.0
O00168,P0068,47.0,23600.0
O00168,P0013,27.0,105000.0
O00168,P0014,44.0,250200.0
O00169,P0010,29.0,218600.0
O00169,P0119,19.0,94800.0
O00170,P0059,28.0,404200.0
O00170,P0060,4.0,228000.0
O00171,P0011,25.0,48400.0
O00171,P0044,7.0,82300.0
O00172,P0130,2.0,327800.0
O00172,P0052,39.0,460600.0
O00173,P0146,39.0,404000.0
O00173,P0098,13.0,411200.0
O00174,P0067,18.0,48000.0
O00174,P0132,41.0,368200.0
O00175,P0018,33.0,174700.0
O00175,P0110,26.0,331000.0
O00176,P0131,10.0,326800.0
O00176,P0063,11.0,180300.0
O00177,P0043,33.0,62000.0
O00177,P0060,49.0,259100.0
O00178,P0063,1.0,
O00178,P0140,20.0,141300.0
O00179,P0095,48.0,231600.0
O00179,P0128,10.0,100000.0
O00180,P0014,48.0,
O00180,P0002,38.0,322400.0
O00181,P0047,-21.0,222800.0
O00181,P0082,33.0,279100.0
O00182,P0045,47.0,70700.0
O00182,P0100,34.0,69400.0
O00183,P0040,20.0,18700.0
O00183,P0084,11.0,22100.0
O00184,P0003,35.0,459900.0
O00184,P0033,26.0,429600.0
O00185,P0140,38.0,136300.0
O00185,P0126,20.0,190600.0
O00186,P0143,10.0,208800.0
O00186,P0070,33.0,325900.0
O00186,P0080,10.0,496400.0
O00187,P0031,29.0,73200.0
O00187,P0087,17.0,168700.0
O00188,P0022,24.0,200800.0
O00188,P0125,34.0,190200.0
O00189,P0033,17.0,445900.0
O00189,P0049,30.0,148600.0
O00190,P0030,26.0,193800.0
O00190,P0137,6.0,472300.0
O00191,P0031,13.0,73100.0
O00191,P0135,,324100.0
O00192,P0027,42.0,524200.0
O00192,P0056,2.0,343300.0
O00193,P0036,29.0,79600.0
O00193,P0124,5.0,205500.0
O00194,P0136,16.0,354400.0
O00194,P0132,49.0,358700.0
O00194,P0063,37.0,211800.0
O00195,P0109,32.0,450100.0
O00195,P0140,,126900.0
O00196,P0048,19.0,384000.0
O00196,P0110,4.0,347200.0
O00197,P0121,34.0,15500.0
O00197,P0076,38.0,40100.0
O00198,P0018,41.0,199700.0
O00198,P0005,-9.0,447500.0
O00199,P0039,6.0,273700.0
O00199,P0068,38.0,24000.0
O00200,P0049,40.0,127300.0
O00200,P0004,44.0,345700.0
O00200,P0034,37.0,254000.0
O00201,P0093,11.0,157600.0
O00201,P0049,25.0,123900.0
O00201,P0097,24.0,
O00202,P0131,-30.0,338700.0
O00202,P0075,19.0,474800.0
O00203,P0024,13.0,293300.0
O00203,P0095,37.0,279200.0
O00204,P0102,2.0,223000.0
O00204,P0070,30.0,259700.0
O00204,P0002,42.0,369000.0
O00205,P0120,44.0,189600.0
O00205,P0041,16.0,507100.0
O00206,P0069,46.0,171800.0
O00206,P0103,39.0,265000.0
O00207,P0019,9.0,133800.0
O00207,P0118,36.0,337700.0
O00208,P0071,,377100.0
O00208,P0012,30.0,359100.0
O00208,P0033,30.0,484300.0
O00209,P0028,37.0,248300.0
O00209,P0013,14.0,97400.0
O00209,P0056,38.0,391300.0
O00210,P0046,2.0,415200.0
O00210,P0068,20.0,28100.0
O00210,P0010,11.0,206000.0
O00211,P0103,2.0,299900.0
O00211,P0129,24.0,129800.0
O00212,P0136,48.0,275600.0
O00212,P0121,41.0,13400.0
O00213,P0063,30.0,186900.0
O00213,P0033,43.0,411900.0
O00214,P0029,17.0,386100.0
O00214,P0022,11.0,187500.0
O00215,P0041,31.0,415300.0
O00215,P0023,9.0,183900.0
O00216,P0015,27.0,402100.0
O00216,P0010,6.0,220400.0
O00217,P0023,32.0,171500.0
O00217,P0121,17.0,12600.0
O00217,P0115,12.0,148900.0
O00218,P0062,8.0,124500.0
O00218,P0120,47.0,177800.0
O00219,P0147,16.0,218800.0
O00219,P0060,14.0,240800.0
O00220,P0062,26.0,102000.0
O00220,P0066,6.0,359000.0
O00221,P0040,32.0,16400.0
O00221,P0055,15.0,499100.0
O00222,P0012,30.0,381200.0
O00222,P0034,4.0,331500.0
O00222,P0002,19.0,310700.0
O00223,P0002,36.0,338100.0
O00223,P0138,38.0,68300.0
O00224,P0042,14.0,214400.0
O00224,P0006,42.0,304800.0
O00224,P0125,12.0,186900.0
O00225,P0056,44.0,367800.0
O00225,P0042,4.0,189500.0
O00226,P0086,22.0,132600.0
O00226,P0065,29.0,312500.0
O00227,P0093,18.0,164700.0
O00227,P0058,8.0,441400.0
O00228,P0144,45.0,32700.0
O00228,P0096,24.0,181500.0
O00229,P0038,33.0,333900.0
O00229,P0145,37.0,106500.0
O00230,P0036,33.0,77300.0
O00230,P0094,29.0,31300.0
O00231,P0025,5.0,12200.0
O00231,P0109,,485600.0
O00232,P0090,17.0,410400.0
O00232,P0046,36.0,381000.0
O00232,P0066,6.0,337900.0
O00233,P0094,2.0,36500.0
O00233,P0026,24.0,225700.0
O00234,P0125,27.0,
O00234,P0139,34.0,393700.0
O00235,P0082,32.0,288500.0
O00235,P0040,14.0,16300.0
O00236,P0037,14.0,206400.0
O00236,P0010,9.0,205400.0
O00236,P0133,16.0,186000.0
O00237,P0069,45.0,174500.0
O00237,P0130,,305100.0
O00238,P0100,13.0,72800.0
O00238,P0133,34.0,212000.0
O00239,P0005,29.0,456700.0
O00239,P0055,21.0,497300.0
O00240,P0126,44.0,188400.0
O00240,P0111,-38.0,47900.0
O00241,P0139,48.0,392800.0
O00241,P0029,31.0,493600.0
O00242,P0145,17.0,106800.0
O00242,P0068,6.0,27700.0
O00243,P0036,32.0,86000.0
O00243,P0042,6.0,175400.0
O00244,P0023,9.0,149500.0
O00244,P0105,8.0,86900.0
O00245,P0068,34.0,30800.0
O00245,P0138,6.0,77000.0
O00246,P0046,32.0,408300.0
O00246,P0029,1.0,411100.0
O00247,P0023,5.0,175600.0
O00247,P0007,22.0,407300.0
O00247,P0031,43.0,66400.0
O00248,P0009,9.0,336600.0
O00248,P0086,10.0,133000.0
O00248,P0149,4.0,
O00249,P0141,25.0,55100.0
O00249,P0080,20.0,429800.0
O00250,P0019,49.0,121400.0
O00250,P0022,37.0,176200.0
O00251,P0105,46.0,94900.0
O00251,P0130,24.0,314800.0
O00252,P0075,21.0,469300.0
O00252,P0047,8.0,243500.0
O00252,P0032,45.0,305800.0
O00253,P0068,34.0,23600.0
O00253,P0011,35.0,62000.0
O00253,P0114,-33.0,236200.0
O00254,P0101,42.0,82100.0
O00254,P0124,46.0,245400.0
O00255,P0041,17.0,429300.0
O00255,P0006,21.0,348700.0
O00256,P0063,33.0,216500.0
O00256,P0131,,343100.0
O00257,P0083,5.0,34400.0
O00257,P0029,-9.0,444400.0
O00258,P0115,18.0,163300.0
O00258,P0098,6.0,423100.0
O00259,P0073,50.0,66200.0
O00259,P0098,29.0,411200.0
O00260,P0137,42.0,455600.0
O00260,P0111,,36400.0
O00261,P0056,1.0,
O00261,P0073,24.0,62900.0
O00262,P0099,40.0,150600.0
O00262,P0072,15.0,186400.0
O00263,P0067,2.0,44100.0
O00263,P0038,,314000.0
O00264,P0013,8.0,88900.0
O00264,P0030,30.0,163900.0
O00264,P0014,44.0,316800.0
O00265,P0145,39.0,119900.0
O00265,P0066,37.0,297500.0
O00266,P0093,20.0,154500.0
O00266,P0031,42.0,61200.0
O00267,P0023,-34.0,145000.0
O00267,P0086,21.0,144700.0
O00268,P0021,12.0,30500.0
O00268,P0057,,24400.0
O00269,P0149,32.0,85700.0
O00269,P0144,3.0,29600.0
O00270,P0147,24.0,179600.0
O00270,P0065,28.0,376900.0
O00270,P0134,45.0,469900.0
O00271,P0145,7.0,122700.0
O00271,P0043,31.0,54000.0
O00272,P0130,18.0,322000.0
O00272,P0148,9.0,257300.0
O00273,P0074,46.0,131100.0
O00273,P0026,16.0,251600.0
O00273,P0007,29.0,421000.0
O00274,P0059,16.0,392000.0
O00274,P0075,14.0,381000.0
O00275,P0134,-1.0,402500.0
O00275,P0016,37.0,275000.0
O00276,P0050,40.0,352600.0
O00276,P0075,29.0,489100.0
O00277,P0031,10.0,63400.0
O00277,P0067,29.0,51700.0
O00278,P0015,4.0,444700.0
O00278,P0091,33.0,175000.0
O00279,P0067,43.0,56400.0
O00279,P0053,2.0,132900.0
O00280,P0058,15.0,480100.0
O00280,P0073,31.0,64900.0
O00281,P0138,20.0,77900.0
O00281,P0141,22.0,53200.0
O00281,P0060,49.0,274000.0
O00282,P0040,32.0,18800.0
O00282,P0123,36.0,244400.0
O00282,P0098,12.0,397700.0
O00283,P0026,38.0,241500.0
O00283,P0088,12.0,47900.0
O00283,P0105,21.0,116000.0
O00284,P0017,30.0,334800.0
O00284,P0013,28.0,104500.0
O00285,P0035,3.0,289800.0
O00285,P0139,42.0,389400.0
O00286,P0040,22.0,14700.0
O00286,P0107,12.0,506000.0
O00286,P0062,5.0,126400.0
O00287,P0070,5.0,343700.0
O00287,P0047,31.0,227200.0
O00287,P0084,19.0,24100.0
O00288,P0032,49.0,308200.0
O00288,P0094,49.0,36200.0
O00288,P0113,8.0,342500.0
O00289,P0110,18.0,273800.0
O00289,P0094,15.0,34400.0
O00290,P0126,10.0,215100.0
O00290,P0085,15.0,275100.0
O00291,P0079,37.0,463400.0
O00291,P0120,27.0,
O00292,P0040,17.0,17100.0
O00292,P0039,47.0,341900.0
O00292,P0051,10.0,433500.0
O00293,P0124,13.0,250400.0
O00293,P0111,32.0,37100.0
O00294,P0096,12.0,171700.0
O00294,P0047,28.0,205600.0
O00295,P0087,37.0,206200.0
O00295,P0104,46.0,195800.0
O00296,P0084,,25100.0
O00296,P0027,42.0,411300.0
O00297,P0022,44.0,
O00297,P0051,47.0,408400.0
O00298,P0111,,44100.0
O00298,P0059,,490300.0
O00299,P0037,16.0,251800.0
O00299,P0100,50.0,80400.0
O00300,P0015,25.0,407700.0
O00300,P0023,30.0,175300.0
O00301,P0018,9.0,190200.0
O00301,P0032,8.0,304000.0
O00302,P0064,43.0,100500.0
O00302,P0013,23.0,108300.0
O00302,P0038,33.0,326200.0
O00303,P0025,5.0,9700.0
O00303,P0116,15.0,
O00303,P0129,,104200.0
O00304,P0006,18.0,349100.0
O00304,P0080,35.0,477100.0
O00305,P0120,16.0,168800.0
O00305,P0071,50.0,410900.0
O00305,P0028,34.0,273200.0
O00306,P0031,16.0,76800.0
O00306,P0067,24.0,43800.0
O00307,P0027,50.0,433800.0
O00307,P0123,9.0,206300.0
O00308,P0148,39.0,261300.0
O00308,P0037,,228900.0
O00309,P0126,45.0,163700.0
O00309,P0014,24.0,314800.0
O00309,P0053,9.0,122500.0
O00310,P0009,39.0,370800.0
O00310,P0061,48.0,480200.0
O00311,P0029,40.0,401700.0
O00311,P0023,43.0,163900.0
O00312,P0001,19.0,408800.0
O00312,P0125,,147100.0
O00313,P0128,17.0,109800.0
O00313,P0108,17.0,391800.0
O00314,P0017,32.0,313800.0
O00314,P0054,48.0,362800.0
O00315,P0139,41.0,426300.0
O00315,P0131,27.0,332700.0
O00316,P0147,34.0,182400.0
O00316,P0112,1.0,377400.0
O00317,P0045,39.0,81200.0
O00317,P0009,17.0,401000.0
O00318,P0073,24.0,64600.0
O00318,P0079,19.0,
O00318,P0026,28.0,224200.0
O00319,P0126,19.0,196400.0
O00319,P0009,48.0,366600.0
O00320,P0042,39.0,212300.0
O00320,P0086,1.0,128300.0
O00321,P0057,12.0,25800.0
O00321,P0062,30.0,133700.0
O00322,P0107,31.0,500000.0
O00322,P0055,,535800.0
O00323,P0129,,129600.0
O00323,P0010,50.0,176200.0
O00324,P0054,34.0,345300.0
O00324,P0114,32.0,215500.0
O00325,P0047,49.0,237100.0
O00325,P0061,16.0,430300.0
O00326,P0090,18.0,447700.0
O00326,P0149,16.0,84300.0
O00326,P0127,42.0,129900.0
O00327,P0066,,299800.0
O00327,P0088,29.0,49400.0
O00328,P0096,38.0,
O00328,P0143,33.0,193600.0
O00328,P0036,33.0,90700.0
O00329,P0140,20.0,115600.0
O00329,P0014,39.0,257300.0
O00330,P0012,50.0,453200.0
O00330,P0085,42.0,
O00331,P0088,21.0,47000.0
O00331,P0068,11.0,30300.0
O00332,P0078,25.0,515200.0
O00332,P0121,49.0,15900.0
O00333,P0039,28.0,
O00333,P0122,11.0,326000.0
O00334,P0031,21.0,75100.0
O00334,P0074,7.0,117000.0
O00335,P0136,9.0,356600.0
O00335,P0051,35.0,410600.0
O00336,P0133,34.0,190500.0
O00336,P0144,16.0,29100.0
O00337,P0029,45.0,391700.0
O00337,P0108,42.0,392700.0
O00338,P0137,45.0,404300.0
O00338,P0027,9.0,509000.0
O00339,P0097,25.0,108300.0
O00339,P0086,10.0,114300.0
O00339,P0014,48.0,242900.0
O00340,P0045,48.0,71200.0
O00340,P0105,17.0,112000.0
O00341,P0066,7.0,348100.0
O00341,P0097,46.0,86000.0
O00342,P0041,28.0,447100.0
O00342,P0142,34.0,208500.0
O00343,P0140,8.0,143700.0
O00343,P0062,,127100.0
O00344,P0088,48.0,
O00344,P0083,16.0,42000.0
O00344,P0074,,114500.0
O00345,P0117,10.0,382800.0
O00345,P0061,,401300.0
O00346,P0098,,421900.0
O00346,P0106,27.0,430000.0
O00347,P0078,45.0,465200.0
O00347,P0039,,324500.0
O00348,P0071,23.0,388400.0
O00348,P0148,11.0,250500.0
O00349,P0113,14.0,358900.0
O00349,P0105,6.0,95700.0
O00349,P0037,7.0,237300.0
O00350,P0149,18.0,
O00350,P0117,13.0,462800.0
O00351,P0082,8.0,271000.0
O00351,P0132,38.0,430800.0
O00351,P0006,35.0,342900.0
O00352,P0018,13.0,182500.0
O00352,P0144,45.0,30300.0
O00353,P0059,2.0,443800.0
O00353,P0104,18.0,219600.0
O00354,P0090,38.0,335500.0
O00354,P0096,2.0,181900.0
O00355,P0034,29.0,306500.0
O00355,P0085,21.0,212400.0
O00356,P0028,1.0,270300.0
O00356,P0071,6.0,418400.0
O00357,P0144,20.0,32400.0
O00357,P0047,27.0,250200.0
O00358,P0060,8.0,
O00358,P0094,6.0,35900.0
O00358,P0105,17.0,107000.0
O00359,P0105,15.0,99300.0
O00359,P0082,30.0,277300.0
O00360,P0147,3.0,192900.0
O00360,P0068,9.0,26800.0
O00361,P0147,14.0,183500.0
O00361,P0100,43.0,
O00362,P0107,,451300.0
O00362,P0019,22.0,144300.0
O00362,P0034,,305700.0
O00363,P0041,38.0,508200.0
O00363,P0095,19.0,268400.0
O00363,P0105,20.0,87100.0
O00364,P0052,46.0,444500.0
O00364,P0088,21.0,55500.0
O00365,P0095,6.0,211500.0
O00365,P0049,17.0,124600.0
O00366,P0002,13.0,300600.0
O00366,P0001,27.0,362600.0
O00367,P0086,13.0,126100.0
O00367,P0118,15.0,360700.0
O00368,P0058,2.0,501500.0
O00368,P0139,27.0,444400.0
O00369,P0038,27.0,310000.0
O00369,P0133,6.0,
O00370,P0086,18.0,134800.0
O00370,P0073,50.0,57200.0
O00371,P0007,41.0,347000.0
O00371,P0044,17.0,98900.0
O00372,P0119,28.0,87300.0
O00372,P0045,49.0,75000.0
O00373,P0146,8.0,416700.0
O00373,P0091,1.0,145400.0
O00373,P0138,5.0,68800.0
O00374,P0072,36.0,197200.0
O00374,P0061,1.0,386900.0
O00375,P0145,20.0,127600.0
O00375,P0090,43.0,429800.0
O00376,P0093,48.0,187300.0
O00376,P0054,26.0,368900.0
O00377,P0071,12.0,420200.0
O00377,P0011,47.0,48900.0
O00377,P0087,46.0,184400.0
O00378,P0094,10.0,36300.0
O00378,P0006,27.0,282200.0
O00379,P0119,30.0,90700.0
O00379,P0079,34.0,366000.0
O00379,P0044,43.0,87900.0
O00380,P0036,28.0,95200.0
O00380,P0088,34.0,50600.0
O00381,P0049,37.0,116000.0
O00381,P0075,11.0,372800.0
O00382,P0069,10.0,200100.0
O00382,P0036,45.0,89500.0
O00383,P0058,43.0,387500.0
O00383,P0085,12.0,250200.0
O00384,P0112,45.0,336900.0
O00384,P0097,25.0,105100.0
O00385,P0119,44.0,92800.0
O00385,P0001,42.0,448300.0
O00386,P0050,26.0,380400.0
O00386,P0089,40.0,329400.0
O00386,P0045,,69200.0
O00387,P0042,11.0,179300.0
O00387,P0001,41.0,428700.0
O00388,P0131,39.0,286700.0
O00388,P0121,31.0,14200.0
O00389,P0005,32.0,481900.0
O00389,P0120,43.0,146800.0
O00390,P0069,41.0,168200.0
O00390,P0076,17.0,46100.0
O00391,P0026,46.0,248900.0
O00391,P0087,46.0,188400.0
O00392,P0137,-8.0,466300.0
O00392,P0123,6.0,195400.0
O00392,P0019,49.0,118900.0
O00393,P0074,15.0,116100.0
O00393,P0016,24.0,239000.0
O00393,P0111,7.0,38200.0
O00394,P0109,,471300.0
O00394,P0085,37.0,218300.0
O00395,P0050,26.0,338300.0
O00395,P0112,18.0,321700.0
O00396,P0049,,127500.0
O00396,P0134,25.0,361200.0
O00397,P0024,35.0,315600.0
O00397,P0043,21.0,53200.0
O00397,P0066,20.0,334300.0
O00398,P0014,40.0,240000.0
O00398,P0031,18.0,59200.0
O00399,P0085,17.0,233300.0
O00399,P0042,5.0,193600.0
O00399,P0002,49.0,
O00400,P0145,41.0,120700.0
O00400,P0055,50.0,
O00401,P0117,15.0,484800.0
O00401,P0082,35.0,258200.0
O00402,P0001,28.0,354200.0
O00402,P0135,43.0,401200.0
O00403,P0119,-9.0,78900.0
O00403,P0016,18.0,251800.0
O00404,P0127,5.0,131800.0
O00404,P0066,43.0,354000.0
O00405,P0132,27.0,
O00405,P0103,,336800.0
O00406,P0005,27.0,464100.0
O00406,P0049,45.0,126000.0
O00406,P0105,31.0,92100.0
O00407,P0031,17.0,74700.0
O00407,P0142,46.0,188400.0
O00408,P0079,14.0,467400.0
O00408,P0142,11.0,207800.0
O00408,P0024,6.0,286800.0
O00409,P0105,44.0,103900.0
O00409,P0127,43.0,127400.0
O00410,P0046,23.0,365900.0
O00410,P0097,15.0,90700.0
O00411,P0112,37.0,377200.0
O00411,P0141,31.0,43100.0
O00412,P0094,5.0,31300.0
O00412,P0115,41.0,163900.0
O00412,P0040,11.0,19800.0
O00413,P0019,18.0,129500.0
O00413,P0003,23.0,511100.0
O00413,P0009,15.0,356500.0
O00414,P0141,5.0,48900.0
O00414,P0022,13.0,227600.0
O00415,P0065,6.0,307400.0
O00415,P0020,36.0,205500.0
O00415,P0142,,178500.0
O00416,P0050,16.0,
O00416,P0012,22.0,387800.0
O00417,P0077,16.0,96800.0
O00417,P0112,25.0,331500.0
O00418,P0148,29.0,249500.0
O00418,P0045,48.0,82900.0
O00419,P0045,37.0,83400.0
O00419,P0012,41.0,455800.0
O00420,P0100,45.0,67100.0
O00420,P0021,20.0,32100.0
O00421,P0004,9.0,350800.0
O00421,P0093,29.0,146900.0
O00422,P0150,8.0,15800.0
O00422,P0148,21.0,278600.0
O00423,P0037,11.0,198500.0
O00423,P0007,14.0,328200.0
O00424,P0032,50.0,282600.0
O00424,P0106,43.0,405500.0
O00424,P0002,48.0,364600.0
O00425,P0141,23.0,54600.0
O00425,P0043,19.0,67000.0
O00426,P0019,26.0,134800.0
O00426,P0044,4.0,97300.0
O00427,P0016,23.0,245800.0
O00427,P0077,14.0,90600.0
O00428,P0112,24.0,324000.0
O00428,P0008,,219600.0
O00428,P0039,29.0,342100.0
O00429,P0080,1.0,426600.0
O00429,P0098,32.0,490500.0
O00430,P0122,31.0,333000.0
O00430,P0129,6.0,110500.0
O00430,P0066,34.0,331700.0
O00431,P0121,26.0,12200.0
O00431,P0091,48.0,177700.0
O00432,P0132,22.0,433900.0
O00432,P0114,30.0,227300.0
O00433,P0026,39.0,225900.0
O00433,P0067,30.0,53800.0
O00434,P0050,40.0,423300.0
O00434,P0130,38.0,282900.0
O00435,P0001,13.0,436800.0
O00435,P0144,43.0,35200.0
O00436,P0001,-43.0,389500.0
O00436,P0135,18.0,426200.0
O00437,P0060,43.0,267900.0
O00437,P0143,2.0,214100.0
O00438,P0085,10.0,264900.0
O00438,P0106,8.0,492400.0
O00439,P0057,27.0,26000.0
O00439,P0055,13.0,466000.0
O00440,P0085,18.0,212500.0
O00440,P0122,8.0,342000.0
O00440,P0006,49.0,287700.0
O00441,P0082,7.0,232600.0
O00441,P0028,,245900.0
O00441,P0067,28.0,45200.0
O00442,P0130,23.0,296300.0
O00442,P0047,5.0,196900.0
O00443,P0003,49.0,526800.0
O00443,P0056,20.0,392100.0
O00444,P0075,15.0,375200.0
O00444,P0134,,388600.0
O00444,P0045,31.0,72900.0
O00445,P0094,18.0,30600.0
O00445,P0113,-37.0,323900.0
O00446,P0114,10.0,
O00446,P0002,27.0,318800.0
O00447,P0012,30.0,362800.0
O00447,P0118,42.0,371000.0
O00448,P0101,11.0,80500.0
O00448,P0065,19.0,305500.0
O00449,P0091,2.0,142000.0
O00449,P0143,38.0,
O00450,P0093,32.0,176000.0
O00450,P0111,38.0,48600.0
O00451,P0068,14.0,27900.0
O00451,P0003,20.0,531600.0
O00452,P0111,-1.0,48700.0
O00452,P0055,15.0,445900.0
O00453,P0143,9.0,229000.0
O00453,P0026,16.0,224800.0
O00453,P0036,17.0,87000.0
O00454,P0102,22.0,193000.0
O00454,P0138,45.0,59000.0
O00454,P0083,21.0,37000.0
O00455,P0043,48.0,55900.0
O00455,P0138,7.0,69200.0
O00455,P0087,28.0,167300.0
O00456,P0144,1.0,37900.0
O00456,P0019,34.0,129800.0
O00457,P0138,18.0,73600.0
O00457,P0113,31.0,379200.0
O00458,P0128,16.0,90800.0
O00458,P0080,43.0,486600.0
O00459,P0062,33.0,115600.0
O00459,P0037,23.0,217100.0
O00460,P0025,34.0,12000.0
O00460,P0029,40.0,424600.0
O00460,P0117,11.0,437800.0
O00461,P0037,5.0,238000.0
O00461,P0137,-41.0,429300.0
O00462,P0140,19.0,
O00462,P0075,19.0,405800.0
O00463,P0108,36.0,314500.0
O00463,P0094,40.0,32300.0
O00464,P0050,4.0,360200.0
O00464,P0035,28.0,368600.0
O00465,P0006,42.0,269400.0
O00465,P0130,34.0,362600.0
O00466,P0016,8.0,237000.0
O00466,P0104,41.0,169800.0
O00466,P0046,25.0,455900.0
O00467,P0123,6.0,218900.0
O00467,P0022,27.0,219000.0
O00468,P0112,28.0,411600.0
O00468,P0027,,420300.0
O00468,P0080,44.0,466400.0
O00469,P0147,32.0,219100.0
O00469,P0005,,513500.0
O00470,P0103,3.0,297400.0
O00470,P0088,18.0,57800.0
O00471,P0093,13.0,143700.0
O00471,P0147,31.0,191200.0
O00472,P0126,12.0,200400.0
O00472,P0127,37.0,141700.0
O00472,P0044,36.0,82300.0
O00473,P0138,30.0,57800.0
O00473,P0099,17.0,184000.0
O00474,P0102,28.0,
O00474,P0036,29.0,90300.0
O00475,P0098,23.0,381400.0
O00475,P0005,9.0,462300.0
O00476,P0107,24.0,407400.0
O00476,P0131,36.0,314000.0
O00476,P0076,28.0,47000.0
O00477,P0099,19.0,175600.0
O00477,P0037,15.0,240800.0
O00478,P0149,39.0,93900.0
O00478,P0047,46.0,222500.0
O00479,P0067,44.0,54300.0
O00479,P0044,5.0,77500.0
O00480,P0147,18.0,
O00480,P0133,32.0,194500.0
O00481,P0084,13.0,21500.0
O00481,P0008,2.0,234800.0
O00482,P0104,5.0,185600.0
O00482,P0039,13.0,
O00483,P0054,-26.0,340900.0
O00483,P0084,43.0,22900.0
O00483,P0143,22.0,198600.0
O00484,P0033,12.0,372600.0
O00484,P0036,8.0,93800.0
O00485,P0136,42.0,354900.0
O00485,P0150,4.0,15100.0
O00486,P0096,50.0,165400.0
O00486,P0048,8.0,428800.0
O00487,P0134,21.0,399400.0
O00487,P0068,15.0,30200.0
O00488,P0052,26.0,442300.0
O00488,P0006,40.0,304400.0
O00488,P0128,27.0,93100.0
O00489,P0126,12.0,162000.0
O00489,P0012,9.0,445800.0
O00489,P0106,28.0,445100.0
O00490,P0028,4.0,222000.0
O00490,P0090,26.0,400200.0
O00490,P0096,49.0,160400.0
O00491,P0138,9.0,76400.0
O00491,P0072,-25.0,200100.0
O00492,P0039,26.0,305600.0
O00492,P0071,43.0,367600.0
O00493,P0032,10.0,343400.0
O00493,P0140,43.0,140400.0
O00494,P0033,33.0,465300.0
O00494,P0022,-20.0,223500.0
O00495,P0108,27.0,389300.0
O00495,P0064,11.0,
O00496,P0113,29.0,398100.0
O00496,P0108,23.0,394900.0
O00496,P0101,24.0,68800.0
O00497,P0150,21.0,15400.0
O00497,P0054,16.0,320300.0
O00498,P0085,27.0,222900.0
O00498,P0094,2.0,31700.0
O00499,P0135,7.0,342400.0
O00499,P0089,26.0,350400.0
O00500,P0150,6.0,15600.0
O00500,P0131,2.0,321400.0
O00501,P0002,38.0,337900.0
O00501,P0007,12.0,330600.0
O00502,P0112,44.0,332200.0
O00502,P0014,9.0,261600.0
O00503,P0065,1.0,367500.0
O00503,P0077,14.0,72000.0
O00504,P0099,17.0,183800.0
O00504,P0081,7.0,473600.0
O00505,P0039,6.0,338000.0
O00505,P0005,49.0,520400.0
O00506,P0058,25.0,455000.0
O00506,P0077,34.0,89600.0
O00507,P0043,48.0,64800.0
O00507,P0096,34.0,174600.0
O00507,P0099,10.0,158200.0
O00508,P0043,,51800.0
O00508,P0056,50.0,325600.0
O00508,P0063,37.0,209700.0
O00509,P0026,30.0,
O00509,P0053,14.0,134400.0
O00509,P0124,12.0,
O00510,P0134,31.0,370500.0
O00510,P0039,31.0,341700.0
O00510,P0057,50.0,28600.0
O00511,P0002,21.0,351000.0
O00511,P0092,15.0,399300.0
O00512,P0051,15.0,394600.0
O00512,P0001,18.0,385700.0
O00513,P0121,28.0,14300.0
O00513,P0070,27.0,298900.0
O00514,P0106,13.0,401100.0
O00514,P0093,18.0,154800.0
O00514,P0062,35.0,128400.0
O00515,P0087,,203200.0
O00515,P0143,6.0,205900.0
O00516,P0099,23.0,162400.0
O00516,P0014,8.0,314900.0
O00517,P0067,34.0,52800.0
O00517,P0056,12.0,308200.0
O00518,P0138,30.0,77700.0
O00518,P0092,34.0,
O00518,P0049,45.0,138000.0
O00519,P0084,49.0,21800.0
O00519,P0141,30.0,47800.0
O00520,P0056,49.0,363200.0
O00520,P0123,31.0,212900.0
O00521,P0026,47.0,254800.0
O00521,P0012,21.0,357800.0
O00522,P0024,25.0,286300.0
O00522,P0137,4.0,490100.0
O00523,P0135,36.0,407200.0
O00523,P0080,31.0,387000.0
O00523,P0050,5.0,340700.0
O00524,P0022,,208900.0
O00524,P0040,9.0,15200.0
O00524,P0083,8.0,36300.0
O00525,P0018,30.0,197300.0
O00525,P0135,13.0,327400.0
O00526,P0094,18.0,36200.0
O00526,P0096,,157000.0
O00526,P0131,12.0,323700.0
O00527,P0055,38.0,493500.0
O00527,P0082,27.0,290800.0
O00528,P0041,20.0,463500.0
O00528,P0134,3.0,455300.0
O00529,P0059,,376600.0
O00529,P0042,10.0,
O00530,P0062,17.0,117600.0
O00530,P0019,45.0,123600.0
O00531,P0121,1.0,13300.0
O00531,P0001,-39.0,363100.0
O00532,P0136,44.0,326400.0
O00532,P0106,46.0,480700.0
O00533,P0050,42.0,400000.0
O00533,P0115,15.0,154900.0
O00534,P0042,24.0,209500.0
O00534,P0010,35.0,183800.0
O00535,P0039,23.0,307600.0
O00535,P0142,14.0,195100.0
O00536,P0072,8.0,183500.0
O00536,P0052,17.0,522500.0
O00537,P0047,22.0,231800.0
O00537,P0102,4.0,204900.0
O00538,P0028,3.0,240700.0
O00538,P0123,48.0,254600.0
O00538,P0044,35.0,
O00539,P0112,12.0,388100.0
O00539,P0063,50.0,202100.0
O00540,P0101,44.0,69100.0
O00540,P0045,45.0,84700.0
O00541,P0144,23.0,28800.0
O00541,P0057,19.0,22100.0
O00541,P0138,39.0,77500.0
O00542,P0111,8.0,45400.0
O00542,P0069,20.0,182800.0
O00543,P0066,9.0,330900.0
O00543,P0005,14.0,496000.0
O00544,P0051,30.0,465200.0
O00544,P0029,36.0,411200.0
O00545,P0080,28.0,404900.0
O00545,P0045,38.0,69400.0
O00546,P0015,17.0,366600.0
O00546,P0123,41.0,204400.0
O00547,P0053,32.0,123400.0
O00547,P0062,15.0,125800.0
O00548,P0148,1.0,272300.0
O00548,P0048,22.0,416700.0
O00548,P0096,18.0,159500.0
O00549,P0028,17.0,219300.0
O00549,P0146,47.0,366700.0
O00549,P0059,32.0,484800.0
O00550,P0014,26.0,262400.0
O00550,P0063,15.0,223400.0
O00551,P0036,-20.0,88100.0
O00551,P0083,23.0,42100.0
O00552,P0106,19.0,438500.0
O00552,P0059,43.0,407600.0
O00553,P0114,24.0,238900.0
O00553,P0067,15.0,50800.0
O00553,P0146,41.0,
O00554,P0018,-27.0,165300.0
O00554,P0076,11.0,
O00555,P0092,3.0,344600.0
O00555,P0123,47.0,221300.0
O00556,P0114,28.0,205300.0
O00556,P0121,40.0,15600.0
O00556,P0101,9.0,72800.0
O00557,P0039,8.0,290400.0
O00557,P0034,8.0,332100.0
O00558,P0123,35.0,231600.0
O00558,P0041,41.0,508500.0
O00559,P0010,28.0,222600.0
O00559,P0071,34.0,412600.0
O00560,P0138,12.0,57900.0
O00560,P0019,43.0,112800.0
O00561,P0009,,318300.0
O00561,P0003,11.0,421100.0
O00562,P0044,,92500.0
O00562,P0033,19.0,465800.0
O00563,P0011,39.0,48200.0
O00563,P0145,48.0,133500.0
O00564,P0042,12.0,164300.0
O00564,P0142,17.0,202600.0
O00565,P0136,9.0,330800.0
O00565,P0045,34.0,81200.0
O00566,P0052,12.0,487500.0
O00566,P0095,9.0,281000.0
O00567,P0113,44.0,318200.0
O00567,P0019,,137100.0
O00568,P0096,21.0,145100.0
O00568,P0009,14.0,397100.0
O00569,P0037,,194300.0
O00569,P0101,9.0,84500.0
O00569,P0126,10.0,167200.0
O00570,P0053,13.0,
O00570,P0032,4.0,306300.0
O00571,P0095,4.0,
O00571,P0019,33.0,133600.0
O00572,P0040,25.0,15200.0
O00572,P0006,26.0,
O00572,P0061,44.0,470900.0
O00573,P0061,36.0,392000.0
O00573,P0082,12.0,242000.0
O00574,P0060,33.0,281300.0
O00574,P0068,40.0,29900.0
O00574,P0042,9.0,167000.0
O00575,P0014,33.0,317400.0
O00575,P0103,25.0,266900.0
O00575,P0019,,114600.0
O00576,P0150,17.0,17400.0
O00576,P0043,4.0,49900.0
O00577,P0082,5.0,287500.0
O00577,P0119,26.0,87200.0
O00578,P0032,,289500.0
O00578,P0049,28.0,114300.0
O00579,P0117,6.0,374600.0
O00579,P0074,34.0,126900.0
O00580,P0126,-7.0,
O00580,P0116,42.0,390400.0
O00581,P0145,27.0,119400.0
O00581,P0042,19.0,171500.0
O00582,P0026,18.0,238600.0
O00582,P0103,47.0,315500.0
O00583,P0132,17.0,438900.0
O00583,P0076,41.0,39900.0
O00584,P0099,,158800.0
O00584,P0046,4.0,404800.0
O00585,P0084,7.0,22600.0
O00585,P0015,8.0,344800.0
O00585,P0033,30.0,407900.0
O00586,P0052,42.0,446800.0
O00586,P0132,38.0,404800.0
O00587,P0147,28.0,215900.0
O00587,P0114,25.0,254300.0
O00588,P0033,9.0,476400.0
O00588,P0015,24.0,348900.0
O00589,P0020,13.0,272900.0
O00589,P0124,46.0,228100.0
O00590,P0092,,384800.0
O00590,P0093,7.0,176800.0
O00591,P0138,10.0,60600.0
O00591,P0018,14.0,184800.0
O00592,P0028,1.0,264200.0
O00592,P0123,24.0,235000.0
O00593,P0073,43.0,67900.0
O00593,P0131,23.0,309500.0
O00594,P0030,48.0,178500.0
O00594,P0024,,308500.0
O00594,P0076,8.0,47900.0
O00595,P0116,2.0,440900.0
O00595,P0123,-19.0,
O00596,P0148,19.0,302400.0
O00596,P0045,23.0,75800.0
O00597,P0120,30.0,142700.0
O00597,P0001,2.0,370600.0
O00598,P0059,35.0,414300.0
O00598,P0078,49.0,443200.0
O00599,P0016,41.0,252000.0
O00599,P0030,41.0,159900.0
O00600,P0056,39.0,397600.0
O00600,P0124,33.0,210900.0
O00601,P0023,32.0,174300.0
O00601,P0100,3.0,80100.0
O00602,P0149,19.0,75200.0
O00602,P0108,42.0,303000.0
O00603,P0034,31.0,272400.0
O00603,P0078,6.0,
O00603,P0026,24.0,207800.0
O00604,P0014,49.0,247100.0
O00604,P0129,29.0,106900.0
O00605,P0132,48.0,406400.0
O00605,P0129,35.0,111100.0
O00605,P0067,40.0,53100.0
O00606,P0049,19.0,152500.0
O00606,P0051,35.0,472600.0
O00607,P0117,-17.0,373300.0
O00607,P0080,6.0,403600.0
O00608,P0017,3.0,298900.0
O00608,P0148,33.0,312500.0
O00609,P0131,23.0,329700.0
O00609,P0067,26.0,
O00609,P0124,45.0,204100.0
O00610,P0079,1.0,
O00610,P0011,1.0,63000.0
O00611,P0073,3.0,53300.0
O00611,P0132,17.0,357200.0
O00612,P0053,22.0,133500.0
O00612,P0089,37.0,335300.0
O00613,P0070,10.0,326100.0
O00613,P0052,8.0,434500.0
O00614,P0044,-16.0,94800.0
O00614,P0050,19.0,323200.0
O00614,P0071,8.0,424600.0
O00615,P0037,,245200.0
O00615,P0063,47.0,225400.0
O00616,P0050,22.0,408400.0
O00616,P0020,8.0,228300.0
O00617,P0026,41.0,240700.0
O00617,P0013,35.0,
O00618,P0020,33.0,248500.0
O00618,P0045,47.0,82000.0
O00619,P0137,24.0,392500.0
O00619,P0008,44.0,273900.0
O00620,P0005,10.0,517100.0
O00620,P0036,39.0,88900.0
O00621,P0114,46.0,204400.0
O00621,P0043,31.0,65900.0
O00622,P0004,5.0,375800.0
O00622,P0019,7.0,117700.0
O00623,P0136,40.0,269800.0
O00623,P0090,15.0,443400.0
O00624,P0067,13.0,44600.0
O00624,P0103,38.0,340900.0
O00625,P0112,45.0,324400.0
O00625,P0086,34.0,115200.0
O00625,P0009,47.0,375800.0
O00626,P0018,5.0,190800.0
O00626,P0078,15.0,412300.0
O00626,P0056,21.0,378800.0
O00627,P0065,38.0,355900.0
O00627,P0140,6.0,132100.0
O00627,P0034,33.0,276200.0
O00628,P0106,15.0,473500.0
O00628,P0015,21.0,377100.0
O00629,P0022,46.0,221300.0
O00629,P0111,50.0,
O00629,P0029,6.0,391900.0
O00630,P0068,50.0,24900.0
O00630,P0002,6.0,331400.0
O00631,P0084,44.0,24200.0
O00631,P0068,35.0,28100.0
O00632,P0071,,423300.0
O00632,P0028,10.0,287500.0
O00633,P0097,22.0,88900.0
O00633,P0129,50.0,138200.0
O00633,P0001,35.0,436700.0
O00634,P0132,47.0,374500.0
O00634,P0004,47.0,310600.0
O00635,P0030,39.0,168500.0
O00635,P0032,43.0,352400.0
O00636,P0059,17.0,
O00636,P0036,11.0,90000.0
O00637,P0118,8.0,
O00637,P0051,41.0,379900.0
O00638,P0108,26.0,341600.0
O00638,P0007,20.0,414800.0
O00639,P0077,,92300.0
O00639,P0130,17.0,338900.0
O00640,P0068,32.0,29100.0
O00640,P0145,24.0,107700.0
O00640,P0094,22.0,29500.0
O00641,P0033,47.0,408800.0
O00641,P0079,48.0,479800.0
O00642,P0146,6.0,352700.0
O00642,P0113,2.0,373700.0
O00643,P0006,37.0,310900.0
O00643,P0040,19.0,15000.0
O00644,P0093,43.0,171200.0
O00644,P0019,34.0,113600.0
O00645,P0035,43.0,305300.0
O00645,P0023,,154700.0
O00646,P0092,16.0,387500.0
O00646,P0028,40.0,239300.0
O00646,P0077,47.0,74800.0
O00647,P0079,33.0,433200.0
O00647,P0004,22.0,392600.0
O00647,P0052,46.0,456800.0
O00648,P0016,8.0,214800.0
O00648,P0077,43.0,77100.0
O00649,P0088,18.0,56800.0
O00649,P0133,19.0,182100.0
O00650,P0004,32.0,312700.0
O00650,P0043,3.0,
O00651,P0085,39.0,261100.0
O00651,P0048,36.0,
O00652,P0146,5.0,361300.0
O00652,P0052,32.0,521400.0
O00653,P0090,12.0,431800.0
O00653,P0122,34.0,413900.0
O00654,P0011,10.0,62400.0
O00654,P0007,26.0,
O00655,P0011,10.0,56100.0
O00655,P0033,20.0,395300.0
O00656,P0013,18.0,113400.0
O00656,P0063,9.0,215300.0
O00656,P0117,13.0,457400.0
O00657,P0025,47.0,10500.0
O00657,P0089,24.0,352100.0
O00658,P0085,33.0,221100.0
O00658,P0005,37.0,453100.0
O00659,P0126,,169900.0
O00659,P0115,35.0,
O00660,P0096,29.0,157800.0
O00660,P0121,11.0,11800.0
O00661,P0076,20.0,43400.0
O00661,P0150,46.0,18100.0
O00661,P0088,50.0,53800.0
O00662,P0143,2.0,242700.0
O00662,P0103,50.0,314100.0
O00662,P0004,20.0,358400.0
O00663,P0047,31.0,222100.0
O00663,P0003,49.0,532500.0
O00664,P0099,48.0,184500.0
O00664,P0035,24.0,
O00664,P0064,49.0,95000.0
O00665,P0084,43.0,22100.0
O00665,P0017,47.0,341700.0
O00666,P0080,10.0,389500.0
O00666,P0139,22.0,350300.0
O00667,P0098,38.0,406900.0
O00667,P0052,17.0,428200.0
O00667,P0127,21.0,140700.0
O00668,P0017,34.0,310200.0
O00668,P0079,17.0,462100.0
O00668,P0112,33.0,416300.0
O00669,P0018,19.0,181100.0
O00669,P0126,45.0,207700.0
O00670,P0086,36.0,119100.0
O00670,P0013,16.0,98400.0
O00671,P0130,42.0,282500.0
O00671,P0106,35.0,407700.0
O00672,P0134,32.0,453100.0
O00672,P0132,25.0,365700.0
O00673,P0013,15.0,114400.0
O00673,P0020,5.0,228800.0
O00674,P0106,,487700.0
O00674,P0006,2.0,280000.0
O00675,P0091,9.0,154700.0
O00675,P0085,47.0,263800.0
O00676,P0143,19.0,256300.0
O00676,P0064,33.0,105300.0
O00676,P0091,28.0,144200.0
O00677,P0047,1.0,197400.0
O00677,P0083,47.0,32000.0
O00678,P0034,23.0,290200.0
O00678,P0085,40.0,245500.0
O00679,P0132,32.0,389900.0
O00679,P0109,23.0,448300.0
O00680,P0056,48.0,339300.0
O00680,P0057,48.0,22600.0
O00681,P0122,7.0,368900.0
O00681,P0016,12.0,236500.0
O00682,P0116,-16.0,399500.0
O00682,P0145,13.0,116100.0
O00683,P0088,49.0,47700.0
O00683,P0072,9.0,169400.0
O00683,P0098,2.0,497600.0
O00684,P0122,4.0,367900.0
O00684,P0110,40.0,331800.0
O00685,P0101,,84700.0
O00685,P0007,,358000.0
O00685,P0068,2.0,27700.0
O00686,P0146,38.0,418000.0
O00686,P0097,26.0,86200.0
O00686,P0023,8.0,
O00687,P0070,22.0,282900.0
O00687,P0134,36.0,437400.0
O00688,P0100,27.0,64600.0
O00688,P0058,25.0,447000.0
O00689,P0132,24.0,403200.0
O00689,P0131,41.0,337400.0
O00690,P0016,18.0,219400.0
O00690,P0141,21.0,49100.0
O00691,P0075,47.0,390600.0
O00691,P0073,6.0,61600.0
O00692,P0123,40.0,218400.0
O00692,P0030,11.0,185200.0
O00693,P0010,1.0,184100.0
O00693,P0082,34.0,310100.0
O00694,P0055,16.0,485300.0
O00694,P0013,13.0,104600.0
O00694,P0136,49.0,
O00695,P0121,29.0,12000.0
O00695,P0067,2.0,53300.0
O00696,P0133,43.0,225500.0
O00696,P0124,8.0,247000.0
O00696,P0055,16.0,458400.0
O00697,P0121,27.0,13100.0
O00697,P0032,7.0,355100.0
O00698,P0138,14.0,72100.0
O00698,P0139,20.0,437600.0
O00699,P0150,41.0,18600.0
O00699,P0049,38.0,144800.0
O00700,P0029,43.0,437700.0
O00700,P0126,49.0,174500.0
O00701,P0091,,169700.0
O00701,P0127,3.0,145900.0
O00702,P0023,8.0,155500.0
O00702,P0012,24.0,360700.0
O00703,P0150,15.0,14000.0
O00703,P0075,20.0,431800.0
O00704,P0010,45.0,191000.0
O00704,P0014,4.0,246700.0
O00704,P0085,22.0,242400.0
O00705,P0120,38.0,187900.0
O00705,P0059,31.0,414700.0
O00706,P0108,6.0,349800.0
O00706,P0059,6.0,411900.0
O00706,P0043,47.0,65200.0
O00707,P0031,32.0,67400.0
O00707,P0123,40.0,250000.0
O00708,P0080,23.0,481500.0
O00708,P0119,17.0,
O00708,P0136,17.0,313800.0
O00709,P0107,11.0,462000.0
O00709,P0006,29.0,304500.0
O00710,P0142,27.0,175700.0
O00710,P0052,17.0,412000.0
O00711,P0137,9.0,489100.0
O00711,P0018,30.0,202600.0
O00712,P0121,9.0,14700.0
O00712,P0105,23.0,107200.0
O00713,P0112,27.0,391600.0
O00713,P0087,22.0,199600.0
O00713,P0148,36.0,259200.0
O00714,P0007,48.0,347600.0
O00714,P0024,10.0,302800.0
O00715,P0022,38.0,209300.0
O00715,P0061,45.0,499800.0
O00716,P0101,,81700.0
O00716,P0108,46.0,385700.0
O00717,P0095,37.0,257500.0
O00717,P0120,35.0,148900.0
O00718,P0024,9.0,312300.0
O00718,P0144,20.0,37300.0
O00719,P0059,28.0,457000.0
O00719,P0031,8.0,75000.0
O00720,P0065,27.0,311000.0
O00720,P0075,28.0,495700.0
O00721,P0145,35.0,109900.0
O00721,P0140,36.0,119100.0
O00722,P0041,19.0,414900.0
O00722,P0034,28.0,337700.0
O00723,P0089,50.0,306900.0
O00723,P0024,40.0,267200.0
O00724,P0047,9.0,254300.0
O00724,P0036,12.0,81700.0
O00725,P0131,33.0,320600.0
O00725,P0093,,176000.0
O00725,P0024,48.0,300500.0
O00726,P0142,1.0,193800.0
O00726,P0098,32.0,469700.0
O00726,P0011,25.0,51000.0
O00727,P0043,44.0,
O00727,P0115,10.0,170100.0
O00728,P0024,27.0,282200.0
O00728,P0135,12.0,329200.0
O00729,P0146,16.0,385500.0
O00729,P0084,41.0,20100.0
O00729,P0070,28.0,339700.0
O00730,P0068,9.0,29800.0
O00730,P0141,42.0,49800.0
O00731,P0100,28.0,66500.0
O00731,P0088,28.0,56200.0
O00732,P0103,40.0,322400.0
O00732,P0043,50.0,59900.0
O00733,P0015,40.0,418800.0
O00733,P0137,35.0,384000.0
O00734,P0004,34.0,363900.0
O00734,P0079,43.0,
O00735,P0027,-12.0,488600.0
O00735,P0077,22.0,73800.0
O00736,P0113,40.0,352300.0
O00736,P0147,19.0,241500.0
O00737,P0118,29.0,396800.0
O00737,P0146,35.0,378700.0
O00738,P0111,46.0,48500.0
O00738,P0017,10.0,285800.0
O00739,P0131,23.0,335900.0
O00739,P0139,31.0,362600.0
O00740,P0138,4.0,64700.0
O00740,P0116,28.0,460200.0
O00741,P0035,40.0,
O00741,P0021,31.0,32500.0
O00742,P0137,3.0,455600.0
O00742,P0078,37.0,473300.0
O00743,P0132,28.0,334000.0
O00743,P0077,35.0,94300.0
O00744,P0022,14.0,216200.0
O00744,P0149,9.0,78400.0
O00745,P0120,34.0,158400.0
O00745,P0085,31.0,248100.0
O00746,P0113,26.0,352800.0
O00746,P0128,38.0,95400.0
O00746,P0130,-38.0,372700.0
O00747,P0128,42.0,93300.0
O00747,P0018,16.0,181100.0
O00748,P0024,23.0,277300.0
O00748,P0044,43.0,91000.0
O00749,P0051,34.0,389600.0
O00749,P0091,18.0,161800.0
O00749,P0004,32.0,371000.0
O00750,P0120,30.0,
O00750,P0013,10.0,112400.0
O00751,P0047,37.0,240200.0
O00751,P0066,21.0,318200.0
O00751,P0112,33.0,325700.0
O00752,P0084,13.0,25200.0
O00752,P0003,28.0,457900.0
O00752,P0142,27.0,212000.0
O00753,P0146,12.0,343600.0
O00753,P0065,32.0,389800.0
O00754,P0056,48.0,310800.0
O00754,P0014,17.0,298800.0
O00755,P0039,20.0,291400.0
O00755,P0080,31.0,480200.0
O00755,P0102,41.0,185200.0
O00756,P0138,38.0,73600.0
O00756,P0090,12.0,429100.0
O00757,P0122,47.0,410900.0
O00757,P0030,,171200.0
O00758,P0100,37.0,79600.0
O00758,P0112,10.0,374400.0
O00759,P0027,35.0,398000.0
O00759,P0071,24.0,436400.0
O00760,P0121,39.0,12700.0
O00760,P0130,5.0,373600.0
O00761,P0131,39.0,296700.0
O00761,P0066,36.0,297100.0
O00762,P0130,10.0,365800.0
O00762,P0011,32.0,61600.0
O00763,P0078,49.0,504900.0
O00763,P0070,43.0,347200.0
O00763,P0138,33.0,73400.0
O00764,P0149,5.0,81300.0
O00764,P0073,43.0,57500.0
O00765,P0011,17.0,48400.0
O00765,P0072,49.0,218500.0
O00766,P0011,19.0,57500.0
O00766,P0146,20.0,425300.0
O00767,P0133,45.0,210700.0
O00767,P0120,2.0,147300.0
O00768,P0135,36.0,424100.0
O00768,P0093,39.0,157900.0
O00769,P0112,38.0,416500.0
O00769,P0001,13.0,401200.0
O00770,P0031,43.0,72600.0
O00770,P0082,31.0,305200.0
O00771,P0100,38.0,63400.0
O00771,P0098,33.0,431000.0
O00771,P0019,23.0,130000.0
O00772,P0089,35.0,
O00772,P0025,37.0,11000.0
O00773,P0140,28.0,119400.0
O00773,P0102,16.0,187500.0
O00774,P0064,4.0,103500.0
O00774,P0142,44.0,207000.0
O00775,P0093,26.0,155700.0
O00775,P0052,27.0,500200.0
O00775,P0082,23.0,309700.0
O00776,P0119,12.0,88900.0
O00776,P0122,8.0,369300.0
O00777,P0146,,325500.0
O00777,P0070,9.0,286700.0
O00778,P0088,49.0,54500.0
O00778,P0015,38.0,420600.0
O00779,P0101,16.0,75800.0
O00779,P0053,44.0,105600.0
O00780,P0116,13.0,410900.0
O00780,P0087,,215300.0
O00781,P0094,-32.0,30000.0
O00781,P0080,20.0,430100.0
O00782,P0039,25.0,331300.0
O00782,P0129,5.0,107000.0
O00783,P0067,5.0,55700.0
O00783,P0113,3.0,308600.0
O00784,P0082,42.0,298000.0
O00784,P0140,49.0,129300.0
O00785,P0114,16.0,260300.0
O00785,P0005,46.0,541800.0
O00785,P0049,,148800.0
O00786,P0022,1.0,228000.0
O00786,P0044,1.0,86200.0
O00786,P0001,44.0,346800.0
O00787,P0066,36.0,366100.0
O00787,P0056,10.0,341400.0
O00788,P0137,45.0,
O00788,P0143,36.0,251000.0
O00789,P0113,31.0,358700.0
O00789,P0057,37.0,
O00790,P0020,4.0,219700.0
O00790,P0130,23.0,
O00791,P0014,2.0,285100.0
O00791,P0080,23.0,491800.0
O00792,P0102,13.0,186000.0
O00792,P0003,10.0,
O00793,P0095,27.0,
O00793,P0107,29.0,519700.0
O00794,P0141,50.0,46800.0
O00794,P0063,49.0,238900.0
O00795,P0102,19.0,201500.0
O00795,P0045,35.0,75800.0
O00796,P0127,24.0,127700.0
O00796,P0067,16.0,52400.0
O00797,P0025,24.0,12800.0
O00797,P0003,17.0,539100.0
O00798,P0077,33.0,85900.0
O00798,P0043,15.0,62300.0
O00798,P0093,8.0,178400.0
O00799,P0103,,276900.0
O00799,P0064,,
O00799,P0098,39.0,445600.0
O00800,P0097,4.0,98800.0
O00800,P0082,43.0,242400.0
O00801,P0105,19.0,91800.0
O00801,P0070,14.0,341900.0
O00802,P0073,3.0,58900.0
O00802,P0050,29.0,376000.0
O00803,P0143,47.0,202100.0
O00803,P0109,22.0,482800.0
O00804,P0068,49.0,24300.0
O00804,P0023,13.0,165700.0
O00804,P0063,8.0,228500.0
O00805,P0142,44.0,198900.0
O00805,P0138,11.0,66800.0
O00806,P0037,10.0,209300.0
O00806,P0080,11.0,493100.0
O00807,P0017,42.0,345200.0
O00807,P0014,6.0,291500.0
O00808,P0073,18.0,55300.0
O00808,P0096,,178700.0
O00809,P0053,24.0,126100.0
O00809,P0098,9.0,397800.0
O00810,P0118,20.0,428300.0
O00810,P0011,34.0,62400.0
O00810,P0132,9.0,424600.0
O00811,P0116,12.0,497900.0
O00811,P0073,10.0,52500.0
O00812,P0117,20.0,426500.0
O00812,P0078,46.0,474900.0
O00813,P0118,23.0,
O00813,P0045,42.0,76000.0
O00814,P0144,20.0,34000.0
O00814,P0069,10.0,178700.0
O00814,P0103,27.0,334400.0
O00815,P0111,8.0,46900.0
O00815,P0040,30.0,19800.0
O00816,P0150,33.0,18700.0
O00816,P0055,18.0,406600.0
O00817,P0049,19.0,143200.0
O00817,P0009,19.0,314700.0
O00817,P0069,7.0,200200.0
O00818,P0038,,276400.0
O00818,P0074,45.0,116600.0
O00818,P0052,16.0,540300.0
O00819,P0052,8.0,534300.0
O00819,P0085,24.0,249100.0
O00820,P0110,25.0,316000.0
O00820,P0092,1.0,399100.0
O00821,P0042,6.0,167200.0
O00821,P0040,48.0,
O00822,P0069,15.0,206000.0
O00822,P0014,24.0,301000.0
O00823,P0108,18.0,343000.0
O00823,P0018,41.0,187900.0
O00824,P0094,14.0,27200.0
O00824,P0040,13.0,19300.0
O00824,P0087,41.0,183100.0
O00825,P0048,38.0,439800.0
O00825,P0148,39.0,301300.0
O00825,P0006,2.0,315400.0
O00826,P0137,24.0,472700.0
O00826,P0053,9.0,126900.0
O00826,P0128,8.0,91700.0
O00827,P0070,48.0,315900.0
O00827,P0007,43.0,406500.0
O00828,P0114,49.0,212300.0
O00828,P0046,11.0,419600.0
O00829,P0129,8.0,132300.0
O00829,P0139,33.0,367600.0
O00830,P0070,24.0,343400.0
O00830,P0023,44.0,164500.0
O00831,P0079,40.0,370400.0
O00831,P0030,1.0,178900.0
O00832,P0076,49.0,44100.0
O00832,P0086,44.0,
O00833,P0067,18.0,56800.0
O00833,P0118,42.0,384400.0
O00834,P0094,23.0,30700.0
O00834,P0061,17.0,509700.0
O00835,P0137,45.0,448600.0
O00835,P0079,45.0,451000.0
O00836,P0056,49.0,301000.0
O00836,P0061,6.0,481500.0
O00837,P0138,12.0,70800.0
O00837,P0133,28.0,208300.0
O00838,P0076,22.0,47600.0
O00838,P0070,36.0,287400.0
O00839,P0013,20.0,109300.0
O00839,P0075,49.0,480000.0
O00840,P0113,35.0,386600.0
O00840,P0072,40.0,165300.0
O00841,P0132,2.0,388300.0
O00841,P0074,9.0,109600.0
O00842,P0035,20.0,278800.0
O00842,P0100,29.0,76500.0
O00843,P0121,45.0,15000.0
O00843,P0014,10.0,284300.0
O00844,P0026,6.0,214300.0
O00844,P0061,49.0,443000.0
O00845,P0024,19.0,298900.0
O00845,P0017,4.0,353600.0
O00846,P0108,25.0,376900.0
O00846,P0096,16.0,175700.0
O00847,P0073,1.0,57500.0
O00847,P0123,36.0,214500.0
O00848,P0131,44.0,330600.0
O00848,P0032,2.0,290700.0
O00848,P0010,41.0,182600.0
O00849,P0134,8.0,374600.0
O00849,P0123,32.0,214800.0
O00849,P0071,46.0,378000.0
O00850,P0128,18.0,98600.0
O00850,P0064,14.0,97600.0
O00850,P0132,23.0,332500.0
O00851,P0134,47.0,460100.0
O00851,P0113,22.0,328900.0
O00852,P0049,11.0,142000.0
O00852,P0108,4.0,320200.0
O00853,P0053,31.0,125200.0
O00853,P0003,24.0,422600.0
O00853,P0097,26.0,96100.0
O00854,P0006,41.0,304000.0
O00854,P0124,1.0,232700.0
O00855,P0038,50.0,309900.0
O00855,P0013,38.0,114500.0
O00856,P0150,27.0,16500.0
O00856,P0119,9.0,87200.0
O00857,P0088,1.0,54900.0
O00857,P0113,6.0,368900.0
O00858,P0147,3.0,219700.0
O00858,P0060,19.0,254600.0
O00859,P0056,46.0,308000.0
O00859,P0143,15.0,212600.0
O00860,P0113,47.0,314600.0
O00860,P0027,48.0,473400.0
O00861,P0032,45.0,338100.0
O00861,P0132,38.0,371000.0
O00861,P0043,30.0,54800.0
O00862,P0091,40.0,178000.0
O00862,P0115,33.0,172700.0
O00863,P0141,28.0,46300.0
O00863,P0138,19.0,69300.0
O00864,P0134,47.0,387700.0
O00864,P0090,1.0,392600.0
O00865,P0143,18.0,250300.0
O00865,P0075,49.0,421600.0
O00866,P0104,24.0,170700.0
O00866,P0102,42.0,206800.0
O00867,P0037,34.0,214600.0
O00867,P0118,31.0,388100.0
O00868,P0023,30.0,165800.0
O00868,P0107,23.0,405600.0
O00869,P0101,33.0,69200.0
O00869,P0054,26.0,361900.0
O00869,P0083,2.0,32800.0
O00870,P0082,41.0,258900.0
O00870,P0122,40.0,388300.0
O00871,P0125,48.0,184100.0
O00871,P0039,23.0,309200.0
O00872,P0079,13.0,390600.0
O00872,P0080,34.0,379800.0
O00873,P0040,36.0,15600.0
O00873,P0070,9.0,270600.0
O00874,P0138,38.0,67000.0
O00874,P0071,34.0,441500.0
O00875,P0053,-13.0,136200.0
O00875,P0008,5.0,228700.0
O00876,P0150,26.0,15600.0
O00876,P0023,14.0,180600.0
O00877,P0067,31.0,50900.0
O00877,P0052,30.0,537700.0
O00877,P0150,42.0,16800.0
O00878,P0016,37.0,276600.0
O00878,P0105,14.0,100800.0
O00879,P0043,5.0,52000.0
O00879,P0038,37.0,302800.0
O00880,P0051,16.0,425000.0
O00880,P0083,4.0,32400.0
O00880,P0138,-5.0,69700.0
O00881,P0076,38.0,46100.0
O00881,P0145,6.0,133700.0
O00881,P0092,25.0,337800.0
O00882,P0047,30.0,243300.0
O00882,P0025,39.0,11900.0
O00883,P0044,20.0,84400.0
O00883,P0147,8.0,229100.0
O00884,P0083,14.0,37500.0
O00884,P0084,13.0,23300.0
O00885,P0010,46.0,180400.0
O00885,P0002,36.0,345300.0
O00886,P0128,18.0,94600.0
O00886,P0021,49.0,27900.0
O00887,P0062,10.0,111600.0
O00887,P0097,10.0,
O00888,P0012,10.0,472200.0
O00888,P0119,27.0,94900.0
O00889,P0051,49.0,469300.0
O00889,P0059,24.0,475500.0
O00889,P0144,41.0,37700.0
O00890,P0080,27.0,461200.0
O00890,P0010,48.0,214500.0
O00891,P0027,9.0,498100.0
O00891,P0042,-4.0,211200.0
O00892,P0003,3.0,539000.0
O00892,P0123,30.0,256300.0
O00893,P0137,11.0,398000.0
O00893,P0145,21.0,131700.0
O00894,P0113,,361200.0
O00894,P0110,38.0,358100.0
O00894,P0147,20.0,216900.0
O00895,P0068,33.0,27100.0
O00895,P0025,2.0,11800.0
O00895,P0078,34.0,466600.0
O00896,P0080,-24.0,385700.0
O00896,P0020,8.0,
O00897,P0128,23.0,112500.0
O00897,P0038,,291500.0
O00898,P0109,45.0,434100.0
O00898,P0126,5.0,216600.0
O00899,P0136,37.0,339900.0
O00899,P0042,3.0,179200.0
O00900,P0103,25.0,327400.0
O00900,P0138,47.0,75800.0
O00901,P0021,9.0,35700.0
O00901,P0017,36.0,309800.0
O00901,P0043,42.0,52100.0
O00902,P0026,13.0,216100.0
O00902,P0045,5.0,66600.0
O00903,P0119,45.0,99300.0
O00903,P0042,4.0,213600.0
O00904,P0112,50.0,334000.0
O00904,P0129,21.0,105700.0
O00905,P0119,48.0,97800.0
O00905,P0117,4.0,467700.0
O00906,P0111,43.0,47100.0
O00906,P0059,,451600.0
O00907,P0006,5.0,356200.0
O00907,P0063,20.0,180800.0
O00908,P0031,39.0,72900.0
O00908,P0149,8.0,82700.0
O00909,P0059,7.0,454200.0
O00909,P0092,32.0,409000.0
O00909,P0052,21.0,529800.0
O00910,P0117,14.0,
O00910,P0024,,316300.0
O00911,P0008,27.0,270900.0
O00911,P0002,3.0,294500.0
O00912,P0071,42.0,446800.0
O00912,P0018,2.0,160200.0
O00913,P0090,18.0,397200.0
O00913,P0075,19.0,
O00914,P0119,9.0,86900.0
O00914,P0072,50.0,215300.0
O00915,P0027,3.0,448000.0
O00915,P0127,31.0,120400.0
O00916,P0089,43.0,333400.0
O00916,P0035,5.0,336300.0
O00917,P0035,46.0,368200.0
O00917,P0144,6.0,38000.0
O00918,P0044,11.0,98100.0
O00918,P0030,38.0,188500.0
O00919,P0056,34.0,346400.0
O00919,P0003,44.0,460200.0
O00919,P0045,,71600.0
O00920,P0045,48.0,81500.0
O00920,P0001,17.0,361400.0
O00921,P0055,26.0,487500.0
O00921,P0114,45.0,218400.0
O00922,P0055,25.0,511600.0
O00922,P0116,27.0,469800.0
O00923,P0011,44.0,59600.0
O00923,P0034,49.0,266600.0
O00924,P0148,,270600.0
O00924,P0075,42.0,393600.0
O00925,P0077,42.0,76700.0
O00925,P0083,36.0,41700.0
O00926,P0014,41.0,291500.0
O00926,P0050,1.0,374800.0
O00927,P0022,23.0,208000.0
O00927,P0015,,367500.0
O00928,P0082,20.0,288300.0
O00928,P0120,37.0,178500.0
O00928,P0025,23.0,12600.0
O00929,P0117,33.0,366700.0
O00929,P0079,49.0,478300.0
O00930,P0094,,28800.0
O00930,P0145,49.0,109200.0
O00931,P0090,16.0,367500.0
O00931,P0063,29.0,190000.0
O00932,P0011,41.0,52300.0
O00932,P0052,-33.0,472500.0
O00933,P0076,30.0,42100.0
O00933,P0019,36.0,120200.0
O00933,P0063,33.0,186400.0
O00934,P0055,43.0,451000.0
O00934,P0072,43.0,188300.0
O00935,P0069,32.0,
O00935,P0010,26.0,194800.0
O00936,P0004,-1.0,
O00936,P0039,40.0,274300.0
O00937,P0122,15.0,343200.0
O00937,P0126,22.0,199300.0
O00938,P0071,22.0,427100.0
O00938,P0045,34.0,64900.0
O00939,P0117,18.0,369100.0
O00939,P0014,30.0,243100.0
O00939,P0085,20.0,218900.0
O00940,P0081,18.0,447500.0
O00940,P0047,11.0,192200.0
O00940,P0060,13.0,274100.0
O00941,P0011,6.0,52600.0
O00941,P0091,45.0,140800.0
O00942,P0031,18.0,67100.0
O00942,P0007,14.0,376200.0
O00943,P0018,9.0,201700.0
O00943,P0009,41.0,308900.0
O00944,P0037,42.0,209100.0
O00944,P0083,46.0,34500.0
O00945,P0132,1.0,433900.0
O00945,P0018,6.0,174900.0
O00945,P0082,42.0,236800.0
O00946,P0076,29.0,48300.0
O00946,P0094,30.0,33700.0
O00946,P0091,34.0,138700.0
O00947,P0119,49.0,92400.0
O00947,P0070,26.0,337200.0
O00947,P0048,40.0,399100.0
O00948,P0022,10.0,187100.0
O00948,P0067,14.0,43900.0
O00949,P0066,40.0,345300.0
O00949,P0126,50.0,182400.0
O00950,P0109,15.0,433300.0
O00950,P0012,15.0,424000.0
O00950,P0078,5.0,433200.0
O00951,P0087,28.0,213500.0
O00951,P0040,34.0,19200.0
O00952,P0066,17.0,365200.0
O00952,P0097,27.0,101600.0
O00953,P0017,22.0,286300.0
O00953,P0095,48.0,215400.0
O00954,P0073,32.0,69200.0
O00954,P0009,19.0,314000.0
O00955,P0106,13.0,
O00955,P0092,11.0,375500.0
O00956,P0065,45.0,290900.0
O00956,P0069,36.0,
O00957,P0082,44.0,309200.0
O00957,P0119,47.0,99100.0
O00958,P0048,,397300.0
O00958,P0103,1.0,313200.0
O00959,P0039,19.0,306400.0
O00959,P0045,35.0,
O00960,P0064,,114400.0
O00960,P0016,4.0,249100.0
O00960,P0137,16.0,445700.0
O00961,P0060,29.0,261800.0
O00961,P0043,19.0,61200.0
O00962,P0048,7.0,409900.0
O00962,P0104,34.0,214900.0
O00962,P0035,40.0,301100.0
O00963,P0055,12.0,474000.0
O00963,P0045,14.0,80400.0
O00964,P0037,2.0,233400.0
O00964,P0029,23.0,414000.0
O00965,P0135,34.0,427100.0
O00965,P0002,33.0,308600.0
O00966,P0097,25.0,108000.0
O00966,P0124,20.0,272500.0
O00967,P0074,36.0,116300.0
O00967,P0130,,
O00968,P0008,36.0,231200.0
O00968,P0064,20.0,
O00969,P0019,19.0,135000.0
O00969,P0106,49.0,487800.0
O00970,P0136,,306000.0
O00970,P0113,14.0,340600.0
O00971,P0113,12.0,314000.0
O00971,P0106,24.0,444400.0
O00972,P0144,11.0,37000.0
O00972,P0090,27.0,388300.0
O00973,P0083,16.0,40900.0
O00973,P0011,-39.0,49300.0
O00974,P0121,20.0,13200.0
O00974,P0052,42.0,539400.0
O00975,P0131,4.0,305900.0
O00975,P0080,5.0,442700.0
O00975,P0062,41.0,126400.0
O00976,P0084,16.0,24500.0
O00976,P0144,5.0,33800.0
O00977,P0075,35.0,463800.0
O00977,P0068,24.0,28200.0
O00978,P0049,23.0,126400.0
O00978,P0094,40.0,35300.0
O00979,P0076,21.0,50600.0
O00979,P0065,48.0,309800.0
O00980,P0120,27.0,154200.0
O00980,P0141,35.0,50500.0
O00981,P0025,2.0,10800.0
O00981,P0042,22.0,204400.0
O00982,P0118,36.0,392900.0
O00982,P0104,40.0,208300.0
O00982,P0105,5.0,114100.0
O00983,P0022,13.0,202900.0
O00983,P0050,31.0,375600.0
O00983,P0124,14.0,224200.0
O00984,P0022,14.0,192500.0
O00984,P0088,,57100.0
O00985,P0004,10.0,357300.0
O00985,P0007,4.0,351000.0
O00986,P0036,9.0,92900.0
O00986,P0056,6.0,354300.0
O00987,P0140,1.0,127300.0
O00987,P0073,39.0,63500.0
O00988,P0078,8.0,446500.0
O00988,P0086,35.0,140700.0
O00989,P0045,28.0,71800.0
O00989,P0076,45.0,39200.0
O00990,P0041,12.0,527700.0
O00990,P0062,19.0,120600.0
O00990,P0043,11.0,61700.0
O00991,P0032,16.0,336000.0
O00991,P0037,8.0,242700.0
O00992,P0021,9.0,34800.0
O00992,P0104,19.0,182100.0
O00992,P0129,35.0,121400.0
O00993,P0103,8.0,310800.0
O00993,P0092,40.0,380700.0
O00994,P0126,46.0,216100.0
O00994,P0060,46.0,213900.0
O00995,P0084,5.0,20700.0
O00995,P0020,,236400.0
O00996,P0139,22.0,417300.0
O00996,P0081,5.0,
O00997,P0055,9.0,538600.0
O00997,P0097,26.0,105300.0
O00998,P0055,9.0,524800.0
O00998,P0035,19.0,315900.0
O00999,P0047,10.0,249000.0
O00999,P0138,49.0,60900.0
O01000,P0074,32.0,136400.0
O01000,P0133,42.0,
O01001,P0071,29.0,447400.0
O01001,P0015,,432900.0
O01001,P0149,17.0,88700.0
O01002,P0141,31.0,
O01002,P0091,46.0,170500.0
O01003,P0113,31.0,376000.0
O01003,P0109,9.0,376600.0
O01003,P0088,23.0,60200.0
O01004,P0031,35.0,69900.0
O01004,P0048,28.0,434100.0
O01005,P0088,13.0,59500.0
O01005,P0006,26.0,276400.0
O01006,P0032,24.0,279800.0
O01006,P0116,34.0,385300.0
O01007,P0057,50.0,26200.0
O01007,P0104,39.0,178500.0
O01008,P0146,19.0,345200.0
O01008,P0130,-46.0,285800.0
O01009,P0039,25.0,347800.0
O01009,P0099,40.0,
O01010,P0138,44.0,73900.0
O01010,P0113,13.0,399600.0
O01011,P0114,5.0,266800.0
O01011,P0076,39.0,37900.0
O01012,P0144,43.0,30400.0
O01012,P0084,4.0,22400.0
O01013,P0057,,23300.0
O01013,P0036,37.0,79100.0
O01014,P0142,46.0,207500.0
O01014,P0060,25.0,285300.0
O01014,P0046,37.0,
O01015,P0097,38.0,86300.0
O01015,P0007,27.0,417400.0
O01015,P0119,49.0,97900.0
O01016,P0104,23.0,220000.0
O01016,P0117,36.0,481900.0
O01017,P0017,7.0,278900.0
O01017,P0065,43.0,383200.0
O01018,P0058,36.0,399800.0
O01018,P0083,3.0,36100.0
O01019,P0065,47.0,292000.0
O01019,P0068,10.0,26600.0
O01019,P0016,20.0,253200.0
O01020,P0090,20.0,356400.0
O01020,P0003,4.0,441300.0
O01020,P0126,42.0,164100.0
O01021,P0139,8.0,463000.0
O01021,P0149,26.0,90200.0
O01022,P0005,5.0,
O01022,P0145,42.0,130300.0
O01022,P0121,38.0,14700.0
O01023,P0033,37.0,482100.0
O01023,P0115,16.0,153300.0
O01024,P0061,39.0,482600.0
O01024,P0119,14.0,81600.0
O01025,P0079,44.0,355200.0
O01025,P0045,35.0,77800.0
O01026,P0104,18.0,210900.0
O01026,P0007,19.0,403300.0
O01027,P0008,12.0,223800.0
O01027,P0046,48.0,359400.0
O01028,P0103,,280900.0
O01028,P0018,12.0,193100.0
O01028,P0042,23.0,210200.0
O01029,P0089,25.0,366200.0
O01029,P0022,13.0,178400.0
O01029,P0099,14.0,178200.0
O01030,P0035,5.0,309700.0
O01030,P0024,26.0,317300.0
O01031,P0004,37.0,396100.0
O01031,P0083,44.0,38000.0
O01032,P0102,25.0,225000.0
O01032,P0112,50.0,409800.0
O01033,P0110,5.0,353300.0
O01033,P0061,31.0,433500.0
O01034,P0118,1.0,417500.0
O01034,P0020,24.0,227200.0
O01035,P0005,40.0,452000.0
O01035,P0103,37.0,265500.0
O01036,P0054,49.0,313500.0
O01036,P0056,37.0,374600.0
O01037,P0133,6.0,198600.0
O01037,P0130,14.0,359500.0
O01038,P0011,27.0,62100.0
O01038,P0013,48.0,99300.0
O01039,P0110,37.0,276000.0
O01039,P0014,23.0,266900.0
O01039,P0054,13.0,323700.0
O01040,P0083,41.0,
O01040,P0050,39.0,393100.0
O01041,P0010,30.0,229900.0
O01041,P0132,3.0,356600.0
O01042,P0044,50.0,94900.0
O01042,P0115,36.0,147300.0
O01043,P0134,33.0,382600.0
O01043,P0118,47.0,390100.0
O01043,P0046,27.0,459100.0
O01044,P0082,27.0,307900.0
O01044,P0043,24.0,61600.0
O01045,P0008,4.0,248300.0
O01045,P0048,23.0,493500.0
O01046,P0140,13.0,114700.0
O01046,P0069,7.0,172500.0
O01047,P0002,21.0,356100.0
O01047,P0011,45.0,46800.0
O01048,P0111,16.0,47800.0
O01048,P0044,38.0,86600.0
O01049,P0067,16.0,46200.0
O01049,P0047,5.0,204200.0
O01050,P0058,30.0,465500.0
O01050,P0051,3.0,380700.0
O01051,P0125,26.0,179700.0
O01051,P0077,16.0,87400.0
O01052,P0023,47.0,154600.0
O01052,P0007,37.0,432300.0
O01052,P0070,28.0,279400.0
O01053,P0072,7.0,191900.0
O01053,P0055,,508800.0
O01054,P0047,37.0,192300.0
O01054,P0134,40.0,457500.0
O01055,P0132,4.0,
O01055,P0003,29.0,447200.0
O01055,P0002,25.0,348000.0
O01056,P0039,42.0,280400.0
O01056,P0123,13.0,205100.0
O01057,P0005,32.0,461500.0
O01057,P0110,2.0,332200.0
O01057,P0105,40.0,114400.0
O01058,P0086,13.0,128800.0
O01058,P0062,40.0,134700.0
O01059,P0019,35.0,121800.0
O01059,P0146,3.0,335700.0
O01060,P0014,50.0,298000.0
O01060,P0020,5.0,226700.0
O01061,P0039,40.0,294600.0
O01061,P0037,33.0,208000.0
O01062,P0099,36.0,175100.0
O01062,P0147,14.0,196800.0
O01062,P0057,37.0,25200.0
O01063,P0086,33.0,122700.0
O01063,P0105,7.0,101800.0
O01064,P0040,34.0,16500.0
O01064,P0054,6.0,302500.0
O01065,P0062,8.0,102000.0
O01065,P0042,17.0,188600.0
O01066,P0088,31.0,46300.0
O01066,P0005,3.0,450500.0
O01067,P0107,18.0,524400.0
O01067,P0001,40.0,368500.0
O01068,P0073,22.0,59800.0
O01068,P0069,10.0,162400.0
O01068,P0007,48.0,322400.0
O01069,P0066,34.0,371900.0
O01069,P0093,18.0,189000.0
O01070,P0089,5.0,336900.0
O01070,P0041,-1.0,411600.0
O01070,P0085,13.0,
O01071,P0068,33.0,23700.0
O01071,P0092,44.0,393900.0
O01072,P0028,40.0,232200.0
O01072,P0015,48.0,356500.0
O01073,P0014,45.0,309600.0
O01073,P0120,13.0,
O01074,P0009,6.0,385800.0
O01074,P0108,29.0,323000.0
O01075,P0025,24.0,11600.0
O01075,P0038,31.0,256500.0
O01076,P0018,23.0,162500.0
O01076,P0114,42.0,257400.0
O01077,P0009,1.0,360600.0
O01077,P0073,1.0,65200.0
O01078,P0085,8.0,279000.0
O01078,P0111,17.0,44100.0
O01079,P0036,11.0,82900.0
O01079,P0145,31.0,110100.0
O01079,P0143,12.0,195400.0
O01080,P0017,9.0,298400.0
O01080,P0100,11.0,81600.0
O01081,P0148,33.0,313300.0
O01081,P0054,19.0,332100.0
O01082,P0001,38.0,391900.0
O01082,P0137,19.0,417400.0
O01083,P0120,40.0,154300.0
O01083,P0128,14.0,112500.0
O01084,P0017,32.0,324100.0
O01084,P0009,12.0,368100.0
O01085,P0078,37.0,502600.0
O01085,P0026,14.0,263000.0
O01086,P0022,18.0,226700.0
O01086,P0124,22.0,224500.0
O01087,P0135,20.0,419000.0
O01087,P0121,29.0,13400.0
O01087,P0099,39.0,160100.0
O01088,P0048,5.0,434300.0
O01088,P0017,10.0,335200.0
O01089,P0067,,44200.0
O01089,P0050,21.0,341800.0
O01090,P0138,16.0,77500.0
O01090,P0102,38.0,213800.0
O01090,P0084,32.0,20600.0
O01091,P0082,-32.0,299400.0
O01091,P0029,35.0,455000.0
O01091,P0113,5.0,348500.0
O01092,P0072,38.0,
O01092,P0142,6.0,202900.0
O01093,P0123,-26.0,218800.0
O01093,P0073,36.0,63200.0
O01093,P0140,16.0,141400.0
O01094,P0002,26.0,323300.0
O01094,P0003,31.0,406600.0
O01095,P0126,27.0,167600.0
O01095,P0094,41.0,32400.0
O01095,P0061,38.0,448000.0
O01096,P0147,13.0,236700.0
O01096,P0015,5.0,346300.0
O01097,P0004,23.0,380900.0
O01097,P0136,18.0,312300.0
O01098,P0142,28.0,182800.0
O01098,P0020,28.0,216800.0
O01098,P0141,28.0,53200.0
O01099,P0149,45.0,78300.0
O01099,P0051,36.0,404500.0
O01100,P0056,6.0,375900.0
O01100,P0145,34.0,102500.0
O01101,P0147,10.0,189600.0
O01101,P0044,47.0,82000.0
O01102,P0141,18.0,42200.0
O01102,P0103,24.0,310900.0
O01103,P0021,,34100.0
O01103,P0076,1.0,49100.0
O01103,P0012,42.0,370300.0
O01104,P0067,19.0,58200.0
O01104,P0001,,
O01104,P0101,-37.0,75300.0
O01105,P0145,,111800.0
O01105,P0003,25.0,435200.0
O01106,P0112,45.0,337600.0
O01106,P0056,26.0,313900.0
O01107,P0063,32.0,234600.0
O01107,P0048,36.0,492300.0
O01108,P0024,32.0,314600.0
O01108,P0129,43.0,115800.0
O01109,P0058,43.0,496200.0
O01109,P0026,33.0,271300.0
O01110,P0084,28.0,21000.0
O01110,P0085,3.0,239100.0
O01110,P0030,32.0,170600.0
O01111,P0010,40.0,193700.0
O01111,P0065,12.0,314200.0
O01112,P0101,,66300.0
O01112,P0085,3.0,264900.0
O01113,P0111,,36600.0
O01113,P0094,25.0,33600.0
O01114,P0087,3.0,180400.0
O01114,P0026,13.0,231900.0
O01114,P0053,46.0,114000.0
O01115,P0013,48.0,86200.0
O01115,P0108,35.0,295800.0
O01115,P0130,13.0,311700.0
O01116,P0013,16.0,102900.0
O01116,P0016,15.0,263000.0
O01116,P0144,45.0,35500.0
O01117,P0069,25.0,200500.0
O01117,P0036,28.0,77100.0
O01118,P0063,10.0,191800.0
O01118,P0021,35.0,36500.0
O01119,P0079,7.0,403000.0
O01119,P0124,3.0,208200.0
O01120,P0031,49.0,77600.0
O01120,P0071,19.0,384000.0
O01121,P0045,,69900.0
O01121,P0065,1.0,375800.0
O01121,P0068,22.0,23900.0
O01122,P0131,20.0,359300.0
O01122,P0090,13.0,453300.0
O01122,P0051,8.0,429300.0
O01123,P0080,50.0,382300.0
O01123,P0051,39.0,380600.0
O01124,P0035,35.0,349000.0
O01124,P0130,37.0,302600.0
O01125,P0033,30.0,
O01125,P0140,41.0,140300.0
O01126,P0031,15.0,
O01126,P0073,47.0,56500.0
O01126,P0009,46.0,393400.0
O01127,P0116,4.0,495300.0
O01127,P0049,47.0,138500.0
O01128,P0114,34.0,230300.0
O01128,P0121,47.0,14700.0
O01128,P0109,49.0,454300.0
O01129,P0140,50.0,144800.0
O01129,P0050,47.0,432100.0
O01130,P0102,23.0,209200.0
O01130,P0007,9.0,396500.0
O01131,P0089,19.0,390800.0
O01131,P0004,39.0,299700.0
O01132,P0136,4.0,273200.0
O01132,P0036,13.0,101500.0
O01133,P0108,,340700.0
O01133,P0026,24.0,261300.0
O01134,P0123,14.0,227100.0
O01134,P0127,41.0,149700.0
O01134,P0084,13.0,20300.0
O01135,P0051,48.0,428900.0
O01135,P0048,43.0,409400.0
O01136,P0121,-18.0,14700.0
O01136,P0079,17.0,365900.0
O01136,P0012,8.0,
O01137,P0111,21.0,46200.0
O01137,P0120,29.0,179600.0
O01138,P0023,16.0,151800.0
O01138,P0038,41.0,295600.0
O01139,P0067,,58300.0
O01139,P0063,12.0,232800.0
O01140,P0091,26.0,159100.0
O01140,P0149,39.0,87000.0
O01141,P0057,7.0,29000.0
O01141,P0124,38.0,234200.0
O01142,P0142,23.0,196300.0
O01142,P0100,48.0,65400.0
O01142,P0023,,154100.0
O01143,P0036,42.0,95000.0
O01143,P0128,14.0,94500.0
O01143,P0062,11.0,113700.0
O01144,P0129,35.0,
O01144,P0106,9.0,535500.0
O01145,P0050,2.0,374300.0
O01145,P0150,5.0,17000.0
O01146,P0126,31.0,195600.0
O01146,P0003,50.0,445400.0
O01147,P0025,17.0,
O01147,P0031,38.0,60200.0
O01148,P0116,44.0,504600.0
O01148,P0015,40.0,428800.0
O01149,P0077,44.0,79100.0
O01149,P0082,47.0,278200.0
O01149,P0042,34.0,180300.0
O01150,P0148,,289300.0
O01150,P0043,34.0,
O01151,P0042,40.0,190500.0
O01151,P0126,44.0,192800.0
O01152,P0024,13.0,285700.0
O01152,P0139,47.0,
O01153,P0017,37.0,320600.0
O01153,P0084,20.0,21300.0
O01154,P0006,50.0,344000.0
O01154,P0007,,
O01154,P0101,28.0,76100.0
O01155,P0026,20.0,224200.0
O01155,P0035,12.0,358300.0
O01156,P0043,16.0,54100.0
O01156,P0016,13.0,220300.0
O01157,P0031,14.0,65900.0
O01157,P0008,12.0,252500.0
O01158,P0010,27.0,217800.0
O01158,P0088,49.0,54200.0
O01159,P0082,44.0,268400.0
O01159,P0054,3.0,385300.0
O01160,P0022,16.0,
O01160,P0092,33.0,355200.0
O01160,P0002,31.0,325100.0
O01161,P0048,29.0,493300.0
O01161,P0084,43.0,24700.0
O01162,P0076,37.0,41400.0
O01162,P0088,49.0,55100.0
O01163,P0116,37.0,508000.0
O01163,P0041,38.0,491500.0
O01164,P0003,34.0,541500.0
O01164,P0150,43.0,13900.0
O01165,P0083,35.0,33600.0
O01165,P0150,24.0,15500.0
O01166,P0144,36.0,36700.0
O01166,P0101,16.0,67700.0
O01166,P0053,28.0,109800.0
O01167,P0045,24.0,63100.0
O01167,P0074,16.0,131400.0
O01168,P0050,36.0,321000.0
O01168,P0147,23.0,183400.0
O01169,P0048,43.0,381800.0
O01169,P0033,15.0,
O01170,P0091,47.0,144400.0
O01170,P0090,17.0,415300.0
O01171,P0048,15.0,455800.0
O01171,P0015,22.0,431100.0
O01172,P0058,48.0,457900.0
O01172,P0108,7.0,368500.0
O01173,P0104,11.0,207300.0
O01173,P0141,30.0,54500.0
O01173,P0052,3.0,497100.0
O01174,P0046,20.0,416600.0
O01174,P0133,21.0,178600.0
O01175,P0127,41.0,122400.0
O01175,P0007,35.0,381300.0
O01175,P0130,24.0,313000.0
O01176,P0020,38.0,202900.0
O01176,P0106,33.0,487800.0
O01177,P0052,39.0,423100.0
O01177,P0138,35.0,
O01178,P0010,24.0,204300.0
O01178,P0071,42.0,351000.0
O01179,P0102,29.0,202000.0
O01179,P0043,8.0,57900.0
O01180,P0007,45.0,416900.0
O01180,P0111,,38100.0
O01181,P0054,12.0,290300.0
O01181,P0130,30.0,337400.0
O01181,P0084,48.0,23400.0
O01182,P0095,2.0,235300.0
O01182,P0049,12.0,136000.0
O01183,P0100,1.0,70100.0
O01183,P0061,10.0,472500.0
O01184,P0086,28.0,114400.0
O01184,P0094,17.0,28700.0
O01185,P0003,45.0,517600.0
O01185,P0123,11.0,210000.0
O01186,P0021,34.0,30000.0
O01186,P0088,44.0,47200.0
O01187,P0087,11.0,174400.0
O01187,P0104,30.0,217200.0
O01188,P0035,1.0,359800.0
O01188,P0097,26.0,111000.0
O01188,P0056,28.0,367200.0
O01189,P0127,40.0,151700.0
O01189,P0124,20.0,244000.0
O01190,P0047,10.0,223100.0
O01190,P0025,47.0,9700.0
O01190,P0102,31.0,213700.0
O01191,P0083,30.0,32900.0
O01191,P0144,10.0,32300.0
O01192,P0088,19.0,56900.0
O01192,P0144,15.0,32500.0
O01193,P0019,8.0,125900.0
O01193,P0036,29.0,80600.0
O01193,P0120,38.0,170000.0
O01194,P0033,1.0,443300.0
O01194,P0125,20.0,
O01195,P0060,36.0,286400.0
O01195,P0120,6.0,162300.0
O01196,P0045,9.0,69700.0
O01196,P0099,14.0,159500.0
O01197,P0127,13.0,131800.0
O01197,P0119,19.0,82500.0
O01197,P0040,35.0,15900.0
O01198,P0103,28.0,263800.0
O01198,P0014,13.0,255300.0
O01199,P0041,4.0,505200.0
O01199,P0015,44.0,384000.0
O01200,P0012,50.0,409800.0
O01200,P0086,12.0,146000.0
O01201,P0114,9.0,207800.0
O01201,P0126,20.0,
O01202,P0056,5.0,317000.0
O01202,P0044,36.0,92400.0
O01203,P0073,23.0,53200.0
O01203,P0027,42.0,401500.0
O01204,P0135,10.0,327500.0
O01204,P0062,24.0,115500.0
O01205,P0133,27.0,193400.0
O01205,P0094,13.0,28300.0
O01205,P0045,6.0,71300.0
O01206,P0040,37.0,19000.0
O01206,P0051,18.0,417800.0
O01207,P0098,43.0,492800.0
O01207,P0073,19.0,62400.0
O01207,P0018,13.0,197500.0
O01208,P0037,8.0,243100.0
O01208,P0101,15.0,
O01209,P0111,45.0,38000.0
O01209,P0114,,211400.0
O01210,P0023,41.0,153000.0
O01210,P0016,42.0,
O01211,P0069,27.0,199300.0
O01211,P0067,27.0,55200.0
O01212,P0005,27.0,445500.0
O01212,P0043,13.0,55600.0
O01213,P0086,3.0,122900.0
O01213,P0071,9.0,345400.0
O01214,P0116,34.0,393500.0
O01214,P0104,13.0,215600.0
O01215,P0146,41.0,412200.0
O01215,P0136,15.0,326800.0
O01216,P0075,49.0,411700.0
O01216,P0043,18.0,
O01217,P0123,37.0,195300.0
O01217,P0135,46.0,350100.0
O01217,P0035,48.0,352300.0
O01218,P0029,12.0,442600.0
O01218,P0045,26.0,81300.0
O01219,P0139,40.0,420000.0
O01219,P0065,41.0,307800.0
O01219,P0021,17.0,30000.0
O01220,P0045,-9.0,81500.0
O01220,P0028,41.0,226200.0
O01221,P0013,37.0,111900.0
O01221,P0020,49.0,213400.0
O01222,P0062,26.0,124700.0
O01222,P0056,11.0,298400.0
O01223,P0093,1.0,177600.0
O01223,P0117,20.0,388100.0
O01224,P0025,8.0,9700.0
O01224,P0095,25.0,244500.0
O01225,P0104,11.0,181000.0
O01225,P0041,12.0,462500.0
O01226,P0053,2.0,117800.0
O01226,P0029,38.0,442300.0
O01227,P0027,8.0,469000.0
O01227,P0095,47.0,224700.0
O01227,P0038,50.0,328100.0
O01228,P0101,34.0,76600.0
O01228,P0141,6.0,53200.0
O01229,P0065,10.0,291100.0
O01229,P0121,19.0,12700.0
O01229,P0132,7.0,388100.0
O01230,P0067,18.0,45000.0
O01230,P0136,48.0,361400.0
O01231,P0134,27.0,369400.0
O01231,P0002,49.0,367800.0
O01232,P0089,22.0,396200.0
O01232,P0096,40.0,175900.0
O01233,P0131,47.0,327800.0
O01233,P0056,6.0,322200.0
O01234,P0145,3.0,124300.0
O01234,P0085,,215800.0
O01235,P0031,42.0,64600.0
O01235,P0038,42.0,297000.0
O01236,P0028,42.0,250000.0
O01236,P0068,,29900.0
O01237,P0061,,504200.0
O01237,P0081,38.0,358100.0
O01238,P0116,12.0,452100.0
O01238,P0104,3.0,182300.0
O01239,P0068,1.0,30000.0
O01239,P0138,18.0,69000.0
O01240,P0052,42.0,504800.0
O01240,P0070,1.0,259100.0
O01241,P0120,47.0,185700.0
O01241,P0060,33.0,280900.0
O01242,P0146,40.0,346900.0
O01242,P0128,41.0,
O01243,P0105,13.0,109300.0
O01243,P0116,30.0,500600.0
O01243,P0136,5.0,288600.0
O01244,P0098,40.0,376600.0
O01244,P0043,20.0,54300.0
O01245,P0003,43.0,425400.0
O01245,P0087,7.0,170000.0
O01245,P0120,45.0,156700.0
O01246,P0041,48.0,441400.0
O01246,P0105,10.0,89700.0
O01247,P0092,26.0,415100.0
O01247,P0103,27.0,329200.0
O01248,P0058,50.0,384100.0
O01248,P0047,18.0,
O01249,P0047,17.0,196700.0
O01249,P0055,21.0,432400.0
O01250,P0095,22.0,241600.0
O01250,P0127,41.0,147300.0
O01251,P0100,46.0,79800.0
O01251,P0127,29.0,131100.0
O01252,P0085,2.0,210600.0
O01252,P0014,35.0,287300.0
O01253,P0130,28.0,327400.0
O01253,P0035,40.0,288500.0
O01254,P0022,19.0,199500.0
O01254,P0036,24.0,96500.0
O01255,P0093,18.0,180100.0
O01255,P0054,23.0,331800.0
O01256,P0043,36.0,60300.0
O01256,P0012,22.0,407400.0
O01257,P0138,21.0,59300.0
O01257,P0046,18.0,376400.0
O01257,P0089,35.0,346300.0
O01258,P0089,30.0,
O01258,P0038,24.0,275500.0
O01259,P0095,34.0,249000.0
O01259,P0077,,96000.0
O01260,P0142,-18.0,
O01260,P0039,41.0,305300.0
O01261,P0120,1.0,175200.0
O01261,P0001,49.0,359100.0
O01261,P0005,45.0,515400.0
O01262,P0015,48.0,353500.0
O01262,P0082,1.0,295000.0
O01263,P0015,10.0,344000.0
O01263,P0105,42.0,
O01264,P0043,41.0,51200.0
O01264,P0127,1.0,147800.0
O01265,P0113,1.0,404800.0
O01265,P0123,1.0,229700.0
O01265,P0026,31.0,260900.0
O01266,P0089,49.0,310300.0
O01266,P0044,25.0,79300.0
O01267,P0085,17.0,263100.0
O01267,P0141,44.0,
O01268,P0136,38.0,314200.0
O01268,P0011,7.0,58800.0
O01268,P0140,3.0,119700.0
O01269,P0044,25.0,74500.0
O01269,P0112,21.0,414100.0
O01270,P0113,46.0,314000.0
O01270,P0078,32.0,449600.0
O01271,P0120,19.0,159800.0
O01271,P0127,33.0,146600.0
O01272,P0089,28.0,301300.0
O01272,P0107,32.0,529400.0
O01273,P0003,,537500.0
O01273,P0086,31.0,139400.0
O01274,P0109,21.0,483000.0
O01274,P0139,41.0,361700.0
O01275,P0015,38.0,371400.0
O01275,P0068,7.0,24300.0
O01276,P0034,48.0,304300.0
O01276,P0050,42.0,327500.0
O01277,P0098,,419100.0
O01277,P0088,14.0,57500.0
O01278,P0082,13.0,241700.0
O01278,P0028,43.0,240500.0
O01279,P0010,25.0,181900.0
O01279,P0008,23.0,276200.0
O01280,P0051,32.0,472200.0
O01280,P0035,44.0,354700.0
O01281,P0133,19.0,197100.0
O01281,P0008,31.0,267400.0
O01282,P0025,40.0,12700.0
O01282,P0072,37.0,164300.0
O01282,P0062,1.0,116300.0
O01283,P0128,-39.0,104500.0
O01283,P0148,17.0,272900.0
O01284,P0048,-38.0,407600.0
O01284,P0081,30.0,446800.0
O01285,P0008,31.0,
O01285,P0070,14.0,272000.0
O01285,P0091,24.0,150600.0
O01286,P0069,16.0,169100.0
O01286,P0145,46.0,101400.0
O01286,P0089,28.0,356200.0
O01287,P0018,36.0,154800.0
O01287,P0042,7.0,172900.0
O01288,P0053,46.0,128800.0
O01288,P0041,29.0,522700.0
O01289,P0147,50.0,215100.0
O01289,P0053,4.0,102800.0
O01290,P0046,6.0,474000.0
O01290,P0138,1.0,63000.0
O01291,P0145,7.0,125500.0
O01291,P0076,35.0,46300.0
O01292,P0050,48.0,328600.0
O01292,P0067,34.0,43500.0
O01292,P0100,12.0,76300.0
O01293,P0022,-33.0,184100.0
O01293,P0105,17.0,98300.0
O01294,P0070,6.0,291000.0
O01294,P0018,36.0,161100.0
O01294,P0031,29.0,74000.0
O01295,P0009,31.0,386200.0
O01295,P0117,39.0,
O01296,P0142,38.0,194000.0
O01296,P0118,33.0,346100.0
O01297,P0131,40.0,367500.0
O01297,P0121,28.0,14600.0
O01298,P0001,14.0,448300.0
O01298,P0067,10.0,50800.0
O01299,P0148,9.0,
O01299,P0042,17.0,172200.0
O01300,P0094,8.0,35900.0
O01300,P0043,31.0,49900.0
O01301,P0006,21.0,296400.0
O01301,P0078,43.0,463400.0
O01301,P0113,31.0,320800.0
O01302,P0020,2.0,
O01302,P0009,14.0,329900.0
O01302,P0150,30.0,15200.0
O01303,P0132,-7.0,392800.0
O01303,P0129,39.0,
O01304,P0016,16.0,234400.0
O01304,P0143,31.0,250800.0
O01305,P0020,33.0,254800.0
O01305,P0003,16.0,449200.0
O01306,P0103,31.0,312500.0
O01306,P0100,42.0,80800.0
O01307,P0108,38.0,377200.0
O01307,P0082,48.0,301900.0
O01308,P0144,-37.0,31600.0
O01308,P0106,1.0,411200.0
O01308,P0128,,111000.0
O01309,P0037,50.0,236700.0
O01309,P0063,18.0,208700.0
O01310,P0147,8.0,212400.0
O01310,P0048,42.0,428300.0
O01310,P0089,13.0,362100.0
O01311,P0107,36.0,427200.0
O01311,P0116,3.0,405800.0
O01312,P0100,13.0,65300.0
O01312,P0030,44.0,166100.0
O01313,P0022,37.0,227100.0
O01313,P0114,27.0,263500.0
O01313,P0050,,394700.0
O01314,P0123,27.0,228300.0
O01314,P0056,16.0,347100.0
O01315,P0060,38.0,228100.0
O01315,P0144,28.0,33600.0
O01316,P0107,6.0,462000.0
O01316,P0091,22.0,166900.0
O01317,P0044,42.0,82700.0
O01317,P0103,1.0,294400.0
O01318,P0002,28.0,348900.0
O01318,P0009,45.0,374400.0
O01319,P0110,1.0,
O01319,P0075,8.0,443600.0
O01320,P0084,8.0,20500.0
O01320,P0033,36.0,373000.0
O01321,P0112,3.0,364100.0
O01321,P0145,2.0,112600.0
O01322,P0117,45.0,415700.0
O01322,P0065,33.0,389500.0
O01323,P0150,,14400.0
O01323,P0047,34.0,251300.0
O01324,P0145,24.0,135800.0
O01324,P0130,44.0,
O01325,P0139,14.0,459400.0
O01325,P0137,25.0,388400.0
O01326,P0068,46.0,24600.0
O01326,P0042,5.0,177100.0
O01326,P0143,12.0,253300.0
O01327,P0130,19.0,281000.0
O01327,P0073,21.0,52500.0
O01328,P0064,38.0,116400.0
O01328,P0126,37.0,208100.0
O01328,P0044,10.0,84900.0
O01329,P0022,11.0,202200.0
O01329,P0136,17.0,337100.0
O01330,P0120,31.0,147100.0
O01330,P0139,20.0,385600.0
O01331,P0017,31.0,353400.0
O01331,P0134,27.0,393400.0
O01332,P0039,18.0,329000.0
O01332,P0081,26.0,420700.0
O01333,P0001,48.0,452400.0
O01333,P0006,34.0,283200.0
O01334,P0035,37.0,331500.0
O01334,P0080,8.0,468100.0
O01335,P0061,35.0,380200.0
O01335,P0076,,47400.0
O01336,P0024,6.0,319700.0
O01336,P0091,46.0,165300.0
O01337,P0003,44.0,449300.0
O01337,P0006,-40.0,303000.0
O01338,P0009,36.0,339600.0
O01338,P0095,48.0,283700.0
O01339,P0142,,177400.0
O01339,P0080,47.0,400100.0
O01339,P0002,10.0,279700.0
O01340,P0009,10.0,
O01340,P0126,1.0,
O01341,P0039,2.0,277100.0
O01341,P0069,,198100.0
O01341,P0132,28.0,440500.0
O01342,P0004,,362900.0
O01342,P0101,3.0,79800.0
O01343,P0026,33.0,248300.0
O01343,P0130,,373500.0
O01343,P0124,28.0,227700.0
O01344,P0123,46.0,253400.0
O01344,P0150,41.0,14500.0
O01344,P0085,44.0,
O01345,P0031,22.0,76300.0
O01345,P0033,26.0,412100.0
O01346,P0047,44.0,198400.0
O01346,P0026,30.0,
O01347,P0143,,226400.0
O01347,P0135,-40.0,406800.0
O01348,P0054,,362500.0
O01348,P0083,46.0,33300.0
O01349,P0051,40.0,427200.0
O01349,P0014,32.0,278400.0
O01350,P0088,2.0,61600.0
O01350,P0059,15.0,458300.0
O01351,P0113,,366500.0
O01351,P0128,18.0,90500.0
O01352,P0094,18.0,35300.0
O01352,P0050,35.0,370300.0
O01353,P0082,,260100.0
O01353,P0050,35.0,357800.0
O01353,P0101,11.0,80500.0
O01354,P0033,2.0,416900.0
O01354,P0088,7.0,60200.0
O01355,P0077,12.0,91000.0
O01355,P0008,50.0,213600.0
O01356,P0067,39.0,52300.0
O01356,P0031,25.0,65800.0
O01357,P0145,22.0,116700.0
O01357,P0092,18.0,325700.0
O01358,P0148,40.0,254200.0
O01358,P0071,20.0,380500.0
O01359,P0111,36.0,46000.0
O01359,P0038,27.0,336100.0
O01360,P0143,31.0,225000.0
O01360,P0027,,517500.0
O01361,P0002,18.0,322700.0
O01361,P0116,50.0,462100.0
O01362,P0031,24.0,62500.0
O01362,P0040,28.0,16900.0
O01363,P0100,50.0,67800.0
O01363,P0068,27.0,29500.0
O01363,P0060,30.0,234300.0
O01364,P0027,13.0,474200.0
O01364,P0017,,284100.0
O01365,P0011,33.0,50500.0
O01365,P0147,41.0,
O01366,P0108,,323400.0
O01366,P0099,6.0,164200.0
O01367,P0026,17.0,252000.0
O01367,P0116,,437600.0
O01368,P0128,11.0,93900.0
O01368,P0077,45.0,95700.0
O01369,P0116,33.0,
O01369,P0036,40.0,82200.0
O01370,P0056,42.0,301000.0
O01370,P0054,47.0,313000.0
O01371,P0116,42.0,397800.0
O01371,P0114,,257700.0
O01372,P0017,26.0,
O01372,P0046,34.0,480500.0
O01372,P0004,6.0,351500.0
O01373,P0017,10.0,276200.0
O01373,P0076,38.0,
O01374,P0079,23.0,440000.0
O01374,P0150,38.0,15500.0
O01374,P0144,29.0,32500.0
O01375,P0142,1.0,193700.0
O01375,P0094,37.0,33500.0
O01375,P0131,42.0,
O01376,P0089,15.0,304000.0
O01376,P0149,36.0,94500.0
O01377,P0074,30.0,136900.0
O01377,P0019,43.0,123300.0
O01377,P0050,34.0,415700.0
O01378,P0014,37.0,322200.0
O01378,P0102,50.0,182700.0
O01379,P0030,20.0,176900.0
O01379,P0132,49.0,420800.0
O01379,P0041,16.0,519300.0
O01380,P0150,18.0,15000.0
O01380,P0126,13.0,176900.0
O01381,P0068,25.0,29300.0
O01381,P0105,19.0,107500.0
O01382,P0082,44.0,301300.0
O01382,P0123,18.0,195800.0
O01383,P0023,33.0,158800.0
O01383,P0064,28.0,108700.0
O01384,P0062,10.0,114100.0
O01384,P0120,1.0,188600.0
O01385,P0108,45.0,379600.0
O01385,P0114,26.0,266500.0
O01386,P0131,1.0,344900.0
O01386,P0064,43.0,120000.0
O01387,P0025,23.0,10400.0
O01387,P0054,46.0,297700.0
O01388,P0007,14.0,370800.0
O01388,P0039,47.0,
O01389,P0070,31.0,264400.0
O01389,P0019,41.0,126300.0
O01389,P0059,13.0,413600.0
O01390,P0132,13.0,386300.0
O01390,P0139,5.0,412600.0
O01390,P0048,40.0,457400.0
O01391,P0021,46.0,36400.0
O01391,P0016,6.0,278900.0
O01392,P0031,48.0,77700.0
O01392,P0015,2.0,371200.0
O01392,P0100,24.0,70600.0
O01393,P0006,23.0,318900.0
O01393,P0020,16.0,
O01394,P0043,22.0,63000.0
O01394,P0081,22.0,358700.0
O01395,P0017,,308800.0
O01395,P0061,13.0,491100.0
O01395,P0024,7.0,308900.0
O01396,P0027,11.0,456600.0
O01396,P0125,38.0,146200.0
O01397,P0089,38.0,397700.0
O01397,P0069,9.0,198700.0
O01398,P0078,26.0,
O01398,P0018,31.0,
O01399,P0008,48.0,262600.0
O01399,P0114,11.0,258600.0
O01400,P0135,27.0,415600.0
O01400,P0069,15.0,179400.0
O01400,P0097,2.0,92300.0
O01401,P0079,33.0,418700.0
O01401,P0073,39.0,54800.0
O01402,P0015,35.0,347900.0
O01402,P0087,33.0,212900.0
O01403,P0048,24.0,454000.0
O01403,P0058,33.0,472500.0
O01404,P0017,20.0,323500.0
O01404,P0006,12.0,297400.0
O01404,P0109,48.0,419900.0
O01405,P0047,1.0,
O01405,P0001,5.0,380300.0
O01406,P0145,23.0,129900.0
O01406,P0050,36.0,328200.0
O01406,P0099,26.0,164400.0
O01407,P0124,,240600.0
O01407,P0066,23.0,300500.0
O01408,P0121,24.0,12100.0
O01408,P0083,44.0,38100.0
O01409,P0024,21.0,289200.0
O01409,P0132,19.0,372200.0
O01409,P0055,,427200.0
O01410,P0074,36.0,134600.0
O01410,P0128,1.0,96700.0
O01411,P0039,31.0,331600.0
O01411,P0021,34.0,30000.0
O01411,P0150,40.0,16600.0
O01412,P0094,25.0,32200.0
O01412,P0042,,208900.0
O01413,P0073,13.0,65900.0
O01413,P0070,-30.0,280500.0
O01413,P0079,9.0,418400.0
O01414,P0113,10.0,370000.0
O01414,P0136,18.0,308500.0
O01414,P0001,22.0,352900.0
O01415,P0043,20.0,58700.0
O01415,P0111,32.0,37100.0
O01415,P0101,18.0,71200.0
O01416,P0041,30.0,531800.0
O01416,P0142,9.0,194400.0
O01417,P0091,26.0,162700.0
O01417,P0149,32.0,
O01418,P0100,,63100.0
O01418,P0075,11.0,481300.0
O01418,P0085,30.0,212500.0
O01419,P0116,28.0,476200.0
O01419,P0041,50.0,461300.0
O01420,P0143,22.0,258400.0
O01420,P0085,16.0,207800.0
O01421,P0062,23.0,107700.0
O01421,P0093,30.0,175700.0
O01422,P0007,31.0,
O01422,P0084,9.0,21200.0
O01423,P0070,38.0,325300.0
O01423,P0141,42.0,47500.0
O01423,P0044,30.0,85500.0
O01424,P0097,10.0,106600.0
O01424,P0135,1.0,427200.0
O01424,P0147,34.0,198300.0
O01425,P0073,47.0,56500.0
O01425,P0061,6.0,495900.0
O01425,P0124,28.0,215500.0
O01426,P0134,2.0,
O01426,P0040,31.0,15400.0
O01427,P0140,50.0,146500.0
O01427,P0099,49.0,190100.0
O01428,P0133,9.0,202000.0
O01428,P0084,-28.0,21500.0
O01429,P0110,34.0,353800.0
O01429,P0099,-15.0,179900.0
O01430,P0060,17.0,244600.0
O01430,P0114,42.0,268000.0
O01431,P0032,42.0,299500.0
O01431,P0014,50.0,266000.0
O01432,P0146,32.0,
O01432,P0093,10.0,177900.0
O01433,P0093,31.0,173300.0
O01433,P0103,47.0,287400.0
O01434,P0135,50.0,344100.0
O01434,P0033,-35.0,
O01435,P0136,18.0,297000.0
O01435,P0016,6.0,260700.0
O01436,P0057,33.0,25400.0
O01436,P0033,14.0,472700.0
O01437,P0042,47.0,172900.0
O01437,P0091,2.0,
O01438,P0022,36.0,213200.0
O01438,P0083,5.0,32500.0
O01439,P0135,10.0,361300.0
O01439,P0070,48.0,333800.0
O01440,P0122,43.0,393500.0
O01440,P0125,14.0,187700.0
O01440,P0096,28.0,150000.0
O01441,P0139,49.0,
O01441,P0145,28.0,121200.0
O01441,P0069,,205000.0
O01442,P0063,17.0,213300.0
O01442,P0001,30.0,372000.0
O01443,P0061,8.0,430300.0
O01443,P0096,,170900.0
O01444,P0083,30.0,36800.0
O01444,P0141,43.0,50200.0
O01445,P0012,12.0,433200.0
O01445,P0129,19.0,127400.0
O01446,P0005,25.0,516100.0
O01446,P0011,33.0,54600.0
O01447,P0086,6.0,145800.0
O01447,P0129,13.0,131200.0
O01448,P0069,20.0,166500.0
O01448,P0063,44.0,241200.0
O01449,P0023,7.0,176600.0
O01449,P0033,,
O01450,P0006,38.0,286800.0
O01450,P0120,2.0,149200.0
O01451,P0116,31.0,394000.0
O01451,P0063,,223700.0
O01452,P0018,32.0,172500.0
O01452,P0106,34.0,461500.0
O01453,P0111,12.0,36100.0
O01453,P0050,8.0,338000.0
O01454,P0024,1.0,277300.0
O01454,P0071,27.0,438900.0
O01455,P0141,22.0,49200.0
O01455,P0114,24.0,240400.0
O01456,P0124,25.0,271900.0
O01456,P0058,17.0,390600.0
O01456,P0105,45.0,116200.0
O01457,P0102,39.0,208200.0
O01457,P0005,13.0,
O01457,P0054,45.0,370400.0
O01458,P0076,18.0,45200.0
O01458,P0054,13.0,309000.0
O01459,P0037,20.0,187600.0
O01459,P0064,18.0,122500.0
O01460,P0139,43.0,452600.0
O01460,P0120,29.0,146100.0
O01461,P0085,29.0,276500.0
O01461,P0041,1.0,473300.0
O01462,P0141,19.0,42800.0
O01462,P0022,47.0,209400.0
O01463,P0012,22.0,408000.0
O01463,P0075,47.0,401300.0
O01463,P0070,12.0,260500.0
O01464,P0023,19.0,168900.0
O01464,P0099,19.0,154600.0
O01465,P0073,27.0,68500.0
O01465,P0056,27.0,353600.0
O01466,P0050,40.0,405200.0
O01466,P0035,30.0,296300.0
O01466,P0017,13.0,352700.0
O01467,P0113,50.0,
O01467,P0076,17.0,39300.0
O01468,P0004,41.0,301600.0
O01468,P0069,16.0,169100.0
O01469,P0021,41.0,31200.0
O01469,P0081,14.0,458800.0
O01470,P0059,6.0,436300.0
O01470,P0037,13.0,196500.0
O01470,P0125,-48.0,149900.0
O01471,P0091,24.0,151200.0
O01471,P0088,25.0,51400.0
O01472,P0032,9.0,288600.0
O01472,P0097,13.0,103600.0
O01472,P0110,6.0,327600.0
O01473,P0068,7.0,
O01473,P0025,14.0,9900.0
O01474,P0084,37.0,25700.0
O01474,P0085,2.0,278400.0
O01475,P0125,14.0,159600.0
O01475,P0085,25.0,278900.0
O01476,P0022,39.0,177400.0
O01476,P0036,48.0,95500.0
O01477,P0071,,372100.0
O01477,P0139,31.0,399500.0
O01478,P0047,12.0,219700.0
O01478,P0143,17.0,230500.0
O01479,P0012,20.0,374300.0
O01479,P0005,34.0,464600.0
O01480,P0018,5.0,177600.0
O01480,P0133,10.0,208800.0
O01481,P0041,8.0,523100.0
O01481,P0022,27.0,201200.0
O01482,P0003,-1.0,474400.0
O01482,P0053,4.0,104500.0
O01483,P0015,30.0,365000.0
O01483,P0035,38.0,281700.0
O01484,P0085,14.0,250200.0
O01484,P0076,22.0,38800.0
O01485,P0008,,264100.0
O01485,P0012,38.0,362100.0
O01485,P0113,25.0,394300.0
O01486,P0069,46.0,163200.0
O01486,P0126,17.0,163000.0
O01486,P0123,-2.0,238000.0
O01487,P0038,24.0,312600.0
O01487,P0150,-19.0,16200.0
O01488,P0086,31.0,136300.0
O01488,P0119,1.0,82900.0
O01488,P0006,33.0,299700.0
O01489,P0073,23.0,57000.0
O01489,P0062,,127000.0
O01489,P0092,33.0,354200.0
O01490,P0029,26.0,473500.0
O01490,P0134,37.0,429300.0
O01491,P0024,27.0,265700.0
O01491,P0108,16.0,338400.0
O01492,P0133,9.0,217200.0
O01492,P0150,3.0,15100.0
O01493,P0050,3.0,367100.0
O01493,P0110,6.0,272700.0
O01494,P0069,33.0,193400.0
O01494,P0144,38.0,34900.0
O01494,P0105,45.0,
O01495,P0028,15.0,275600.0
O01495,P0123,15.0,245600.0
O01496,P0028,49.0,235600.0
O01496,P0087,49.0,199600.0
O01496,P0116,5.0,439400.0
O01497,P0082,23.0,268600.0
O01497,P0039,4.0,301100.0
O01498,P0098,23.0,495100.0
O01498,P0085,12.0,267200.0
O01498,P0002,27.0,313000.0
O01499,P0108,20.0,384900.0
O01499,P0099,5.0,200900.0
O01500,P0021,5.0,27300.0
O01500,P0134,33.0,419800.0
O01501,P0144,5.0,36600.0
O01501,P0134,43.0,472400.0
O01502,P0140,16.0,147000.0
O01502,P0052,,525700.0
O01503,P0132,28.0,416500.0
O01503,P0027,46.0,
O01504,P0042,30.0,208300.0
O01504,P0016,12.0,
O01505,P0060,5.0,261900.0
O01505,P0096,39.0,151000.0
O01506,P0114,40.0,203700.0
O01506,P0028,43.0,221900.0
O01506,P0149,6.0,73800.0
O01507,P0013,2.0,87000.0
O01507,P0144,3.0,30300.0
O01508,P0028,26.0,226400.0
O01508,P0081,46.0,453600.0
O01508,P0046,43.0,394700.0
O01509,P0066,27.0,280100.0
O01509,P0143,5.0,194600.0
O01510,P0148,50.0,313400.0
O01510,P0010,28.0,200400.0
O01510,P0016,18.0,272200.0
O01511,P0102,29.0,192200.0
O01511,P0089,19.0,388900.0
O01512,P0140,11.0,124300.0
O01512,P0071,20.0,359300.0
O01513,P0102,,206100.0
O01513,P0131,43.0,300400.0
O01514,P0092,25.0,320500.0
O01514,P0078,,534600.0
O01515,P0117,30.0,490700.0
O01515,P0012,1.0,428000.0
O01515,P0004,,
O01516,P0065,13.0,385800.0
O01516,P0015,36.0,418200.0
O01516,P0051,20.0,386600.0
O01517,P0025,26.0,10600.0
O01517,P0013,32.0,97800.0
O01518,P0010,34.0,217300.0
O01518,P0021,33.0,33700.0
O01519,P0126,31.0,209800.0
O01519,P0101,19.0,85700.0
O01520,P0105,34.0,109700.0
O01520,P0014,21.0,250200.0
O01521,P0105,39.0,110900.0
O01521,P0034,23.0,272600.0
O01521,P0020,41.0,268900.0
O01522,P0049,18.0,119500.0
O01522,P0111,15.0,39200.0
O01522,P0124,37.0,263600.0
O01523,P0097,23.0,85900.0
O01523,P0012,7.0,384000.0
O01523,P0045,50.0,79700.0
O01524,P0016,48.0,265100.0
O01524,P0041,25.0,477800.0
O01525,P0030,41.0,156700.0
O01525,P0086,20.0,128200.0
O01526,P0091,29.0,179900.0
O01526,P0147,27.0,229700.0
O01527,P0061,41.0,497900.0
O01527,P0064,22.0,104000.0
O01528,P0072,39.0,209400.0
O01528,P0126,16.0,205900.0
O01529,P0059,43.0,487000.0
O01529,P0008,3.0,219700.0
O01530,P0062,13.0,124600.0
O01530,P0092,20.0,389900.0
O01531,P0025,49.0,12300.0
O01531,P0061,30.0,408300.0
O01532,P0027,39.0,516000.0
O01532,P0127,19.0,133500.0
O01533,P0041,11.0,426100.0
O01533,P0043,24.0,54500.0
O01534,P0111,45.0,44300.0
O01534,P0096,32.0,142200.0
O01535,P0020,24.0,245400.0
O01535,P0067,42.0,46300.0
O01536,P0070,15.0,275000.0
O01536,P0081,19.0,468900.0
O01537,P0034,43.0,257900.0
O01537,P0089,38.0,325700.0
O01538,P0113,9.0,331400.0
O01538,P0057,48.0,24700.0
O01539,P0067,10.0,55400.0
O01539,P0096,24.0,
O01540,P0030,44.0,185200.0
O01540,P0130,40.0,347200.0
O01541,P0097,46.0,101600.0
O01541,P0019,25.0,
O01542,P0008,9.0,248300.0
O01542,P0035,23.0,327700.0
O01543,P0112,22.0,334600.0
O01543,P0029,50.0,433600.0
O01544,P0145,21.0,111200.0
O01544,P0021,6.0,28200.0
O01544,P0092,20.0,393600.0
O01545,P0013,,88600.0
O01545,P0052,24.0,501600.0
O01546,P0104,13.0,209600.0
O01546,P0025,1.0,11600.0
O01547,P0047,40.0,237600.0
O01547,P0081,9.0,418400.0
O01548,P0037,35.0,240500.0
O01548,P0119,6.0,81100.0
O01548,P0144,33.0,33300.0
O01549,P0067,2.0,
O01549,P0118,3.0,389500.0
O01549,P0126,50.0,214200.0
O01550,P0107,21.0,426500.0
O01550,P0102,26.0,172400.0
O01551,P0024,1.0,266200.0
O01551,P0019,43.0,112600.0
O01552,P0137,44.0,404800.0
O01552,P0001,16.0,341500.0
O01553,P0095,13.0,282000.0
O01553,P0143,-41.0,227700.0
O01554,P0033,5.0,
O01554,P0142,47.0,169700.0
O01555,P0013,41.0,93200.0
O01555,P0019,31.0,134700.0
O01555,P0148,31.0,257000.0
O01556,P0043,14.0,62700.0
O01556,P0057,50.0,26400.0
O01557,P0048,50.0,464800.0
O01557,P0126,27.0,217900.0
O01558,P0129,5.0,103200.0
O01558,P0107,41.0,521000.0
O01559,P0132,33.0,343000.0
O01559,P0128,33.0,109900.0
O01560,P0094,8.0,32200.0
O01560,P0062,47.0,126300.0
O01561,P0105,30.0,116100.0
O01561,P0136,49.0,326100.0
O01562,P0100,45.0,76900.0
O01562,P0013,14.0,109400.0
O01563,P0042,33.0,195600.0
O01563,P0019,13.0,129500.0
O01564,P0096,25.0,177000.0
O01564,P0066,11.0,299400.0
O01565,P0001,35.0,428200.0
O01565,P0146,35.0,394900.0
O01566,P0054,21.0,355000.0
O01566,P0093,48.0,190600.0
O01566,P0102,23.0,187900.0
O01567,P0028,35.0,229300.0
O01567,P0104,6.0,186900.0
O01568,P0069,8.0,173600.0
O01568,P0064,2.0,114300.0
O01569,P0140,41.0,136700.0
O01569,P0114,9.0,266500.0
O01570,P0094,10.0,
O01570,P0074,9.0,109400.0
O01571,P0110,12.0,354500.0
O01571,P0102,46.0,216100.0
O01572,P0101,12.0,65500.0
O01572,P0080,,458600.0
O01573,P0094,,31800.0
O01573,P0080,36.0,
O01574,P0121,20.0,15300.0
O01574,P0034,9.0,288700.0
O01575,P0124,3.0,207500.0
O01575,P0068,48.0,23600.0
O01576,P0130,3.0,354100.0
O01576,P0120,20.0,187200.0
O01577,P0074,38.0,122300.0
O01577,P0043,23.0,59700.0
O01577,P0032,31.0,275600.0
O01578,P0083,13.0,35000.0
O01578,P0095,9.0,279100.0
O01578,P0117,-22.0,474700.0
O01579,P0063,,211600.0
O01579,P0098,22.0,496000.0
O01580,P0046,-2.0,388700.0
O01580,P0099,,167900.0
O01581,P0042,8.0,214100.0
O01581,P0083,26.0,36300.0
O01582,P0091,49.0,142000.0
O01582,P0029,26.0,494900.0
O01583,P0109,16.0,489600.0
O01583,P0133,37.0,187400.0
O01583,P0136,15.0,293000.0
O01584,P0068,41.0,24900.0
O01584,P0118,35.0,415000.0
O01585,P0128,5.0,92000.0
O01585,P0139,49.0,457500.0
O01586,P0020,8.0,203100.0
O01586,P0025,34.0,11800.0
O01587,P0113,34.0,370700.0
O01587,P0118,13.0,354500.0
O01587,P0073,20.0,64700.0
O01588,P0102,28.0,216500.0
O01588,P0054,43.0,314100.0
O01589,P0030,50.0,189600.0
O01589,P0026,39.0,206400.0
O01590,P0039,11.0,295800.0
O01590,P0135,,417100.0
O01590,P0089,-36.0,379000.0
O01591,P0020,29.0,254600.0
O01591,P0148,3.0,292000.0
O01592,P0042,40.0,178700.0
O01592,P0034,5.0,286000.0
O01593,P0050,4.0,428000.0
O01593,P0082,38.0,285800.0
O01594,P0098,41.0,500600.0
O01594,P0083,25.0,
O01594,P0013,29.0,94800.0
O01595,P0072,-46.0,179600.0
O01595,P0142,17.0,164100.0
O01596,P0039,46.0,
O01596,P0028,6.0,290000.0
O01597,P0039,6.0,359300.0
O01597,P0043,47.0,64200.0
O01597,P0112,44.0,350900.0
O01598,P0065,,320300.0
O01598,P0006,1.0,315800.0
O01598,P0024,33.0,286500.0
O01599,P0124,31.0,247600.0
O01599,P0054,28.0,312600.0
O01599,P0137,,372400.0
O01600,P0048,14.0,371100.0
O01600,P0012,18.0,456700.0
O01600,P0100,8.0,67000.0
O01601,P0083,28.0,38400.0
O01601,P0140,41.0,128600.0
O01601,P0050,10.0,406100.0
O01602,P0096,15.0,181200.0
O01602,P0059,9.0,497300.0
O01602,P0134,50.0,438300.0
O01603,P0148,48.0,310500.0
O01603,P0118,15.0,353700.0
O01604,P0031,36.0,67400.0
O01604,P0064,31.0,121600.0
O01605,P0121,47.0,13200.0
O01605,P0102,10.0,221100.0
O01606,P0145,3.0,136800.0
O01606,P0022,19.0,211700.0
O01606,P0091,28.0,146300.0
O01607,P0012,37.0,390000.0
O01607,P0047,5.0,201200.0
O01608,P0145,32.0,118500.0
O01608,P0032,21.0,336200.0
O01609,P0039,19.0,310300.0
O01609,P0116,10.0,477600.0
O01610,P0105,23.0,89700.0
O01610,P0135,38.0,
O01611,P0121,22.0,14400.0
O01611,P0006,7.0,342400.0
O01611,P0099,24.0,178200.0
O01612,P0006,15.0,328000.0
O01612,P0135,1.0,390900.0
O01613,P0070,,259600.0
O01613,P0046,48.0,431600.0
O01614,P0063,31.0,207000.0
O01614,P0097,25.0,94000.0
O01614,P0028,17.0,237500.0
O01615,P0079,38.0,370000.0
O01615,P0041,48.0,515000.0
O01616,P0110,44.0,299100.0
O01616,P0070,26.0,284600.0
O01617,P0095,31.0,240400.0
O01617,P0061,30.0,410400.0
O01617,P0018,4.0,155400.0
O01618,P0061,24.0,484400.0
O01618,P0034,11.0,255300.0
O01619,P0085,34.0,246600.0
O01619,P0013,48.0,100600.0
O01620,P0017,9.0,321800.0
O01620,P0061,-29.0,
O01620,P0042,19.0,199700.0
O01621,P0076,15.0,42800.0
O01621,P0007,9.0,388200.0
O01622,P0079,41.0,448300.0
O01622,P0059,2.0,460600.0
O01622,P0064,5.0,101700.0
O01623,P0113,16.0,409900.0
O01623,P0115,1.0,139500.0
O01624,P0150,36.0,18600.0
O01624,P0048,4.0,463000.0
O01625,P0060,4.0,219400.0
O01625,P0010,8.0,210300.0
O01626,P0012,32.0,409000.0
O01626,P0055,36.0,511300.0
O01627,P0118,8.0,399500.0
O01627,P0040,40.0,17600.0
O01627,P0001,8.0,364700.0
O01628,P0092,48.0,320000.0
O01628,P0119,23.0,82500.0
O01629,P0093,5.0,156800.0
O01629,P0064,32.0,100800.0
O01630,P0037,50.0,225400.0
O01630,P0114,23.0,258700.0
O01631,P0026,26.0,207600.0
O01631,P0034,34.0,267800.0
O01631,P0094,6.0,35000.0
O01632,P0091,7.0,145300.0
O01632,P0065,23.0,368900.0
O01633,P0057,39.0,26700.0
O01633,P0047,1.0,200000.0
O01633,P0071,34.0,
O01634,P0032,11.0,338800.0
O01634,P0012,31.0,464800.0
O01634,P0118,,365400.0
O01635,P0123,,203100.0
O01635,P0067,46.0,53900.0
O01635,P0070,18.0,327000.0
O01636,P0124,7.0,204700.0
O01636,P0079,10.0,390700.0
O01636,P0090,38.0,440800.0
O01637,P0106,2.0,525400.0
O01637,P0073,38.0,59800.0
O01638,P0106,42.0,440100.0
O01638,P0122,43.0,428400.0
O01639,P0056,46.0,349300.0
O01639,P0065,27.0,360600.0
O01640,P0048,31.0,419500.0
O01640,P0049,35.0,125900.0
O01640,P0010,35.0,181700.0
O01641,P0086,20.0,136700.0
O01641,P0004,24.0,371700.0
O01642,P0027,28.0,446800.0
O01642,P0081,12.0,419700.0
O01643,P0097,34.0,109500.0
O01643,P0009,32.0,381200.0
O01644,P0039,34.0,304700.0
O01644,P0020,,204700.0
O01645,P0149,17.0,89300.0
O01645,P0041,7.0,468900.0
O01645,P0122,8.0,429200.0
O01646,P0136,8.0,310700.0
O01646,P0140,29.0,134900.0
O01647,P0064,24.0,106100.0
O01647,P0004,42.0,327400.0
O01648,P0108,,364900.0
O01648,P0092,27.0,416200.0
O01649,P0022,16.0,
O01649,P0067,30.0,47000.0
O01650,P0026,,227500.0
O01650,P0084,30.0,23800.0
O01651,P0101,14.0,82300.0
O01651,P0030,37.0,167000.0
O01652,P0026,14.0,203300.0
O01652,P0076,-23.0,37700.0
O01653,P0067,,54900.0
O01653,P0136,50.0,289900.0
O01654,P0046,12.0,441400.0
O01654,P0141,11.0,52700.0
O01655,P0001,28.0,373300.0
O01655,P0097,47.0,101500.0
O01656,P0046,14.0,458500.0
O01656,P0118,27.0,395700.0
O01657,P0126,2.0,168300.0
O01657,P0144,16.0,31300.0
O01658,P0071,5.0,365800.0
O01658,P0133,,192700.0
O01659,P0100,17.0,75500.0
O01659,P0010,45.0,217700.0
O01660,P0068,-47.0,28200.0
O01660,P0140,41.0,118400.0
O01661,P0053,1.0,104800.0
O01661,P0038,25.0,261700.0
O01662,P0107,29.0,451500.0
O01662,P0012,29.0,444800.0
O01663,P0070,27.0,347900.0
O01663,P0025,,12100.0
O01664,P0141,27.0,49000.0
O01664,P0040,41.0,19500.0
O01665,P0132,13.0,384400.0
O01665,P0127,34.0,130000.0
O01666,P0130,6.0,320800.0
O01666,P0017,36.0,275100.0
O01666,P0051,36.0,441200.0
O01667,P0089,27.0,344000.0
O01667,P0145,15.0,124300.0
O01668,P0011,32.0,55900.0
O01668,P0065,12.0,353700.0
O01669,P0119,14.0,84900.0
O01669,P0033,24.0,
O01669,P0006,32.0,346400.0
O01670,P0047,26.0,234800.0
O01670,P0116,1.0,459200.0
O01671,P0055,43.0,431500.0
O01671,P0059,45.0,482700.0
O01672,P0110,38.0,355000.0
O01672,P0104,,190400.0
O01672,P0144,3.0,37900.0
O01673,P0109,46.0,410000.0
O01673,P0116,28.0,
O01674,P0125,14.0,149200.0
O01674,P0096,30.0,176900.0
O01675,P0003,45.0,494400.0
O01675,P0097,21.0,85000.0
O01675,P0024,29.0,257800.0
O01676,P0082,4.0,291400.0
O01676,P0138,44.0,72600.0
O01677,P0031,33.0,
O01677,P0005,41.0,506600.0
O01678,P0064,36.0,93400.0
O01678,P0136,41.0,344600.0
O01679,P0089,8.0,370400.0
O01679,P0012,21.0,373800.0
O01679,P0042,27.0,185000.0
O01680,P0092,22.0,354300.0
O01680,P0086,35.0,
O01681,P0103,4.0,294500.0
O01681,P0118,19.0,369700.0
O01682,P0062,38.0,114400.0
O01682,P0095,7.0,251500.0
O01683,P0083,2.0,37700.0
O01683,P0087,15.0,213000.0
O01684,P0092,-2.0,318900.0
O01684,P0067,16.0,51200.0
O01684,P0032,29.0,347600.0
O01685,P0063,47.0,231800.0
O01685,P0094,35.0,33800.0
O01685,P0014,17.0,303800.0
O01686,P0058,15.0,391000.0
O01686,P0119,44.0,89400.0
O01687,P0058,26.0,471500.0
O01687,P0090,29.0,407800.0
O01688,P0045,43.0,63200.0
O01688,P0061,31.0,385200.0
O01689,P0101,14.0,75700.0
O01689,P0024,30.0,261400.0
O01690,P0015,7.0,391800.0
O01690,P0011,35.0,50000.0
O01691,P0099,45.0,190500.0
O01691,P0058,28.0,431000.0
O01691,P0030,14.0,150400.0
O01692,P0137,43.0,484800.0
O01692,P0026,22.0,212700.0
O01692,P0108,16.0,368800.0
O01693,P0006,46.0,304000.0
O01693,P0032,15.0,287800.0
O01694,P0068,,27400.0
O01694,P0094,39.0,27800.0
O01695,P0144,25.0,35400.0
O01695,P0115,43.0,131500.0
O01696,P0098,13.0,459500.0
O01696,P0121,47.0,13300.0
O01697,P0019,18.0,143900.0
O01697,P0069,,189000.0
O01698,P0130,39.0,341700.0
O01698,P0136,45.0,275500.0
O01699,P0043,-13.0,54400.0
O01699,P0141,48.0,55200.0
O01700,P0130,,283600.0
O01700,P0115,32.0,142400.0
O01701,P0057,27.0,22500.0
O01701,P0141,2.0,45300.0
O01701,P0040,2.0,18700.0
O01702,P0150,,18600.0
O01702,P0030,3.0,197200.0
O01703,P0045,15.0,66200.0
O01703,P0015,35.0,414100.0
O01703,P0053,41.0,109900.0
O01704,P0046,17.0,426800.0
O01704,P0082,22.0,304100.0
O01704,P0070,5.0,331100.0
O01705,P0102,16.0,
O01705,P0107,,448700.0
O01706,P0079,15.0,383300.0
O01706,P0036,7.0,95800.0
O01706,P0040,12.0,19800.0
O01707,P0018,44.0,192600.0
O01707,P0096,26.0,139800.0
O01708,P0083,-6.0,39000.0
O01708,P0060,44.0,248200.0
O01709,P0086,9.0,144100.0
O01709,P0002,,312100.0
O01710,P0105,5.0,102900.0
O01710,P0005,9.0,455500.0
O01711,P0057,5.0,24600.0
O01711,P0052,1.0,421000.0
O01712,P0104,36.0,192400.0
O01712,P0059,50.0,403900.0
O01712,P0127,12.0,120100.0
O01713,P0014,11.0,316200.0
O01713,P0073,24.0,53700.0
O01714,P0101,4.0,71900.0
O01714,P0085,8.0,265500.0
O01715,P0029,46.0,431700.0
O01715,P0117,49.0,407800.0
O01716,P0056,14.0,344000.0
O01716,P0054,18.0,343900.0
O01717,P0086,32.0,125700.0
O01717,P0069,23.0,177000.0
O01718,P0136,6.0,278000.0
O01718,P0113,48.0,
O01719,P0083,27.0,41800.0
O01719,P0028,24.0,286700.0
O01719,P0039,34.0,315000.0
O01720,P0026,44.0,202500.0
O01720,P0100,20.0,79300.0
O01721,P0081,50.0,403400.0
O01721,P0067,17.0,54600.0
O01721,P0036,5.0,86900.0
O01722,P0145,47.0,102300.0
O01722,P0081,50.0,474400.0
O01723,P0014,34.0,259900.0
O01723,P0087,20.0,178100.0
O01724,P0024,43.0,310500.0
O01724,P0116,31.0,414600.0
O01725,P0065,44.0,391900.0
O01725,P0066,5.0,299800.0
O01726,P0010,24.0,228200.0
O01726,P0037,25.0,207000.0
O01727,P0047,4.0,207500.0
O01727,P0043,7.0,65000.0
O01728,P0086,49.0,146600.0
O01728,P0098,41.0,371900.0
O01729,P0148,43.0,
O01729,P0052,5.0,413900.0
O01730,P0071,8.0,362000.0
O01730,P0058,41.0,
O01731,P0024,23.0,254800.0
O01731,P0107,17.0,457700.0
O01732,P0072,46.0,218900.0
O01732,P0060,20.0,228200.0
O01732,P0099,22.0,200100.0
O01733,P0043,3.0,50300.0
O01733,P0020,21.0,208300.0
O01733,P0067,37.0,56000.0
O01734,P0123,30.0,201400.0
O01734,P0082,32.0,249600.0
O01735,P0043,11.0,
O01735,P0016,14.0,279000.0
O01735,P0083,12.0,36500.0
O01736,P0148,40.0,301600.0
O01736,P0046,20.0,397800.0
O01736,P0041,31.0,480900.0
O01737,P0018,48.0,191200.0
O01737,P0123,6.0,210300.0
O01738,P0087,7.0,176900.0
O01738,P0128,26.0,90300.0
O01739,P0043,2.0,62900.0
O01739,P0129,8.0,
O01740,P0036,27.0,
O01740,P0103,46.0,281100.0
O01741,P0017,4.0,288300.0
O01741,P0143,31.0,221300.0
O01742,P0022,,188600.0
O01742,P0006,22.0,273900.0
O01743,P0025,38.0,12600.0
O01743,P0073,36.0,
O01744,P0085,40.0,254700.0
O01744,P0119,33.0,89300.0
O01745,P0087,21.0,206200.0
O01745,P0001,4.0,364900.0
O01745,P0040,50.0,16500.0
O01746,P0104,40.0,183100.0
O01746,P0129,29.0,
O01747,P0120,43.0,162300.0
O01747,P0095,39.0,264500.0
O01748,P0033,49.0,436000.0
O01748,P0101,11.0,
O01749,P0101,29.0,77400.0
O01749,P0118,6.0,381700.0
O01750,P0053,23.0,102600.0
O01750,P0024,33.0,286400.0
O01750,P0033,11.0,464900.0
O01751,P0107,8.0,505500.0
O01751,P0105,16.0,94900.0
O01752,P0119,4.0,82800.0
O01752,P0110,34.0,
O01753,P0029,15.0,384500.0
O01753,P0084,8.0,22900.0
O01754,P0085,33.0,254100.0
O01754,P0045,16.0,84300.0
O01755,P0084,48.0,23300.0
O01755,P0015,49.0,409800.0
O01756,P0073,41.0,57500.0
O01756,P0012,36.0,360300.0
O01757,P0088,15.0,54900.0
O01757,P0087,36.0,167900.0
O01758,P0147,22.0,190200.0
O01758,P0033,-50.0,385400.0
O01759,P0131,18.0,326100.0
O01759,P0109,9.0,483400.0
O01760,P0019,29.0,117000.0
O01760,P0135,32.0,368800.0
O01761,P0069,,203100.0
O01761,P0022,37.0,211000.0
O01761,P0136,17.0,312100.0
O01762,P0064,6.0,95600.0
O01762,P0040,36.0,15000.0
O01763,P0130,31.0,333800.0
O01763,P0036,13.0,97500.0
O01764,P0049,45.0,
O01764,P0071,7.0,394900.0
O01764,P0026,40.0,266500.0
O01765,P0009,9.0,358700.0
O01765,P0007,11.0,417900.0
O01766,P0026,21.0,211700.0
O01766,P0067,31.0,44300.0
O01767,P0088,7.0,60900.0
O01767,P0013,42.0,110800.0
O01768,P0015,28.0,433600.0
O01768,P0024,33.0,244900.0
O01769,P0094,1.0,27800.0
O01769,P0089,27.0,391500.0
O01770,P0050,7.0,345600.0
O01770,P0078,24.0,428500.0
O01771,P0136,36.0,345000.0
O01771,P0005,31.0,493600.0
O01772,P0106,35.0,483000.0
O01772,P0043,49.0,62300.0
O01773,P0030,46.0,189200.0
O01773,P0142,35.0,178800.0
O01774,P0001,20.0,453700.0
O01774,P0036,39.0,94300.0
O01775,P0014,9.0,321400.0
O01775,P0098,36.0,436100.0
O01776,P0068,34.0,
O01776,P0028,31.0,239600.0
O01777,P0082,4.0,310100.0
O01777,P0038,47.0,291000.0
O01778,P0086,13.0,125200.0
O01778,P0059,2.0,392000.0
O01779,P0020,,219000.0
O01779,P0016,10.0,225400.0
O01780,P0067,27.0,44100.0
O01780,P0007,15.0,427200.0
O01781,P0088,49.0,54100.0
O01781,P0046,13.0,467800.0
O01782,P0052,39.0,489300.0
O01782,P0132,31.0,388100.0
O01783,P0098,4.0,432700.0
O01783,P0054,17.0,368700.0
O01784,P0014,29.0,251500.0
O01784,P0003,36.0,521300.0
O01784,P0136,35.0,316600.0
O01785,P0029,41.0,438400.0
O01785,P0009,,363600.0
O01786,P0038,43.0,311900.0
O01786,P0114,8.0,214400.0
O01787,P0074,,117600.0
O01787,P0028,14.0,283700.0
O01788,P0105,1.0,96800.0
O01788,P0077,27.0,77800.0
O01789,P0130,43.0,331400.0
O01789,P0133,39.0,175800.0
O01790,P0057,5.0,22700.0
O01790,P0063,30.0,217000.0
O01791,P0030,1.0,176800.0
O01791,P0069,38.0,205900.0
O01792,P0077,22.0,96500.0
O01792,P0065,33.0,321900.0
O01793,P0137,50.0,420600.0
O01793,P0095,24.0,243600.0
O01794,P0041,48.0,497700.0
O01794,P0052,8.0,419700.0
O01795,P0063,44.0,192500.0
O01795,P0049,7.0,132800.0
O01796,P0149,25.0,73700.0
O01796,P0065,36.0,
O01797,P0049,48.0,114500.0
O01797,P0043,16.0,51700.0
O01798,P0123,10.0,251900.0
O01798,P0066,23.0,286400.0
O01799,P0003,20.0,502100.0
O01799,P0012,5.0,439600.0
O01799,P0089,18.0,354300.0
O01800,P0147,6.0,225300.0
O01800,P0069,48.0,181700.0
O01801,P0034,43.0,290100.0
O01801,P0066,17.0,360500.0
O01802,P0009,32.0,361800.0
O01802,P0132,,385500.0
O01802,P0066,28.0,323300.0
O01803,P0065,9.0,333100.0
O01803,P0116,16.0,404300.0
O01804,P0043,37.0,
O01804,P0032,,290900.0
O01805,P0122,34.0,330400.0
O01805,P0134,24.0,424200.0
O01805,P0098,35.0,471900.0
O01806,P0129,,131900.0
O01806,P0054,33.0,383000.0
O01807,P0092,45.0,317400.0
O01807,P0124,18.0,244300.0
O01808,P0111,35.0,42400.0
O01808,P0149,38.0,79600.0
O01809,P0066,24.0,364400.0
O01809,P0043,21.0,59700.0
O01810,P0029,48.0,503800.0
O01810,P0084,34.0,19600.0
O01811,P0014,15.0,250300.0
O01811,P0013,,111900.0
O01812,P0133,9.0,202200.0
O01812,P0143,7.0,221100.0
O01812,P0041,2.0,458300.0
O01813,P0015,19.0,435400.0
O01813,P0053,23.0,112200.0
O01814,P0005,23.0,408700.0
O01814,P0089,33.0,303100.0
O01815,P0113,1.0,332200.0
O01815,P0097,17.0,91700.0
O01816,P0125,22.0,146600.0
O01816,P0103,17.0,289900.0
O01817,P0065,34.0,305100.0
O01817,P0043,27.0,61000.0
O01818,P0056,35.0,338100.0
O01818,P0048,50.0,400100.0
O01819,P0047,31.0,248800.0
O01819,P0143,16.0,215500.0
O01820,P0087,6.0,181700.0
O01820,P0077,,96100.0
O01821,P0001,14.0,357500.0
O01821,P0135,-32.0,402300.0
O01822,P0067,20.0,52000.0
O01822,P0037,44.0,234800.0
O01823,P0094,9.0,31300.0
O01823,P0064,4.0,117100.0
O01824,P0074,38.0,116500.0
O01824,P0124,42.0,245900.0
O01825,P0045,39.0,74100.0
O01825,P0114,30.0,261100.0
O01826,P0008,,
O01826,P0035,32.0,345900.0
O01827,P0011,30.0,54800.0
O01827,P0106,15.0,480400.0
O01828,P0040,-37.0,15700.0
O01828,P0038,32.0,324500.0
O01829,P0080,2.0,385900.0
O01829,P0144,25.0,30700.0
O01829,P0048,37.0,467300.0
O01830,P0097,48.0,
O01830,P0059,36.0,387800.0
O01831,P0033,22.0,432900.0
O01831,P0039,7.0,304700.0
O01832,P0041,3.0,433500.0
O01832,P0134,49.0,364000.0
O01833,P0051,31.0,439900.0
O01833,P0142,5.0,209800.0
O01834,P0045,,74200.0
O01834,P0021,4.0,
O01835,P0142,6.0,203500.0
O01835,P0104,32.0,187600.0
O01836,P0089,-36.0,382300.0
O01836,P0033,39.0,385700.0
O01837,P0033,5.0,460400.0
O01837,P0090,9.0,385800.0
O01838,P0079,45.0,458400.0
O01838,P0141,12.0,44800.0
O01839,P0150,2.0,17500.0
O01839,P0005,36.0,450000.0
O01840,P0021,28.0,32800.0
O01840,P0009,46.0,404400.0
O01841,P0079,14.0,383500.0
O01841,P0032,45.0,292900.0
O01842,P0095,50.0,283000.0
O01842,P0056,36.0,366500.0
O01843,P0028,14.0,
O01843,P0021,46.0,35500.0
O01844,P0009,34.0,336700.0
O01844,P0012,28.0,412700.0
O01845,P0054,,306200.0
O01845,P0081,25.0,431200.0
O01846,P0090,34.0,376000.0
O01846,P0125,48.0,142700.0
O01846,P0080,42.0,400200.0
O01847,P0065,2.0,295300.0
O01847,P0001,-33.0,454600.0
O01847,P0082,11.0,305600.0
O01848,P0026,10.0,249900.0
O01848,P0018,42.0,188500.0
O01849,P0080,25.0,446000.0
O01849,P0083,19.0,39400.0
O01849,P0027,30.0,408000.0
O01850,P0027,12.0,463500.0
O01850,P0114,41.0,211300.0
O01851,P0122,12.0,353800.0
O01851,P0029,18.0,387900.0
O01852,P0033,41.0,412300.0
O01852,P0097,26.0,113200.0
O01853,P0021,-25.0,30000.0
O01853,P0113,48.0,406400.0
O01854,P0052,31.0,477900.0
O01854,P0067,21.0,46000.0
O01855,P0073,32.0,
O01855,P0090,30.0,341200.0
O01856,P0057,18.0,24400.0
O01856,P0017,17.0,281700.0
O01857,P0094,8.0,27900.0
O01857,P0097,45.0,103300.0
O01858,P0055,32.0,426800.0
O01858,P0027,33.0,403900.0
O01859,P0046,5.0,391600.0
O01859,P0076,,37500.0
O01860,P0068,8.0,26100.0
O01860,P0076,26.0,
O01861,P0010,3.0,229900.0
O01861,P0102,3.0,223600.0
O01862,P0081,16.0,357700.0
O01862,P0039,13.0,288300.0
O01862,P0030,,167500.0
O01863,P0024,14.0,263500.0
O01863,P0041,22.0,
O01864,P0011,23.0,55400.0
O01864,P0004,13.0,337400.0
O01864,P0045,8.0,63400.0
O01865,P0125,12.0,177400.0
O01865,P0142,29.0,175900.0
O01866,P0054,38.0,333600.0
O01866,P0134,39.0,410900.0
O01866,P0016,36.0,274400.0
O01867,P0108,28.0,296800.0
O01867,P0098,39.0,466700.0
O01868,P0013,36.0,111400.0
O01868,P0110,9.0,321000.0
O01869,P0149,36.0,74600.0
O01869,P0137,29.0,427500.0
O01870,P0125,31.0,163200.0
O01870,P0088,,55100.0
O01871,P0091,16.0,153600.0
O01871,P0135,26.0,384300.0
O01872,P0076,23.0,45500.0
O01872,P0054,43.0,325100.0
O01872,P0070,6.0,291300.0
O01873,P0108,-26.0,374800.0
O01873,P0117,46.0,461600.0
O01874,P0088,15.0,62500.0
O01874,P0110,17.0,299100.0
O01875,P0094,30.0,34500.0
O01875,P0120,25.0,
O01876,P0075,37.0,500500.0
O01876,P0112,24.0,326300.0
O01876,P0116,7.0,399400.0
O01877,P0005,22.0,498700.0
O01877,P0099,6.0,150200.0
O01878,P0036,35.0,84700.0
O01878,P0136,13.0,274700.0
O01879,P0039,25.0,288800.0
O01879,P0010,40.0,184600.0
O01879,P0021,44.0,28600.0
O01880,P0041,21.0,524100.0
O01880,P0121,1.0,13600.0
O01880,P0096,20.0,184800.0
O01881,P0131,14.0,366000.0
O01881,P0149,44.0,94700.0
O01881,P0139,44.0,413300.0
O01882,P0015,29.0,339800.0
O01882,P0075,25.0,
O01883,P0096,38.0,149800.0
O01883,P0020,20.0,249600.0
O01884,P0116,29.0,485400.0
O01884,P0039,47.0,286200.0
O01884,P0135,42.0,373500.0
O01885,P0143,40.0,213400.0
O01885,P0053,4.0,106200.0
O01886,P0126,6.0,203400.0
O01886,P0098,25.0,499500.0
O01887,P0150,24.0,18000.0
O01887,P0147,27.0,239900.0
O01888,P0006,29.0,321400.0
O01888,P0046,21.0,444900.0
O01889,P0050,27.0,371200.0
O01889,P0055,37.0,482400.0
O01890,P0104,20.0,175000.0
O01890,P0089,20.0,329300.0
O01891,P0019,46.0,129600.0
O01891,P0046,3.0,386800.0
O01892,P0098,32.0,491800.0
O01892,P0109,40.0,423700.0
O01893,P0114,24.0,213600.0
O01893,P0061,49.0,422000.0
O01893,P0038,40.0,334000.0
O01894,P0026,15.0,232100.0
O01894,P0103,35.0,289300.0
O01895,P0113,38.0,366200.0
O01895,P0043,50.0,
O01896,P0029,9.0,441100.0
O01896,P0071,,364300.0
O01897,P0008,25.0,239900.0
O01897,P0121,9.0,13700.0
O01897,P0037,35.0,
O01898,P0067,3.0,58100.0
O01898,P0126,12.0,185300.0
O01899,P0139,10.0,350000.0
O01899,P0017,22.0,291300.0
O01900,P0072,17.0,172000.0
O01900,P0127,1.0,119600.0
O01901,P0071,26.0,359300.0
O01901,P0133,,207600.0
O01902,P0102,20.0,223900.0
O01902,P0060,21.0,213300.0
O01903,P0086,14.0,128000.0
O01903,P0052,11.0,498800.0
O01903,P0141,37.0,54600.0
O01904,P0112,50.0,387400.0
O01904,P0125,21.0,171700.0
O01905,P0013,48.0,86100.0
O01905,P0145,12.0,135000.0
O01905,P0039,49.0,278400.0
O01906,P0029,26.0,488400.0
O01906,P0048,36.0,480200.0
O01907,P0096,38.0,178600.0
O01907,P0057,34.0,25500.0
O01908,P0049,2.0,141800.0
O01908,P0147,10.0,227500.0
O01909,P0028,45.0,290700.0
O01909,P0001,7.0,428600.0
O01910,P0126,47.0,193700.0
O01910,P0035,41.0,343500.0
O01911,P0081,44.0,389500.0
O01911,P0120,6.0,180700.0
O01912,P0009,3.0,401300.0
O01912,P0024,18.0,299100.0
O01913,P0107,38.0,496100.0
O01913,P0048,3.0,424300.0
O01914,P0118,29.0,380300.0
O01914,P0043,37.0,66600.0
O01914,P0103,40.0,342700.0
O01915,P0008,13.0,235300.0
O01915,P0088,3.0,53900.0
O01916,P0032,,345600.0
O01916,P0109,,421400.0
O01917,P0144,46.0,28800.0
O01917,P0058,48.0,395700.0
O01918,P0017,25.0,351900.0
O01918,P0043,11.0,53900.0
O01919,P0037,38.0,215300.0
O01919,P0145,,113400.0
O01920,P0050,14.0,376300.0
O01920,P0023,13.0,146100.0
O01920,P0018,8.0,161300.0
O01921,P0068,28.0,28300.0
O01921,P0116,49.0,473100.0
O01921,P0115,45.0,167300.0
O01922,P0137,6.0,458500.0
O01922,P0078,43.0,500900.0
O01923,P0108,47.0,390400.0
O01923,P0004,-43.0,380500.0
O01924,P0139,32.0,397300.0
O01924,P0064,,96800.0
O01925,P0040,18.0,
O01925,P0149,15.0,
O01926,P0007,44.0,351200.0
O01926,P0015,3.0,375600.0
O01927,P0139,40.0,444300.0
O01927,P0057,10.0,22000.0
O01927,P0045,31.0,78400.0
O01928,P0135,40.0,383600.0
O01928,P0136,44.0,332600.0
O01929,P0130,28.0,368500.0
O01929,P0140,,129500.0
O01930,P0034,-17.0,287500.0
O01930,P0121,,12300.0
O01931,P0041,9.0,464200.0
O01931,P0072,2.0,187600.0
O01932,P0058,41.0,389400.0
O01932,P0112,5.0,326000.0
O01933,P0054,32.0,292100.0
O01933,P0145,34.0,125700.0
O01934,P0136,-19.0,322900.0
O01934,P0077,22.0,74400.0
O01935,P0010,50.0,197100.0
O01935,P0015,47.0,374200.0
O01936,P0068,18.0,
O01936,P0033,,382200.0
O01937,P0122,7.0,342700.0
O01937,P0087,47.0,165700.0
O01938,P0137,1.0,422400.0
O01938,P0090,7.0,410600.0
O01939,P0008,13.0,241200.0
O01939,P0047,44.0,199200.0
O01940,P0125,12.0,173000.0
O01940,P0124,39.0,201900.0
O01940,P0116,-48.0,484600.0
O01941,P0094,29.0,
O01941,P0116,22.0,393900.0
O01941,P0148,5.0,319100.0
O01942,P0064,1.0,123900.0
O01942,P0122,46.0,365900.0
O01943,P0115,33.0,154800.0
O01943,P0003,50.0,431500.0
O01944,P0020,12.0,210100.0
O01944,P0125,,157300.0
O01945,P0072,9.0,188600.0
O01945,P0134,43.0,376300.0
O01946,P0092,32.0,351100.0
O01946,P0117,16.0,397100.0
O01947,P0111,32.0,
O01947,P0123,22.0,224200.0
O01947,P0009,,369400.0
O01948,P0146,29.0,373300.0
O01948,P0091,4.0,142700.0
O01949,P0060,22.0,237400.0
O01949,P0045,22.0,81200.0
O01950,P0076,7.0,48000.0
O01950,P0147,2.0,229300.0
O01951,P0150,33.0,18500.0
O01951,P0142,41.0,190100.0
O01952,P0110,13.0,298100.0
O01952,P0114,15.0,256000.0
O01953,P0099,7.0,173100.0
O01953,P0110,-1.0,309500.0
O01954,P0031,-45.0,61800.0
O01954,P0089,7.0,371400.0
O01955,P0095,34.0,264100.0
O01955,P0123,24.0,210300.0
O01955,P0035,11.0,314100.0
O01956,P0016,24.0,263400.0
O01956,P0131,41.0,320700.0
O01956,P0003,37.0,536100.0
O01957,P0130,47.0,335000.0
O01957,P0027,43.0,469200.0
O01958,P0017,27.0,312200.0
O01958,P0040,30.0,15100.0
O01959,P0079,5.0,434300.0
O01959,P0127,-1.0,133700.0
O01960,P0061,,497800.0
O01960,P0063,9.0,219500.0
O01960,P0144,50.0,35800.0
O01961,P0148,36.0,289800.0
O01961,P0062,14.0,109400.0
O01962,P0106,38.0,446300.0
O01962,P0113,27.0,312400.0
O01963,P0146,9.0,367900.0
O01963,P0034,4.0,292800.0
O01964,P0012,50.0,373800.0
O01964,P0056,32.0,348700.0
O01965,P0084,22.0,20200.0
O01965,P0088,33.0,53900.0
O01965,P0058,50.0,393700.0
O01966,P0130,46.0,372900.0
O01966,P0044,32.0,86400.0
O01967,P0028,9.0,219600.0
O01967,P0054,19.0,289300.0
O01968,P0099,27.0,166600.0
O01968,P0127,,132700.0
O01968,P0030,47.0,189300.0
O01969,P0083,24.0,38000.0
O01969,P0109,9.0,485700.0
O01969,P0114,3.0,256500.0
O01970,P0022,1.0,196400.0
O01970,P0095,7.0,
O01970,P0125,12.0,169100.0
O01971,P0068,4.0,
O01971,P0125,1.0,177600.0
O01972,P0043,14.0,56900.0
O01972,P0103,46.0,274800.0
O01973,P0113,47.0,349900.0
O01973,P0101,47.0,84700.0
O01973,P0080,-11.0,370000.0
O01974,P0059,34.0,385900.0
O01974,P0009,-49.0,320700.0
O01975,P0119,36.0,99500.0
O01975,P0109,21.0,410000.0
O01976,P0035,42.0,325200.0
O01976,P0087,36.0,205200.0
O01977,P0024,47.0,304000.0
O01977,P0014,12.0,258000.0
O01978,P0110,42.0,288200.0
O01978,P0086,41.0,127500.0
O01979,P0079,38.0,426300.0
O01979,P0035,45.0,298500.0
O01980,P0147,29.0,216300.0
O01980,P0026,28.0,216900.0
O01981,P0145,24.0,121800.0
O01981,P0068,5.0,
O01982,P0102,48.0,199500.0
O01982,P0068,40.0,25800.0
O01982,P0039,28.0,322200.0
O01983,P0118,-21.0,350100.0
O01983,P0137,38.0,442700.0
O01984,P0118,8.0,
O01984,P0066,11.0,316700.0
O01985,P0084,35.0,20200.0
O01985,P0048,46.0,436300.0
O01986,P0021,3.0,34500.0
O01986,P0088,,50500.0
O01986,P0055,24.0,403600.0
O01987,P0111,2.0,44700.0
O01987,P0124,39.0,237500.0
O01987,P0114,23.0,216700.0
O01988,P0064,15.0,100700.0
O01988,P0057,41.0,23200.0
O01988,P0074,5.0,108600.0
O01989,P0138,21.0,71600.0
O01989,P0128,23.0,108000.0
O01990,P0119,27.0,93200.0
O01990,P0046,29.0,409400.0
O01991,P0126,7.0,175500.0
O01991,P0112,4.0,400700.0
O01992,P0142,24.0,192300.0
O01992,P0012,44.0,443600.0
O01993,P0004,26.0,379100.0
O01993,P0059,45.0,436400.0
O01994,P0097,8.0,97600.0
O01994,P0096,26.0,146600.0
O01995,P0113,47.0,
O01995,P0030,17.0,168000.0
O01996,P0011,40.0,56300.0
O01996,P0019,20.0,110900.0
O01997,P0035,2.0,301300.0
O01997,P0015,2.0,334900.0
O01997,P0113,48.0,345500.0
O01998,P0117,40.0,402300.0
O01998,P0010,22.0,187100.0
O01999,P0066,27.0,281600.0
O01999,P0062,40.0,123700.0
O01999,P0052,21.0,507500.0
O02000,P0011,49.0,47100.0
O02000,P0070,33.0,260000.0
O02001,P0015,27.0,409300.0
O02001,P0037,34.0,240600.0
O02001,P0134,20.0,436900.0
O02002,P0147,50.0,199400.0
O02002,P0078,28.0,440700.0
O02003,P0069,34.0,205500.0
O02003,P0059,11.0,378000.0
O02004,P0065,32.0,380200.0
O02004,P0045,-3.0,62800.0
O02005,P0070,45.0,329300.0
O02005,P0037,-47.0,253300.0
O02006,P0060,49.0,282600.0
O02006,P0041,33.0,
O02007,P0031,28.0,72900.0
O02007,P0076,27.0,49500.0
O02007,P0028,46.0,293300.0
O02008,P0007,,407100.0
O02008,P0018,36.0,184500.0
O02009,P0034,-10.0,327700.0
O02009,P0044,41.0,87200.0
O02010,P0043,15.0,55600.0
O02010,P0146,43.0,407900.0
O02011,P0071,39.0,385400.0
O02011,P0131,48.0,357000.0
O02012,P0038,45.0,288200.0
O02012,P0107,47.0,455600.0
O02013,P0056,25.0,299200.0
O02013,P0043,13.0,
O02013,P0109,45.0,372800.0
O02014,P0080,45.0,408000.0
O02014,P0143,39.0,246900.0
O02014,P0043,6.0,64800.0
O02015,P0011,48.0,60900.0
O02015,P0043,6.0,56400.0
O02016,P0050,20.0,
O02016,P0036,38.0,87400.0
O02017,P0035,39.0,284900.0
O02017,P0022,38.0,174200.0
O02018,P0119,10.0,76800.0
O02018,P0135,4.0,399600.0
O02019,P0099,40.0,156000.0
O02019,P0057,30.0,24000.0
O02019,P0016,9.0,278800.0
O02020,P0017,33.0,271100.0
O02020,P0058,-15.0,464600.0
O02020,P0064,,
O02021,P0055,43.0,477600.0
O02021,P0022,20.0,217800.0
O02022,P0089,11.0,312400.0
O02022,P0005,39.0,507800.0
O02022,P0064,20.0,107900.0
O02023,P0144,29.0,35300.0
O02023,P0011,26.0,50900.0
O02024,P0081,28.0,391500.0
O02024,P0021,31.0,27600.0
O02024,P0092,,425500.0
O02025,P0096,35.0,183000.0
O02025,P0009,21.0,330200.0
O02026,P0033,17.0,425500.0
O02026,P0138,36.0,58200.0
O02027,P0094,13.0,34600.0
O02027,P0059,49.0,413600.0
O02028,P0033,30.0,466700.0
O02028,P0060,21.0,260700.0
O02028,P0048,33.0,402200.0
O02029,P0056,27.0,337800.0
O02029,P0102,,184200.0
O02030,P0079,13.0,
O02030,P0075,41.0,481800.0
O02031,P0069,,181900.0
O02031,P0147,19.0,229100.0
O02032,P0037,16.0,194800.0
O02032,P0039,17.0,277400.0
O02033,P0058,46.0,492900.0
O02033,P0051,39.0,409500.0
O02034,P0072,9.0,171700.0
O02034,P0008,32.0,
O02035,P0131,42.0,292500.0
O02035,P0126,34.0,
O02036,P0148,29.0,294700.0
O02036,P0091,38.0,166200.0
O02037,P0028,21.0,288700.0
O02037,P0013,38.0,87500.0
O02038,P0036,46.0,
O02038,P0070,45.0,268200.0
O02039,P0095,48.0,250100.0
O02039,P0122,20.0,389900.0
O02039,P0127,17.0,141700.0
O02040,P0147,19.0,225300.0
O02040,P0006,,298200.0
O02041,P0134,30.0,477400.0
O02041,P0019,24.0,134100.0
O02042,P0086,7.0,128000.0
O02042,P0083,27.0,37600.0
O02042,P0122,26.0,338100.0
O02043,P0130,49.0,
O02043,P0083,8.0,35200.0
O02043,P0044,32.0,85400.0
O02044,P0134,17.0,395200.0
O02044,P0093,2.0,150900.0
O02045,P0120,17.0,156400.0
O02045,P0052,8.0,437700.0
O02046,P0075,21.0,380600.0
O02046,P0129,42.0,118200.0
O02047,P0125,39.0,174400.0
O02047,P0001,44.0,410400.0
O02048,P0032,31.0,341900.0
O02048,P0075,,469100.0
O02048,P0081,,454800.0
O02049,P0010,29.0,209100.0
O02049,P0125,1.0,192300.0
O02050,P0005,29.0,505800.0
O02050,P0001,24.0,
O02051,P0014,32.0,275700.0
O02051,P0061,,452100.0
O02052,P0028,30.0,294200.0
O02052,P0081,-8.0,449900.0
O02052,P0068,27.0,28400.0
O02053,P0104,42.0,210000.0
O02053,P0115,31.0,130100.0
O02054,P0006,33.0,315000.0
O02054,P0002,,359600.0
O02055,P0047,4.0,248800.0
O02055,P0150,18.0,13900.0
O02055,P0112,32.0,328200.0
O02056,P0078,7.0,410900.0
O02056,P0148,15.0,261700.0
O02057,P0135,,371300.0
O02057,P0017,42.0,351900.0
O02058,P0097,41.0,92600.0
O02058,P0010,50.0,229200.0
O02059,P0120,31.0,162800.0
O02059,P0137,22.0,419800.0
O02060,P0037,47.0,237700.0
O02060,P0146,17.0,389800.0
O02061,P0044,29.0,
O02061,P0121,15.0,13700.0
O02061,P0004,8.0,390800.0
O02062,P0127,37.0,146300.0
O02062,P0130,27.0,368000.0
O02062,P0007,12.0,409100.0
O02063,P0004,29.0,323000.0
O02063,P0082,6.0,270100.0
O02064,P0096,48.0,182900.0
O02064,P0147,6.0,214000.0
O02065,P0130,27.0,358100.0
O02065,P0128,8.0,113800.0
O02066,P0100,38.0,69400.0
O02066,P0054,,319300.0
O02067,P0133,17.0,209700.0
O02067,P0122,44.0,343700.0
O02068,P0066,34.0,312700.0
O02068,P0032,35.0,304100.0
O02069,P0101,43.0,71500.0
O02069,P0098,,501900.0
O02070,P0085,20.0,264800.0
O02070,P0043,50.0,60300.0
O02071,P0140,41.0,132700.0
O02071,P0123,14.0,259200.0
O02072,P0025,,12400.0
O02072,P0137,46.0,481100.0
O02073,P0067,24.0,48000.0
O02073,P0107,46.0,513200.0
O02074,P0077,38.0,81100.0
O02074,P0040,21.0,18900.0
O02074,P0107,-21.0,395100.0
O02075,P0093,12.0,182100.0
O02075,P0065,9.0,304800.0
O02075,P0039,49.0,334700.0
O02076,P0133,18.0,221900.0
O02076,P0061,27.0,486300.0
O02077,P0097,13.0,85600.0
O02077,P0022,35.0,193500.0
O02078,P0055,41.0,412700.0
O02078,P0027,32.0,465900.0
O02079,P0008,,262800.0
O02079,P0130,18.0,288600.0
O02080,P0143,48.0,235200.0
O02080,P0118,40.0,421800.0
O02081,P0134,24.0,454100.0
O02081,P0095,26.0,224900.0
O02082,P0003,43.0,416500.0
O02082,P0141,13.0,53700.0
O02083,P0042,22.0,209000.0
O02083,P0035,23.0,
O02083,P0084,38.0,23700.0
O02084,P0067,38.0,44300.0
O02084,P0080,30.0,475700.0
O02085,P0088,38.0,54700.0
O02085,P0027,41.0,419800.0
O02086,P0011,2.0,49300.0
O02086,P0099,30.0,200900.0
O02087,P0131,19.0,297500.0
O02087,P0127,22.0,150900.0
O02088,P0006,17.0,351200.0
O02088,P0010,10.0,234200.0
O02089,P0023,9.0,177800.0
O02089,P0143,,235800.0
O02090,P0145,5.0,107000.0
O02090,P0019,38.0,126200.0
O02091,P0144,1.0,33900.0
O02091,P0070,23.0,262400.0
O02092,P0049,5.0,114200.0
O02092,P0150,3.0,16800.0
O02093,P0075,3.0,400100.0
O02093,P0050,21.0,343900.0
O02094,P0043,12.0,63600.0
O02094,P0144,35.0,31700.0
O02095,P0078,48.0,485500.0
O02095,P0039,47.0,345500.0
O02096,P0047,30.0,230100.0
O02096,P0003,35.0,490100.0
O02097,P0086,20.0,
O02097,P0006,49.0,322700.0
O02098,P0069,21.0,157500.0
O02098,P0097,16.0,94200.0
O02098,P0115,-7.0,155700.0
O02099,P0099,28.0,163500.0
O02099,P0055,26.0,512300.0
O02100,P0075,23.0,374300.0
O02100,P0090,38.0,386100.0
O02101,P0048,,429900.0
O02101,P0111,10.0,47600.0
O02101,P0028,18.0,227400.0
O02102,P0106,44.0,515400.0
O02102,P0084,33.0,24900.0
O02102,P0107,17.0,403700.0
O02103,P0049,-50.0,
O02103,P0070,50.0,295000.0
O02104,P0054,24.0,325000.0
O02104,P0017,22.0,266800.0
O02105,P0026,43.0,241900.0
O02105,P0089,16.0,318100.0
O02106,P0034,31.0,273300.0
O02106,P0069,3.0,197500.0
O02107,P0054,38.0,348300.0
O02107,P0060,42.0,225700.0
O02108,P0005,8.0,469900.0
O02108,P0123,47.0,245600.0
O02109,P0047,24.0,218500.0
O02109,P0075,39.0,455700.0
O02109,P0148,4.0,327000.0
O02110,P0012,38.0,353500.0
O02110,P0146,45.0,366100.0
O02110,P0006,17.0,355700.0
O02111,P0126,11.0,166500.0
O02111,P0091,6.0,163100.0
O02112,P0064,47.0,110200.0
O02112,P0127,,115600.0
O02113,P0054,19.0,305200.0
O02113,P0149,40.0,86900.0
O02113,P0024,3.0,316600.0
O02114,P0091,45.0,183100.0
O02114,P0025,18.0,11600.0
O02115,P0021,37.0,35000.0
O02115,P0101,13.0,79800.0
O02115,P0123,4.0,248500.0
O02116,P0093,20.0,166300.0
O02116,P0076,16.0,42600.0
O02117,P0142,36.0,187800.0
O02117,P0081,-45.0,424200.0
O02117,P0045,47.0,80700.0
O02118,P0079,1.0,
O02118,P0060,46.0,244200.0
O02119,P0026,33.0,217400.0
O02119,P0047,4.0,198900.0
O02120,P0003,9.0,450400.0
O02120,P0022,36.0,204500.0
O02120,P0121,28.0,14800.0
O02121,P0100,15.0,74900.0
O02121,P0031,2.0,66100.0
O02122,P0025,16.0,12100.0
O02122,P0145,12.0,
O02122,P0129,25.0,105700.0
O02123,P0007,37.0,366800.0
O02123,P0015,5.0,360000.0
O02124,P0043,16.0,59500.0
O02124,P0023,41.0,157400.0
O02125,P0048,34.0,368100.0
O02125,P0007,47.0,390800.0
O02126,P0042,47.0,190800.0
O02126,P0061,33.0,447900.0
O02127,P0012,2.0,406100.0
O02127,P0084,3.0,24900.0
O02128,P0128,47.0,97100.0
O02128,P0098,30.0,445000.0
O02129,P0073,,57700.0
O02129,P0039,31.0,281700.0
O02130,P0046,29.0,453500.0
O02130,P0058,45.0,447700.0
O02130,P0091,49.0,177800.0
O02131,P0026,49.0,244600.0
O02131,P0127,32.0,132500.0
O02132,P0014,13.0,269200.0
O02132,P0048,48.0,381900.0
O02133,P0127,14.0,137200.0
O02133,P0054,36.0,
O02134,P0093,44.0,166600.0
O02134,P0077,24.0,74200.0
O02135,P0015,12.0,423000.0
O02135,P0032,22.0,339400.0
O02136,P0079,3.0,359400.0
O02136,P0048,27.0,430100.0
O02137,P0019,23.0,
O02137,P0074,31.0,125500.0
O02138,P0127,39.0,123200.0
O02138,P0012,32.0,418100.0
O02139,P0026,40.0,263600.0
O02139,P0015,3.0,344300.0
O02140,P0013,6.0,109400.0
O02140,P0097,-32.0,104100.0
O02141,P0092,9.0,411200.0
O02141,P0133,38.0,216100.0
O02142,P0090,,411500.0
O02142,P0116,29.0,482000.0
O02143,P0064,-42.0,118300.0
O02143,P0088,36.0,47800.0
O02143,P0060,6.0,280600.0
O02144,P0052,-10.0,457900.0
O02144,P0038,36.0,252000.0
O02145,P0137,15.0,425500.0
O02145,P0120,24.0,151400.0
O02146,P0031,6.0,68700.0
O02146,P0054,17.0,
O02147,P0017,18.0,
O02147,P0129,10.0,110300.0
O02148,P0116,-25.0,465800.0
O02148,P0061,38.0,430000.0
O02148,P0052,22.0,472900.0
O02149,P0044,36.0,83600.0
O02149,P0128,-10.0,102000.0
O02150,P0033,1.0,433400.0
O02150,P0125,26.0,144400.0
O02151,P0126,5.0,
O02151,P0145,20.0,105500.0
O02152,P0088,5.0,49300.0
O02152,P0098,12.0,449700.0
O02153,P0062,44.0,133300.0
O02153,P0118,21.0,406700.0
O02154,P0128,13.0,88600.0
O02154,P0124,,233400.0
O02155,P0101,25.0,67500.0
O02155,P0063,4.0,242500.0
O02155,P0033,38.0,
O02156,P0095,25.0,217100.0
O02156,P0023,48.0,143700.0
O02157,P0035,30.0,282100.0
O02157,P0062,33.0,
O02158,P0039,16.0,325900.0
O02158,P0106,17.0,449400.0
O02159,P0057,34.0,25800.0
O02159,P0052,29.0,476700.0
O02160,P0147,41.0,206200.0
O02160,P0143,35.0,206700.0
O02161,P0029,37.0,454200.0
O02161,P0108,25.0,302200.0
O02162,P0097,39.0,101600.0
O02162,P0029,30.0,415600.0
O02162,P0136,34.0,291100.0
O02163,P0051,10.0,473800.0
O02163,P0018,-40.0,175300.0
O02164,P0141,18.0,48200.0
O02164,P0138,1.0,58500.0
O02165,P0147,49.0,228500.0
O02165,P0127,3.0,148300.0
O02166,P0103,31.0,301500.0
O02166,P0086,14.0,118000.0
O02167,P0062,2.0,133300.0
O02167,P0143,40.0,198600.0
O02167,P0110,23.0,317200.0
O02168,P0107,6.0,489600.0
O02168,P0023,,178200.0
O02169,P0016,29.0,246400.0
O02169,P0120,31.0,175900.0
O02170,P0064,20.0,115200.0
O02170,P0082,24.0,299900.0
O02171,P0026,39.0,255100.0
O02171,P0106,2.0,465800.0
O02172,P0059,34.0,406100.0
O02172,P0093,34.0,145900.0
O02173,P0089,23.0,312400.0
O02173,P0099,40.0,179500.0
O02174,P0027,18.0,452400.0
O02174,P0089,4.0,326100.0
O02175,P0105,38.0,93500.0
O02175,P0073,44.0,58300.0
O02176,P0132,7.0,390800.0
O02176,P0055,20.0,477600.0
O02177,P0050,50.0,371000.0
O02177,P0126,45.0,205000.0
O02177,P0144,28.0,30200.0
O02178,P0115,27.0,170500.0
O02178,P0088,5.0,57600.0
O02179,P0130,18.0,366500.0
O02179,P0048,4.0,442800.0
O02180,P0007,43.0,372600.0
O02180,P0081,44.0,471800.0
O02181,P0038,15.0,327000.0
O02181,P0123,36.0,223900.0
O02182,P0002,37.0,345900.0
O02182,P0071,46.0,431200.0
O02182,P0114,21.0,251600.0
O02183,P0064,40.0,95600.0
O02183,P0022,27.0,206100.0
O02184,P0075,25.0,377000.0
O02184,P0078,8.0,509100.0
O02185,P0059,32.0,493200.0
O02185,P0001,-1.0,440500.0
O02186,P0064,26.0,113800.0
O02186,P0022,23.0,206500.0
O02186,P0067,36.0,44800.0
O02187,P0127,35.0,116300.0
O02187,P0014,5.0,301100.0
O02188,P0048,47.0,448500.0
O02188,P0116,15.0,425300.0
O02189,P0014,-45.0,316400.0
O02189,P0049,38.0,113700.0
O02190,P0086,8.0,149500.0
O02190,P0116,18.0,479800.0
O02191,P0034,48.0,332800.0
O02191,P0032,18.0,352300.0
O02191,P0121,32.0,12700.0
O02192,P0064,9.0,100600.0
O02192,P0085,39.0,242700.0
O02193,P0065,33.0,372600.0
O02193,P0093,6.0,154700.0
O02193,P0122,14.0,371700.0
O02194,P0074,3.0,122400.0
O02194,P0111,39.0,42600.0
O02195,P0118,15.0,333600.0
O02195,P0005,14.0,424900.0
O02196,P0060,34.0,229400.0
O02196,P0092,43.0,341700.0
O02197,P0068,47.0,29300.0
O02197,P0077,27.0,71800.0
O02198,P0092,18.0,354100.0
O02198,P0099,33.0,167100.0
O02199,P0010,5.0,185800.0
O02199,P0139,40.0,
O02200,P0005,14.0,441600.0
O02200,P0117,28.0,451200.0
O02200,P0007,32.0,332000.0
O02201,P0053,28.0,105800.0
O02201,P0025,24.0,9600.0
O02201,P0069,,208100.0
O02202,P0133,46.0,212600.0
O02202,P0122,41.0,400800.0
O02202,P0069,,169700.0
O02203,P0034,40.0,333100.0
O02203,P0131,9.0,339300.0
O02204,P0058,47.0,418100.0
O02204,P0054,2.0,378400.0
O02204,P0025,50.0,10200.0
O02205,P0063,27.0,213100.0
O02205,P0122,38.0,344100.0
O02205,P0068,3.0,26500.0
O02206,P0070,19.0,272400.0
O02206,P0093,39.0,187600.0
O02206,P0061,29.0,378200.0
O02207,P0090,16.0,359400.0
O02207,P0036,45.0,103800.0
O02208,P0137,9.0,403900.0
O02208,P0102,34.0,215200.0
O02208,P0003,47.0,447700.0
O02209,P0086,42.0,144100.0
O02209,P0117,34.0,409800.0
O02210,P0118,48.0,382600.0
O02210,P0130,35.0,285100.0
O02211,P0138,30.0,74600.0
O02211,P0025,1.0,
O02212,P0106,25.0,431100.0
O02212,P0116,36.0,419000.0
O02213,P0028,36.0,235100.0
O02213,P0128,30.0,108900.0
O02214,P0111,49.0,38200.0
O02214,P0045,,71000.0
O02215,P0078,25.0,415700.0
O02215,P0061,12.0,500700.0
O02216,P0081,9.0,422400.0
O02216,P0106,8.0,439700.0
O02216,P0025,31.0,10500.0
O02217,P0073,45.0,57600.0
O02217,P0081,50.0,457800.0
O02217,P0049,28.0,133700.0
O02218,P0091,46.0,158600.0
O02218,P0099,46.0,164500.0
O02218,P0022,43.0,212400.0
O02219,P0106,11.0,537700.0
O02219,P0050,8.0,339100.0
O02220,P0024,23.0,325700.0
O02220,P0021,45.0,28700.0
O02221,P0070,22.0,270600.0
O02221,P0052,9.0,403700.0
O02222,P0036,16.0,94700.0
O02222,P0097,38.0,85100.0
O02222,P0136,-34.0,302000.0
O02223,P0082,16.0,268600.0
O02223,P0002,36.0,297600.0
O02224,P0113,9.0,367600.0
O02224,P0041,45.0,409400.0
O02225,P0004,1.0,348200.0
O02225,P0127,49.0,113900.0
O02225,P0070,16.0,262500.0
O02226,P0086,13.0,128600.0
O02226,P0139,35.0,346000.0
O02227,P0035,46.0,
O02227,P0114,27.0,216900.0
O02228,P0065,19.0,300600.0
O02228,P0005,37.0,508400.0
O02229,P0142,10.0,204100.0
O02229,P0131,8.0,317100.0
O02229,P0094,42.0,28800.0
O02230,P0091,24.0,182800.0
O02230,P0044,20.0,77100.0
O02231,P0124,48.0,217500.0
O02231,P0101,45.0,68300.0
O02231,P0118,21.0,426700.0
O02232,P0040,15.0,19600.0
O02232,P0025,17.0,10800.0
O02233,P0081,4.0,364400.0
O02233,P0073,50.0,52700.0
O02234,P0109,17.0,395400.0
O02234,P0128,22.0,100600.0
O02234,P0041,1.0,535700.0
O02235,P0005,14.0,488400.0
O02235,P0059,25.0,
O02236,P0046,16.0,451700.0
O02236,P0115,19.0,150000.0
O02237,P0081,35.0,393500.0
O02237,P0016,44.0,234800.0
O02237,P0140,10.0,120200.0
O02238,P0029,49.0,441500.0
O02238,P0095,20.0,253800.0
O02239,P0011,42.0,57800.0
O02239,P0089,35.0,392200.0
O02240,P0005,46.0,530300.0
O02240,P0094,15.0,29300.0
O02241,P0027,33.0,404900.0
O02241,P0010,48.0,
O02242,P0101,33.0,82200.0
O02242,P0040,22.0,19300.0
O02243,P0105,20.0,105000.0
O02243,P0045,16.0,84300.0
O02244,P0028,14.0,237400.0
O02244,P0136,30.0,
O02244,P0058,4.0,481300.0
O02245,P0108,21.0,383600.0
O02245,P0053,15.0,101800.0
O02246,P0059,30.0,436400.0
O02246,P0011,6.0,47900.0
O02247,P0061,14.0,453600.0
O02247,P0120,36.0,178000.0
O02248,P0108,33.0,383500.0
O02248,P0081,4.0,387200.0
O02249,P0061,40.0,487500.0
O02249,P0100,8.0,69800.0
O02250,P0095,23.0,221100.0
O02250,P0017,42.0,317500.0
O02251,P0005,,519100.0
O02251,P0118,31.0,349000.0
O02252,P0079,37.0,471800.0
O02252,P0026,12.0,225500.0
O02252,P0107,18.0,494800.0
O02253,P0142,,171400.0
O02253,P0102,40.0,180400.0
O02254,P0033,34.0,450600.0
O02254,P0072,49.0,169700.0
O02255,P0029,3.0,453000.0
O02255,P0054,10.0,381100.0
O02256,P0041,46.0,458300.0
O02256,P0032,32.0,364800.0
O02257,P0083,19.0,
O02257,P0060,29.0,237900.0
O02257,P0039,36.0,313000.0
O02258,P0044,18.0,81400.0
O02258,P0125,29.0,179700.0
O02259,P0082,44.0,266800.0
O02259,P0111,40.0,46400.0
O02260,P0024,50.0,250100.0
O02260,P0138,19.0,72800.0
O02261,P0093,24.0,174300.0
O02261,P0010,1.0,232000.0
O02262,P0135,14.0,322200.0
O02262,P0132,29.0,435300.0
O02262,P0002,29.0,288200.0
O02263,P0005,12.0,412700.0
O02263,P0099,27.0,174300.0
O02263,P0096,3.0,181700.0
O02264,P0038,20.0,285400.0
O02264,P0019,5.0,146900.0
O02265,P0119,48.0,80000.0
O02265,P0059,23.0,477400.0
O02266,P0069,15.0,202500.0
O02266,P0059,,394100.0
O02267,P0136,3.0,337200.0
O02267,P0024,36.0,282300.0
O02268,P0138,43.0,71500.0
O02268,P0053,4.0,136000.0
O02269,P0098,36.0,411500.0
O02269,P0115,24.0,166400.0
O02270,P0003,3.0,475000.0
O02270,P0079,37.0,398100.0
O02271,P0087,39.0,187900.0
O02271,P0019,32.0,126200.0
O02271,P0082,3.0,274100.0
O02272,P0069,41.0,182400.0
O02272,P0041,16.0,447500.0
O02273,P0025,12.0,11500.0
O02273,P0087,40.0,174600.0
O02274,P0050,32.0,351900.0
O02274,P0045,19.0,63400.0
O02275,P0042,46.0,181900.0
O02275,P0101,49.0,67000.0
O02276,P0017,44.0,309800.0
O02276,P0013,12.0,108900.0
O02276,P0028,16.0,220900.0
O02277,P0110,,333700.0
O02277,P0134,34.0,426200.0
O02278,P0119,18.0,90600.0
O02278,P0012,3.0,446100.0
O02279,P0065,30.0,307600.0
O02279,P0115,23.0,153000.0
O02280,P0015,42.0,370600.0
O02280,P0110,45.0,359800.0
O02281,P0085,26.0,226800.0
O02281,P0112,7.0,354500.0
O02282,P0146,16.0,356000.0
O02282,P0128,2.0,
O02283,P0035,23.0,361500.0
O02283,P0079,17.0,387300.0
O02284,P0145,49.0,101700.0
O02284,P0089,33.0,353300.0
O02285,P0082,28.0,246600.0
O02285,P0064,22.0,119300.0
O02285,P0071,11.0,352900.0
O02286,P0096,23.0,141600.0
O02286,P0033,42.0,391900.0
O02287,P0140,30.0,115500.0
O02287,P0150,4.0,15400.0
O02288,P0072,,187000.0
O02288,P0099,-42.0,188400.0
O02289,P0040,46.0,18500.0
O02289,P0128,48.0,104200.0
O02289,P0113,34.0,348800.0
O02290,P0106,39.0,413800.0
O02290,P0077,7.0,82100.0
O02291,P0137,50.0,426600.0
O02291,P0140,42.0,133100.0
O02292,P0075,23.0,428100.0
O02292,P0137,49.0,430200.0
O02293,P0011,20.0,60400.0
O02293,P0081,13.0,408800.0
O02294,P0108,40.0,393700.0
O02294,P0149,22.0,76600.0
O02295,P0063,43.0,204000.0
O02295,P0012,12.0,455500.0
O02295,P0108,50.0,339500.0
O02296,P0005,28.0,500100.0
O02296,P0004,6.0,379500.0
O02297,P0065,36.0,385500.0
O02297,P0059,,
O02298,P0023,,
O02298,P0091,5.0,154600.0
O02298,P0107,33.0,
O02299,P0115,,139800.0
O02299,P0138,33.0,74900.0
O02300,P0054,8.0,381900.0
O02300,P0032,28.0,318300.0
O02300,P0110,38.0,336200.0
O02301,P0123,26.0,214000.0
O02301,P0075,26.0,455200.0
O02302,P0024,10.0,306100.0
O02302,P0119,46.0,91300.0
O02302,P0063,30.0,199500.0
O02303,P0078,47.0,426600.0
O02303,P0113,10.0,318900.0
O02303,P0146,,389000.0
O02304,P0110,38.0,351400.0
O02304,P0064,23.0,114800.0
O02305,P0114,,227200.0
O02305,P0138,47.0,62400.0
O02306,P0041,46.0,503100.0
O02306,P0094,15.0,28900.0
O02306,P0123,9.0,249200.0
O02307,P0050,2.0,345700.0
O02307,P0057,-31.0,26800.0
O02308,P0035,14.0,299800.0
O02308,P0130,16.0,376000.0
O02309,P0020,22.0,261400.0
O02309,P0085,,272700.0
O02310,P0005,39.0,542400.0
O02310,P0058,15.0,442900.0
O02310,P0003,22.0,422000.0
O02311,P0005,23.0,
O02311,P0080,44.0,462400.0
O02312,P0014,16.0,270400.0
O02312,P0115,29.0,148300.0
O02313,P0134,33.0,357700.0
O02313,P0120,5.0,151300.0
O02314,P0131,46.0,290500.0
O02314,P0071,26.0,402000.0
O02315,P0031,35.0,66800.0
O02315,P0148,17.0,255300.0
O02316,P0026,18.0,271100.0
O02316,P0124,5.0,210200.0
O02316,P0030,44.0,163700.0
O02317,P0150,9.0,18400.0
O02317,P0148,22.0,255000.0
O02318,P0132,32.0,
O02318,P0085,31.0,245600.0
O02318,P0139,23.0,438500.0
O02319,P0052,20.0,501800.0
O02319,P0098,1.0,375100.0
O02319,P0105,33.0,106600.0
O02320,P0077,35.0,84800.0
O02320,P0103,48.0,293400.0
O02321,P0062,21.0,117000.0
O02321,P0079,23.0,453600.0
O02322,P0074,4.0,113100.0
O02322,P0054,41.0,374200.0
O02323,P0071,40.0,434500.0
O02323,P0085,,246100.0
O02323,P0122,42.0,350700.0
O02324,P0083,35.0,35300.0
O02324,P0025,41.0,11800.0
O02325,P0037,16.0,204900.0
O02325,P0028,46.0,291200.0
O02326,P0100,33.0,66500.0
O02326,P0079,50.0,436100.0
O02327,P0031,43.0,79000.0
O02327,P0116,43.0,480300.0
O02327,P0083,25.0,42000.0
O02328,P0080,43.0,435400.0
O02328,P0032,11.0,367200.0
O02328,P0113,,339100.0
O02329,P0135,30.0,347700.0
O02329,P0149,15.0,87500.0
O02330,P0008,37.0,254400.0
O02330,P0100,,67400.0
O02331,P0046,47.0,381200.0
O02331,P0123,10.0,233200.0
O02332,P0141,12.0,50800.0
O02332,P0052,47.0,416000.0
O02333,P0110,22.0,306300.0
O02333,P0109,29.0,499300.0
O02334,P0015,39.0,427900.0
O02334,P0137,-1.0,500700.0
O02335,P0033,18.0,367100.0
O02335,P0050,4.0,410800.0
O02335,P0109,-29.0,381600.0
O02336,P0122,10.0,335000.0
O02336,P0117,9.0,409600.0
O02337,P0052,19.0,516000.0
O02337,P0055,28.0,511600.0
O02337,P0032,15.0,316200.0
O02338,P0059,37.0,473800.0
O02338,P0080,46.0,419400.0
O02339,P0085,27.0,215000.0
O02339,P0108,,320100.0
O02340,P0071,20.0,422000.0
O02340,P0122,22.0,426500.0
O02341,P0072,32.0,202800.0
O02341,P0008,47.0,231400.0
O02341,P0103,45.0,275800.0
O02342,P0030,2.0,151600.0
O02342,P0033,10.0,400800.0
O02343,P0144,4.0,31400.0
O02343,P0078,41.0,440100.0
O02343,P0010,45.0,210200.0
O02344,P0054,30.0,379900.0
O02344,P0047,12.0,213300.0
O02345,P0033,20.0,426400.0
O02345,P0107,,424600.0
O02346,P0115,25.0,149700.0
O02346,P0075,5.0,483100.0
O02347,P0147,20.0,213900.0
O02347,P0106,32.0,487100.0
O02347,P0102,17.0,183900.0
O02348,P0111,,40300.0
O02348,P0070,20.0,277700.0
O02349,P0107,28.0,482600.0
O02349,P0118,25.0,391600.0
O02350,P0030,8.0,155500.0
O02350,P0148,44.0,290600.0
O02351,P0118,13.0,381200.0
O02351,P0064,,102000.0
O02352,P0049,32.0,140900.0
O02352,P0014,49.0,277000.0
O02353,P0076,29.0,44600.0
O02353,P0147,6.0,231500.0
O02353,P0126,38.0,205800.0
O02354,P0116,7.0,390300.0
O02354,P0095,27.0,
O02355,P0094,22.0,31900.0
O02355,P0050,30.0,406000.0
O02356,P0026,37.0,266600.0
O02356,P0083,22.0,42100.0
O02357,P0005,32.0,430900.0
O02357,P0041,41.0,529200.0
O02357,P0029,20.0,456500.0
O02358,P0093,41.0,184500.0
O02358,P0019,43.0,147300.0
O02359,P0146,6.0,392600.0
O02359,P0137,22.0,430400.0
O02360,P0111,1.0,39800.0
O02360,P0117,46.0,370900.0
O02361,P0033,27.0,418000.0
O02361,P0140,30.0,115400.0
O02361,P0034,19.0,257300.0
O02362,P0079,41.0,410700.0
O02362,P0002,2.0,298200.0
O02363,P0010,25.0,214300.0
O02363,P0019,26.0,120700.0
O02364,P0050,2.0,360800.0
O02364,P0024,15.0,317600.0
O02365,P0125,36.0,143600.0
O02365,P0148,38.0,280700.0
O02366,P0088,23.0,46300.0
O02366,P0085,38.0,273400.0
O02366,P0146,41.0,413100.0
O02367,P0064,5.0,
O02367,P0070,44.0,
O02368,P0085,39.0,234400.0
O02368,P0041,24.0,464200.0
O02369,P0023,46.0,147600.0
O02369,P0121,10.0,12700.0
O02370,P0048,4.0,414800.0
O02370,P0022,,176000.0
O02370,P0111,4.0,42500.0
O02371,P0124,46.0,241100.0
O02371,P0052,8.0,521000.0
O02372,P0123,20.0,227300.0
O02372,P0110,39.0,303500.0
O02373,P0118,35.0,370500.0
O02373,P0095,36.0,267400.0
O02373,P0058,46.0,382400.0
O02374,P0083,3.0,
O02374,P0108,38.0,381400.0
O02375,P0033,24.0,430900.0
O02375,P0112,20.0,335500.0
O02376,P0023,12.0,185200.0
O02376,P0025,39.0,12500.0
O02377,P0132,8.0,360600.0
O02377,P0122,39.0,349000.0
O02378,P0007,3.0,351100.0
O02378,P0112,,382300.0
O02379,P0081,13.0,449200.0
O02379,P0022,17.0,186400.0
O02380,P0024,33.0,
O02380,P0150,50.0,17500.0
O02381,P0100,6.0,79300.0
O02381,P0131,40.0,345800.0
O02382,P0088,39.0,59100.0
O02382,P0106,31.0,483900.0
O02382,P0092,50.0,374400.0
O02383,P0007,9.0,416400.0
O02383,P0118,20.0,393400.0
O02384,P0124,31.0,267300.0
O02384,P0050,46.0,386400.0
O02385,P0139,37.0,429700.0
O02385,P0124,12.0,218500.0
O02386,P0111,,37800.0
O02386,P0138,7.0,62200.0
O02387,P0038,,273200.0
O02387,P0141,24.0,45300.0
O02388,P0121,47.0,14300.0
O02388,P0075,33.0,390400.0
O02389,P0004,41.0,328200.0
O02389,P0075,19.0,409800.0
O02389,P0020,42.0,244500.0
O02390,P0083,13.0,40600.0
O02390,P0127,14.0,137500.0
O02391,P0146,32.0,373300.0
O02391,P0138,17.0,71800.0
O02391,P0099,26.0,170200.0
O02392,P0134,,
O02392,P0081,1.0,372600.0
O02392,P0110,22.0,
O02393,P0042,25.0,189100.0
O02393,P0084,47.0,23000.0
O02394,P0016,24.0,249600.0
O02394,P0095,21.0,277500.0
O02395,P0071,17.0,387600.0
O02395,P0047,17.0,206600.0
O02396,P0024,,310200.0
O02396,P0080,48.0,477800.0
O02397,P0141,34.0,43500.0
O02397,P0094,14.0,31800.0
O02398,P0081,7.0,407500.0
O02398,P0068,29.0,29800.0
O02399,P0026,15.0,238900.0
O02399,P0059,2.0,407900.0
O02400,P0067,15.0,49300.0
O02400,P0083,23.0,40500.0
O02400,P0037,36.0,231600.0
O02401,P0055,39.0,447800.0
O02401,P0031,16.0,75600.0
O02402,P0044,22.0,91200.0
O02402,P0144,41.0,34000.0
O02403,P0090,37.0,344900.0
O02403,P0085,-4.0,212500.0
O02404,P0049,47.0,113900.0
O02404,P0038,39.0,268500.0
O02405,P0132,26.0,412700.0
O02405,P0144,18.0,37600.0
O02406,P0020,,
O02406,P0106,43.0,
O02407,P0012,35.0,352700.0
O02407,P0015,33.0,372200.0
O02408,P0042,18.0,
O02408,P0070,32.0,289300.0
O02409,P0127,11.0,131900.0
O02409,P0001,,366200.0
O02409,P0084,4.0,22200.0
O02410,P0129,4.0,121000.0
O02410,P0076,,38000.0
O02410,P0064,47.0,105200.0
O02411,P0106,13.0,482700.0
O02411,P0037,10.0,243100.0
O02412,P0041,10.0,532100.0
O02412,P0032,19.0,310800.0
O02412,P0084,29.0,25700.0
O02413,P0026,33.0,230400.0
O02413,P0086,27.0,124200.0
O02413,P0051,-24.0,422800.0
O02414,P0059,14.0,395700.0
O02414,P0071,17.0,361900.0
O02415,P0063,6.0,194500.0
O02415,P0070,20.0,336700.0
O02416,P0119,45.0,83300.0
O02416,P0037,34.0,215000.0
O02417,P0017,23.0,322100.0
O02417,P0061,10.0,
O02418,P0042,46.0,186600.0
O02418,P0063,20.0,188300.0
O02419,P0017,44.0,353200.0
O02419,P0132,34.0,389300.0
O02420,P0038,47.0,268100.0
O02420,P0131,18.0,315400.0
O02421,P0008,49.0,208900.0
O02421,P0124,17.0,238500.0
O02422,P0006,48.0,279500.0
O02422,P0134,47.0,385500.0
O02422,P0100,33.0,77600.0
O02423,P0009,46.0,304900.0
O02423,P0022,40.0,
O02424,P0149,3.0,76200.0
O02424,P0083,11.0,32100.0
O02425,P0087,20.0,192000.0
O02425,P0014,23.0,298900.0
O02425,P0147,28.0,195000.0
O02426,P0054,36.0,340400.0
O02426,P0106,40.0,512900.0
O02426,P0130,26.0,338500.0
O02427,P0034,35.0,268000.0
O02427,P0031,28.0,62900.0
O02428,P0056,46.0,307700.0
O02428,P0139,9.0,430300.0
O02428,P0133,40.0,
O02429,P0065,33.0,349400.0
O02429,P0101,41.0,
O02430,P0066,6.0,299300.0
O02430,P0092,20.0,341400.0
O02431,P0105,14.0,104200.0
O02431,P0027,30.0,488900.0
O02432,P0105,37.0,94000.0
O02432,P0070,,275200.0
O02433,P0118,47.0,406500.0
O02433,P0023,13.0,
O02433,P0088,28.0,53100.0
O02434,P0072,5.0,215300.0
O02434,P0112,23.0,321600.0
O02434,P0131,3.0,342700.0
O02435,P0049,7.0,139200.0
O02435,P0080,47.0,431300.0
O02436,P0054,15.0,329400.0
O02436,P0082,,282800.0
O02437,P0111,37.0,43900.0
O02437,P0034,18.0,270500.0
O02438,P0072,29.0,211200.0
O02438,P0096,3.0,170000.0
O02439,P0008,6.0,279300.0
O02439,P0112,49.0,
O02440,P0122,2.0,326700.0
O02440,P0139,44.0,386900.0
O02441,P0088,30.0,57000.0
O02441,P0118,21.0,374500.0
O02442,P0080,17.0,409800.0
O02442,P0076,10.0,48200.0
O02443,P0024,16.0,260500.0
O02443,P0065,11.0,320700.0
O02444,P0103,,339900.0
O02444,P0083,40.0,32400.0
O02444,P0122,21.0,384400.0
O02445,P0129,48.0,113500.0
O02445,P0150,26.0,16600.0
O02446,P0025,27.0,11700.0
O02446,P0033,40.0,422800.0
O02447,P0145,20.0,131900.0
O02447,P0082,33.0,268000.0
O02447,P0120,25.0,
O02448,P0127,28.0,137400.0
O02448,P0008,20.0,
O02448,P0112,34.0,337300.0
O02449,P0125,18.0,174400.0
O02449,P0080,34.0,381300.0
O02450,P0078,15.0,471500.0
O02450,P0121,46.0,15400.0
O02451,P0070,38.0,342200.0
O02451,P0113,40.0,311100.0
O02452,P0028,26.0,242400.0
O02452,P0095,42.0,220400.0
O02452,P0041,39.0,493200.0
O02453,P0025,13.0,10200.0
O02453,P0088,,54300.0
O02454,P0073,50.0,68500.0
O02454,P0028,20.0,289800.0
O02455,P0131,47.0,330300.0
O02455,P0013,37.0,99600.0
O02456,P0043,29.0,61200.0
O02456,P0016,25.0,223100.0
O02457,P0089,47.0,
O02457,P0050,23.0,433500.0
O02458,P0046,18.0,384700.0
O02458,P0132,2.0,373300.0
O02459,P0135,39.0,382800.0
O02459,P0002,,332100.0
O02460,P0105,31.0,105300.0
O02460,P0101,12.0,75600.0
O02461,P0058,27.0,422400.0
O02461,P0134,39.0,358500.0
O02462,P0016,29.0,264200.0
O02462,P0102,34.0,174900.0
O02463,P0108,47.0,
O02463,P0037,21.0,227000.0
O02464,P0030,30.0,179700.0
O02464,P0114,8.0,267800.0
O02465,P0007,5.0,410800.0
O02465,P0033,28.0,478800.0
O02466,P0057,6.0,27900.0
O02466,P0134,2.0,
O02467,P0137,34.0,450100.0
O02467,P0135,11.0,329600.0
O02468,P0055,,474900.0
O02468,P0017,26.0,320200.0
O02469,P0144,36.0,35800.0
O02469,P0006,32.0,324600.0
O02470,P0063,3.0,240700.0
O02470,P0133,,222200.0
O02471,P0031,4.0,68100.0
O02471,P0076,-5.0,49600.0
O02471,P0057,,21900.0
O02472,P0120,39.0,170800.0
O02472,P0114,26.0,268300.0
O02473,P0075,37.0,477700.0
O02473,P0120,18.0,146400.0
O02474,P0077,24.0,86900.0
O02474,P0028,47.0,290700.0
O02475,P0119,13.0,79000.0
O02475,P0095,46.0,267500.0
O02476,P0100,21.0,67300.0
O02476,P0017,35.0,346200.0
O02477,P0054,46.0,361400.0
O02477,P0082,4.0,269000.0
O02478,P0003,23.0,493700.0
O02478,P0118,45.0,394200.0
O02479,P0087,18.0,202100.0
O02479,P0124,6.0,220600.0
O02480,P0007,38.0,364500.0
O02480,P0107,2.0,491800.0
O02481,P0007,38.0,361300.0
O02481,P0138,20.0,65300.0
O02481,P0034,50.0,305800.0
O02482,P0019,2.0,147000.0
O02482,P0071,14.0,370300.0
O02483,P0137,-30.0,421700.0
O02483,P0043,-1.0,
O02483,P0118,27.0,330400.0
O02484,P0123,38.0,234400.0
O02484,P0029,20.0,468300.0
O02485,P0082,9.0,309400.0
O02485,P0092,41.0,382000.0
O02485,P0087,,217400.0
O02486,P0038,34.0,
O02486,P0107,31.0,512700.0
O02486,P0027,35.0,481500.0
O02487,P0010,33.0,180100.0
O02487,P0045,14.0,77500.0
O02488,P0101,39.0,82500.0
O02488,P0103,33.0,
O02489,P0113,36.0,347500.0
O02489,P0106,39.0,431900.0
O02490,P0014,29.0,306600.0
O02490,P0056,,338900.0
O02490,P0039,7.0,305900.0
O02491,P0006,36.0,317900.0
O02491,P0049,40.0,145200.0
O02492,P0025,2.0,12200.0
O02492,P0075,5.0,495000.0
O02492,P0021,18.0,29600.0
O02493,P0023,39.0,161000.0
O02493,P0067,20.0,51800.0
O02494,P0123,14.0,246200.0
O02494,P0103,4.0,284600.0
O02495,P0054,20.0,315700.0
O02495,P0093,30.0,143200.0
O02496,P0079,,462200.0
O02496,P0042,23.0,198100.0
O02497,P0013,45.0,108200.0
O02497,P0071,36.0,340800.0
O02498,P0080,48.0,398000.0
O02498,P0059,38.0,404500.0
O02499,P0120,24.0,190400.0
O02499,P0084,13.0,25600.0
O02499,P0104,28.0,212800.0
O02500,P0079,40.0,370600.0
O02500,P0030,,178900.0
O02501,P0053,26.0,109200.0
O02501,P0059,9.0,421900.0
O02502,P0129,43.0,128900.0
O02502,P0062,46.0,119200.0
O02503,P0146,39.0,346900.0
O02503,P0131,30.0,
O02504,P0133,,172700.0
O02504,P0010,3.0,180600.0
O02505,P0063,25.0,183000.0
O02505,P0052,3.0,480900.0
O02505,P0032,20.0,286700.0
O02506,P0077,40.0,94300.0
O02506,P0060,19.0,271400.0
O02507,P0006,30.0,
O02507,P0118,46.0,395700.0
O02508,P0100,50.0,
O02508,P0048,9.0,492200.0
O02509,P0089,40.0,322100.0
O02509,P0077,23.0,87800.0
O02510,P0085,3.0,225700.0
O02510,P0005,20.0,479200.0
O02511,P0015,37.0,
O02511,P0094,,32400.0
O02512,P0035,39.0,283800.0
O02512,P0085,50.0,212900.0
O02513,P0113,33.0,383900.0
O02513,P0042,12.0,
O02514,P0036,29.0,83700.0
O02514,P0136,,336900.0
O02515,P0087,13.0,192100.0
O02515,P0015,3.0,406000.0
O02516,P0083,5.0,41100.0
O02516,P0043,9.0,56600.0
O02517,P0080,19.0,410300.0
O02517,P0126,50.0,172300.0
O02518,P0007,34.0,363100.0
O02518,P0142,6.0,197500.0
O02519,P0031,3.0,72200.0
O02519,P0001,27.0,373100.0
O02520,P0037,8.0,191900.0
O02520,P0001,9.0,415000.0
O02521,P0113,35.0,383600.0
O02521,P0092,28.0,327000.0
O02522,P0127,45.0,113500.0
O02522,P0136,27.0,340900.0
O02523,P0117,24.0,427300.0
O02523,P0059,34.0,450000.0
O02524,P0139,35.0,371500.0
O02524,P0014,33.0,302100.0
O02525,P0063,49.0,203900.0
O02525,P0135,34.0,337400.0
O02526,P0064,8.0,101700.0
O02526,P0146,49.0,422900.0
O02527,P0106,37.0,478900.0
O02527,P0016,28.0,222200.0
O02528,P0129,35.0,122800.0
O02528,P0007,,369900.0
O02529,P0048,16.0,456500.0
O02529,P0138,-13.0,77000.0
O02530,P0095,23.0,232800.0
O02530,P0074,30.0,130500.0
O02531,P0126,35.0,188300.0
O02531,P0137,36.0,417400.0
O02532,P0056,,359600.0
O02532,P0113,37.0,388700.0
O02532,P0090,13.0,
O02533,P0076,40.0,
O02533,P0144,44.0,29500.0
O02534,P0094,19.0,28800.0
O02534,P0101,28.0,82900.0
O02535,P0086,4.0,123600.0
O02535,P0083,19.0,34700.0
O02536,P0046,12.0,454600.0
O02536,P0041,37.0,507800.0
O02537,P0049,30.0,133300.0
O02537,P0015,15.0,357100.0
O02538,P0085,25.0,244900.0
O02538,P0119,35.0,80000.0
O02538,P0097,21.0,96200.0
O02539,P0052,5.0,409200.0
O02539,P0070,10.0,341500.0
O02540,P0139,47.0,387100.0
O02540,P0114,45.0,244500.0
O02541,P0017,,278600.0
O02541,P0080,45.0,389000.0
O02542,P0086,10.0,
O02542,P0020,45.0,219200.0
O02542,P0066,4.0,336900.0
O02543,P0082,28.0,280500.0
O02543,P0096,25.0,153400.0
O02544,P0052,29.0,
O02544,P0097,3.0,91100.0
O02545,P0111,23.0,36500.0
O02545,P0132,33.0,441400.0
O02546,P0071,21.0,417100.0
O02546,P0006,20.0,352600.0
O02547,P0042,-10.0,211700.0
O02547,P0069,49.0,180100.0
O02548,P0040,39.0,16700.0
O02548,P0073,2.0,69700.0
O02549,P0005,46.0,522200.0
O02549,P0073,7.0,59700.0
O02550,P0122,40.0,372200.0
O02550,P0070,41.0,275700.0
O02550,P0058,31.0,402000.0
O02551,P0108,2.0,346400.0
O02551,P0144,46.0,34300.0
O02552,P0022,20.0,229100.0
O02552,P0057,43.0,29000.0
O02553,P0135,6.0,327800.0
O02553,P0026,45.0,257800.0
O02553,P0133,2.0,213800.0
O02554,P0093,39.0,153900.0
O02554,P0110,3.0,340500.0
O02555,P0097,5.0,85300.0
O02555,P0050,9.0,368000.0
O02555,P0083,12.0,32600.0
O02556,P0060,17.0,226800.0
O02556,P0008,49.0,263200.0
O02557,P0054,16.0,323300.0
O02557,P0055,46.0,492400.0
O02557,P0028,48.0,245800.0
O02558,P0042,22.0,187600.0
O02558,P0096,18.0,162800.0
O02559,P0049,16.0,134800.0
O02559,P0068,20.0,28900.0
O02560,P0123,5.0,218100.0
O02560,P0067,33.0,51200.0
O02561,P0057,14.0,23700.0
O02561,P0059,40.0,388300.0
O02562,P0114,47.0,235400.0
O02562,P0072,39.0,175700.0
O02563,P0009,14.0,341100.0
O02563,P0042,27.0,203200.0
O02564,P0040,12.0,18600.0
O02564,P0039,1.0,318400.0
O02565,P0020,19.0,272100.0
O02565,P0038,33.0,328700.0
O02566,P0030,39.0,171500.0
O02566,P0061,21.0,
O02567,P0008,20.0,243900.0
O02567,P0104,29.0,192400.0
O02568,P0101,25.0,84300.0
O02568,P0132,19.0,411400.0
O02569,P0147,15.0,202800.0
O02569,P0143,14.0,206300.0
O02570,P0137,31.0,460800.0
O02570,P0090,20.0,386900.0
O02571,P0034,35.0,280300.0
O02571,P0149,3.0,81200.0
O02572,P0014,32.0,291100.0
O02572,P0043,9.0,52000.0
O02573,P0036,18.0,95200.0
O02573,P0005,29.0,531100.0
O02574,P0126,44.0,216600.0
O02574,P0107,35.0,391900.0
O02574,P0009,11.0,388500.0
O02575,P0119,49.0,101300.0
O02575,P0103,45.0,260500.0
O02575,P0112,47.0,321300.0
O02576,P0092,44.0,397000.0
O02576,P0012,38.0,362500.0
O02577,P0016,2.0,277400.0
O02577,P0031,47.0,80000.0
O02578,P0091,27.0,177400.0
O02578,P0146,21.0,393900.0
O02579,P0147,43.0,204100.0
O02579,P0104,12.0,192300.0
O02579,P0004,36.0,343600.0
O02580,P0005,30.0,480300.0
O02580,P0149,33.0,83000.0
O02581,P0068,6.0,26100.0
O02581,P0074,22.0,110000.0
O02582,P0044,28.0,73700.0
O02582,P0112,7.0,370500.0
O02583,P0132,21.0,430400.0
O02583,P0003,37.0,403300.0
O02584,P0058,8.0,468400.0
O02584,P0093,-3.0,177700.0
O02585,P0054,22.0,371200.0
O02585,P0085,4.0,259200.0
O02585,P0036,7.0,96000.0
O02586,P0126,40.0,199800.0
O02586,P0132,-1.0,376100.0
O02587,P0115,15.0,139800.0
O02587,P0049,4.0,142300.0
O02587,P0084,15.0,25400.0
O02588,P0104,24.0,207700.0
O02588,P0075,49.0,472100.0
O02589,P0082,-19.0,276000.0
O02589,P0050,43.0,393800.0
O02590,P0092,35.0,367600.0
O02590,P0143,44.0,237300.0
O02591,P0006,9.0,269200.0
O02591,P0079,6.0,455000.0
O02592,P0017,23.0,328100.0
O02592,P0091,35.0,142800.0
O02593,P0037,44.0,191500.0
O02593,P0048,30.0,454100.0
O02594,P0103,,330500.0
O02594,P0116,33.0,506000.0
O02595,P0150,46.0,15200.0
O02595,P0021,27.0,31600.0
O02596,P0101,3.0,80200.0
O02596,P0009,10.0,313700.0
O02596,P0150,32.0,17800.0
O02597,P0112,22.0,358600.0
O02597,P0123,43.0,253200.0
O02597,P0079,,391200.0
O02598,P0144,2.0,34200.0
O02598,P0027,45.0,412500.0
O02599,P0041,27.0,536800.0
O02599,P0119,27.0,91000.0
O02600,P0089,25.0,392200.0
O02600,P0068,26.0,24000.0
O02601,P0142,48.0,165000.0
O02601,P0015,22.0,
O02602,P0105,49.0,114800.0
O02602,P0062,41.0,127100.0
O02603,P0089,18.0,384200.0
O02603,P0149,37.0,95400.0
O02604,P0120,4.0,
O02604,P0052,3.0,433900.0
O02605,P0045,11.0,71400.0
O02605,P0073,41.0,55300.0
O02606,P0111,1.0,40200.0
O02606,P0044,27.0,75800.0
O02607,P0132,41.0,423500.0
O02607,P0116,26.0,396200.0
O02608,P0142,8.0,204200.0
O02608,P0088,3.0,60400.0
O02608,P0109,29.0,458800.0
O02609,P0002,6.0,360700.0
O02609,P0054,42.0,347000.0
O02610,P0077,15.0,
O02610,P0015,24.0,452600.0
O02611,P0105,24.0,109600.0
O02611,P0047,40.0,240800.0
O02612,P0033,8.0,393500.0
O02612,P0144,46.0,32400.0
O02613,P0070,,305300.0
O02613,P0071,38.0,406100.0
O02613,P0027,2.0,486700.0
O02614,P0140,38.0,121200.0
O02614,P0067,32.0,48400.0
O02615,P0053,24.0,115700.0
O02615,P0040,38.0,16900.0
O02616,P0112,9.0,416500.0
O02616,P0046,29.0,417600.0
O02617,P0083,37.0,40900.0
O02617,P0060,28.0,227900.0
O02618,P0033,15.0,482800.0
O02618,P0145,39.0,117400.0
O02619,P0144,23.0,33800.0
O02619,P0139,18.0,451200.0
O02620,P0066,9.0,360500.0
O02620,P0127,4.0,121500.0
O02620,P0023,5.0,146300.0
O02621,P0043,12.0,65500.0
O02621,P0085,18.0,207200.0
O02621,P0048,37.0,
O02622,P0106,29.0,451700.0
O02622,P0021,10.0,32300.0
O02623,P0135,14.0,354900.0
O02623,P0011,28.0,46700.0
O02624,P0084,11.0,25100.0
O02624,P0130,13.0,331400.0
O02625,P0066,,304000.0
O02625,P0133,42.0,170500.0
O02626,P0001,35.0,377300.0
O02626,P0041,45.0,461900.0
O02626,P0048,36.0,369500.0
O02627,P0076,20.0,41100.0
O02627,P0016,42.0,280100.0
O02627,P0053,22.0,133900.0
O02628,P0143,37.0,194600.0
O02628,P0085,31.0,231200.0
O02629,P0133,,213100.0
O02629,P0084,18.0,21100.0
O02630,P0053,15.0,126100.0
O02630,P0006,31.0,333600.0
O02631,P0111,26.0,43900.0
O02631,P0059,,441000.0
O02632,P0148,16.0,250600.0
O02632,P0033,33.0,383100.0
O02633,P0124,17.0,247200.0
O02633,P0118,29.0,366400.0
O02634,P0002,15.0,345000.0
O02634,P0053,41.0,129500.0
O02634,P0095,41.0,247300.0
O02635,P0026,25.0,256500.0
O02635,P0078,,516600.0
O02635,P0115,7.0,160900.0
O02636,P0083,37.0,39000.0
O02636,P0080,9.0,464400.0
O02637,P0146,16.0,
O02637,P0116,,389600.0
O02637,P0115,8.0,172400.0
O02638,P0139,26.0,357600.0
O02638,P0035,50.0,278600.0
O02639,P0025,,9600.0
O02639,P0033,37.0,362800.0
O02640,P0093,37.0,185400.0
O02640,P0129,19.0,137300.0
O02641,P0080,31.0,
O02641,P0061,41.0,509400.0
O02642,P0050,46.0,
O02642,P0056,28.0,394900.0
O02643,P0065,9.0,306200.0
O02643,P0132,23.0,374200.0
O02644,P0120,36.0,158700.0
O02644,P0073,45.0,62300.0
O02645,P0106,6.0,532500.0
O02645,P0110,44.0,307300.0
O02645,P0131,2.0,281000.0
O02646,P0083,44.0,41300.0
O02646,P0059,13.0,469000.0
O02647,P0130,,294000.0
O02647,P0034,45.0,333700.0
O02648,P0054,33.0,297400.0
O02648,P0024,14.0,247500.0
O02649,P0007,14.0,324900.0
O02649,P0149,13.0,77000.0
O02650,P0006,5.0,316600.0
O02650,P0002,46.0,304900.0
O02650,P0132,25.0,425300.0
O02651,P0083,43.0,35700.0
O02651,P0026,40.0,215700.0
O02652,P0133,20.0,183700.0
O02652,P0093,38.0,142500.0
O02652,P0036,23.0,81300.0
O02653,P0069,45.0,162800.0
O02653,P0129,33.0,115600.0
O02654,P0132,17.0,385700.0
O02654,P0039,47.0,341600.0
O02655,P0115,34.0,152300.0
O02655,P0150,17.0,17500.0
O02656,P0018,44.0,
O02656,P0122,25.0,323600.0
O02657,P0080,18.0,433500.0
O02657,P0126,33.0,184300.0
O02658,P0040,32.0,15900.0
O02658,P0039,45.0,331400.0
O02659,P0111,24.0,42700.0
O02659,P0027,,389800.0
O02660,P0107,38.0,409500.0
O02660,P0067,12.0,43900.0
O02661,P0072,39.0,178300.0
O02661,P0120,23.0,149500.0
O02662,P0021,28.0,28400.0
O02662,P0023,41.0,173700.0
O02663,P0002,26.0,369700.0
O02663,P0059,28.0,448400.0
O02664,P0113,37.0,329300.0
O02664,P0014,5.0,310500.0
O02665,P0119,10.0,96700.0
O02665,P0003,30.0,413800.0
O02666,P0144,42.0,30600.0
O02666,P0078,43.0,488200.0
O02666,P0052,36.0,436100.0
O02667,P0139,48.0,442500.0
O02667,P0001,45.0,428600.0
O02667,P0043,22.0,50500.0
O02668,P0134,25.0,379900.0
O02668,P0048,34.0,495400.0
O02669,P0140,50.0,144800.0
O02669,P0004,6.0,369800.0
O02670,P0135,45.0,402700.0
O02670,P0130,12.0,318700.0
O02670,P0145,6.0,133700.0
O02671,P0109,11.0,489400.0
O02671,P0034,46.0,298800.0
O02672,P0138,17.0,71300.0
O02672,P0095,2.0,218700.0
O02673,P0133,7.0,185700.0
O02673,P0117,46.0,396700.0
O02674,P0033,37.0,383300.0
O02674,P0045,49.0,75400.0
O02675,P0130,33.0,319000.0
O02675,P0042,,189100.0
O02676,P0075,9.0,423600.0
O02676,P0079,40.0,392200.0
O02677,P0125,8.0,177000.0
O02677,P0135,11.0,404600.0
O02678,P0148,9.0,
O02678,P0023,41.0,145700.0
O02678,P0081,29.0,464700.0
O02679,P0050,5.0,381100.0
O02679,P0038,45.0,
O02679,P0104,,193700.0
O02680,P0001,,433000.0
O02680,P0084,14.0,20300.0
O02681,P0098,5.0,408500.0
O02681,P0139,39.0,355600.0
O02682,P0016,45.0,251700.0
O02682,P0051,2.0,496200.0
O02683,P0024,46.0,296200.0
O02683,P0033,,438500.0
O02684,P0131,9.0,353700.0
O02684,P0041,26.0,455900.0
O02684,P0026,23.0,248700.0
O02685,P0067,46.0,57800.0
O02685,P0053,34.0,134400.0
O02686,P0002,10.0,301200.0
O02686,P0139,,408200.0
O02687,P0043,6.0,61500.0
O02687,P0024,,255100.0
O02688,P0003,44.0,540600.0
O02688,P0074,16.0,133800.0
O02689,P0060,,278400.0
O02689,P0065,40.0,372400.0
O02689,P0020,34.0,265200.0
O02690,P0064,49.0,97200.0
O02690,P0114,26.0,208500.0
O02691,P0124,20.0,213300.0
O02691,P0135,7.0,326100.0
O02692,P0057,47.0,25800.0
O02692,P0025,34.0,12400.0
O02692,P0085,22.0,237400.0
O02693,P0033,34.0,478500.0
O02693,P0068,6.0,23000.0
O02694,P0140,44.0,127100.0
O02694,P0047,9.0,199900.0
O02695,P0104,41.0,213900.0
O02695,P0022,46.0,214300.0
O02696,P0013,31.0,110800.0
O02696,P0017,27.0,307100.0
O02697,P0028,31.0,271800.0
O02697,P0115,22.0,156000.0
O02698,P0139,37.0,349800.0
O02698,P0020,2.0,250500.0
O02699,P0038,34.0,258200.0
O02699,P0003,25.0,474500.0
O02700,P0106,21.0,420500.0
O02700,P0041,18.0,471000.0
O02701,P0111,,48400.0
O02701,P0012,,405400.0
O02702,P0070,16.0,269700.0
O02702,P0012,13.0,360100.0
O02703,P0011,43.0,47300.0
O02703,P0042,12.0,209600.0
O02704,P0099,48.0,157400.0
O02704,P0037,35.0,230200.0
O02705,P0047,9.0,195600.0
O02705,P0075,32.0,376900.0
O02706,P0014,25.0,300400.0
O02706,P0040,48.0,15300.0
O02706,P0029,,
O02707,P0116,15.0,
O02707,P0040,20.0,18200.0
O02707,P0149,,71900.0
O02708,P0068,24.0,30600.0
O02708,P0010,18.0,220000.0
O02709,P0042,8.0,174000.0
O02709,P0113,41.0,368400.0
O02710,P0067,36.0,47000.0
O02710,P0118,13.0,
O02711,P0105,38.0,90200.0
O02711,P0084,5.0,25900.0
O02711,P0031,3.0,70000.0
O02712,P0143,50.0,224000.0
O02712,P0017,41.0,320700.0
O02713,P0022,2.0,233100.0
O02713,P0045,48.0,77900.0
O02714,P0103,10.0,269800.0
O02714,P0038,45.0,277100.0
O02715,P0095,31.0,211300.0
O02715,P0072,,196600.0
O02716,P0111,,36100.0
O02716,P0042,35.0,195600.0
O02717,P0029,20.0,427600.0
O02717,P0126,48.0,216100.0
O02718,P0017,19.0,326400.0
O02718,P0063,11.0,224300.0
O02719,P0084,9.0,25800.0
O02719,P0032,29.0,356300.0
O02720,P0016,20.0,
O02720,P0004,46.0,338400.0
O02721,P0042,-42.0,202100.0
O02721,P0059,3.0,448900.0
O02721,P0019,10.0,117200.0
O02722,P0027,45.0,513200.0
O02722,P0138,8.0,70200.0
O02723,P0071,47.0,416100.0
O02723,P0078,23.0,408900.0
O02724,P0120,9.0,145400.0
O02724,P0131,,348900.0
O02725,P0039,6.0,296200.0
O02725,P0083,41.0,34500.0
O02725,P0048,10.0,492200.0
O02726,P0063,40.0,236900.0
O02726,P0008,28.0,260000.0
O02727,P0051,38.0,378500.0
O02727,P0134,6.0,387200.0
O02728,P0042,8.0,198000.0
O02728,P0076,4.0,39600.0
O02729,P0038,1.0,303900.0
O02729,P0065,,388200.0
O02730,P0121,6.0,13700.0
O02730,P0004,2.0,369500.0
O02731,P0039,18.0,355100.0
O02731,P0100,22.0,71000.0
O02732,P0118,33.0,345400.0
O02732,P0003,29.0,
O02733,P0109,,415800.0
O02733,P0039,48.0,316700.0
O02734,P0091,28.0,173700.0
O02734,P0035,40.0,318100.0
O02734,P0040,7.0,15400.0
O02735,P0062,6.0,111700.0
O02735,P0079,,428500.0
O02736,P0006,36.0,273000.0
O02736,P0107,1.0,401700.0
O02737,P0132,46.0,367500.0
O02737,P0038,33.0,254000.0
O02737,P0138,12.0,61400.0
O02738,P0116,48.0,388500.0
O02738,P0065,48.0,332200.0
O02739,P0067,13.0,53900.0
O02739,P0015,41.0,441300.0
O02740,P0069,32.0,204800.0
O02740,P0047,16.0,233700.0
O02741,P0037,20.0,209800.0
O02741,P0116,17.0,384600.0
O02741,P0096,50.0,142400.0
O02742,P0148,,258100.0
O02742,P0029,,395000.0
O02742,P0006,36.0,321700.0
O02743,P0097,43.0,94000.0
O02743,P0141,20.0,42900.0
O02744,P0105,7.0,
O02744,P0080,11.0,382400.0
O02745,P0112,6.0,415700.0
O02745,P0091,41.0,
O02746,P0047,41.0,211000.0
O02746,P0041,13.0,425000.0
O02747,P0042,50.0,184000.0
O02747,P0085,9.0,238400.0
O02748,P0074,25.0,104100.0
O02748,P0094,31.0,34200.0
O02749,P0097,30.0,106800.0
O02749,P0020,47.0,218300.0
O02750,P0012,-22.0,403100.0
O02750,P0124,21.0,252400.0
O02751,P0044,25.0,92000.0
O02751,P0072,14.0,218600.0
O02751,P0055,4.0,462100.0
O02752,P0122,,386500.0
O02752,P0030,32.0,197900.0
O02753,P0029,34.0,453000.0
O02753,P0090,3.0,407600.0
O02753,P0052,42.0,438100.0
O02754,P0115,14.0,167600.0
O02754,P0074,9.0,106300.0
O02755,P0127,24.0,129300.0
O02755,P0117,3.0,374700.0
O02756,P0066,26.0,326100.0
O02756,P0018,18.0,181000.0
O02757,P0001,13.0,360300.0
O02757,P0025,19.0,11500.0
O02758,P0091,5.0,156500.0
O02758,P0148,26.0,294700.0
O02759,P0068,3.0,27100.0
O02759,P0022,23.0,224500.0
O02760,P0060,1.0,217700.0
O02760,P0087,38.0,190500.0
O02761,P0073,26.0,62700.0
O02761,P0093,34.0,187600.0
O02762,P0133,44.0,206300.0
O02762,P0108,-28.0,339500.0
O02763,P0092,12.0,375000.0
O02763,P0069,8.0,177500.0
O02764,P0058,39.0,
O02764,P0033,47.0,484300.0
O02765,P0126,5.0,173000.0
O02765,P0087,31.0,193500.0
O02766,P0105,17.0,101100.0
O02766,P0134,24.0,422700.0
O02767,P0143,18.0,241500.0
O02767,P0084,48.0,20300.0
O02768,P0069,16.0,172400.0
O02768,P0062,17.0,100000.0
O02769,P0139,17.0,408100.0
O02769,P0143,45.0,196200.0
O02770,P0045,,82900.0
O02770,P0053,48.0,124400.0
O02771,P0084,1.0,25000.0
O02771,P0040,49.0,19000.0
O02772,P0017,49.0,321100.0
O02772,P0098,3.0,
O02773,P0063,25.0,209300.0
O02773,P0094,,34700.0
O02774,P0056,18.0,322900.0
O02774,P0121,46.0,13100.0
O02775,P0061,28.0,400500.0
O02775,P0038,18.0,331400.0
O02775,P0145,46.0,132900.0
O02776,P0140,35.0,110700.0
O02776,P0133,43.0,179800.0
O02777,P0001,31.0,435800.0
O02777,P0063,28.0,241100.0
O02777,P0083,12.0,40800.0
O02778,P0015,11.0,379400.0
O02778,P0089,5.0,329000.0
O02779,P0073,10.0,68200.0
O02779,P0060,-20.0,217800.0
O02780,P0002,16.0,353100.0
O02780,P0052,42.0,535600.0
O02780,P0109,13.0,485100.0
O02781,P0138,35.0,74100.0
O02781,P0125,26.0,191800.0
O02782,P0060,42.0,265300.0
O02782,P0113,24.0,339400.0
O02782,P0130,23.0,290100.0
O02783,P0146,24.0,345700.0
O02783,P0005,46.0,423000.0
O02784,P0128,30.0,90600.0
O02784,P0100,,78300.0
O02785,P0057,40.0,25700.0
O02785,P0149,17.0,96800.0
O02786,P0122,10.0,406200.0
O02786,P0009,43.0,317700.0
O02787,P0083,33.0,40500.0
O02787,P0141,38.0,46200.0
O02788,P0040,46.0,17600.0
O02788,P0014,18.0,260800.0
O02789,P0017,35.0,316700.0
O02789,P0042,8.0,192200.0
O02790,P0107,48.0,459500.0
O02790,P0066,23.0,299600.0
O02791,P0147,4.0,206900.0
O02791,P0064,23.0,117900.0
O02792,P0078,1.0,441100.0
O02792,P0047,13.0,242700.0
O02793,P0047,5.0,208700.0
O02793,P0088,9.0,52000.0
O02794,P0113,15.0,402700.0
O02794,P0098,-40.0,477000.0
O02795,P0039,40.0,366000.0
O02795,P0063,17.0,200500.0
O02796,P0129,41.0,111900.0
O02796,P0082,48.0,265800.0
O02796,P0040,38.0,18700.0
O02797,P0023,8.0,154700.0
O02797,P0062,20.0,120600.0
O02798,P0137,45.0,431900.0
O02798,P0073,10.0,52400.0
O02799,P0053,8.0,101600.0
O02799,P0131,10.0,352000.0
O02800,P0132,14.0,439100.0
O02800,P0077,29.0,76500.0
O02801,P0062,31.0,103400.0
O02801,P0135,46.0,323300.0
O02802,P0093,24.0,150100.0
O02802,P0030,47.0,157900.0
O02803,P0008,1.0,243000.0
O02803,P0060,12.0,270000.0
O02804,P0079,22.0,374000.0
O02804,P0047,30.0,253500.0
O02805,P0113,30.0,361300.0
O02805,P0134,13.0,422000.0
O02806,P0111,7.0,42600.0
O02806,P0124,16.0,272400.0
O02806,P0067,10.0,51100.0
O02807,P0127,39.0,151700.0
O02807,P0011,46.0,53600.0
O02808,P0078,36.0,435900.0
O02808,P0002,47.0,342300.0
O02809,P0022,7.0,232900.0
O02809,P0124,21.0,225400.0
O02810,P0135,41.0,368600.0
O02810,P0120,38.0,181300.0
O02811,P0082,4.0,256000.0
O02811,P0001,49.0,390500.0
O02812,P0081,28.0,352800.0
O02812,P0073,35.0,59900.0
O02813,P0134,34.0,439100.0
O02813,P0044,43.0,94100.0
O02814,P0131,5.0,305000.0
O02814,P0056,32.0,371000.0
O02815,P0138,29.0,69900.0
O02815,P0144,18.0,33000.0
O02816,P0090,23.0,361100.0
O02816,P0052,2.0,500100.0
O02816,P0018,,180000.0
O02817,P0068,16.0,27900.0
O02817,P0118,45.0,357200.0
O02818,P0037,4.0,219600.0
O02818,P0007,32.0,414100.0
O02819,P0042,16.0,190200.0
O02819,P0147,38.0,238400.0
O02820,P0016,8.0,
O02820,P0129,16.0,122800.0
O02821,P0113,3.0,404200.0
O02821,P0080,24.0,491200.0
O02822,P0080,3.0,460000.0
O02822,P0026,39.0,260400.0
O02822,P0023,45.0,179200.0
O02823,P0093,38.0,144900.0
O02823,P0083,39.0,38600.0
O02824,P0050,20.0,404000.0
O02824,P0080,40.0,418700.0
O02824,P0137,14.0,430300.0
O02825,P0021,18.0,28500.0
O02825,P0097,5.0,
O02826,P0022,45.0,207900.0
O02826,P0097,44.0,
O02827,P0047,32.0,198300.0
O02827,P0068,9.0,30700.0
O02827,P0092,27.0,325500.0
O02828,P0060,32.0,278700.0
O02828,P0131,34.0,297300.0
O02829,P0021,15.0,33200.0
O02829,P0122,21.0,362800.0
O02830,P0035,10.0,311700.0
O02830,P0065,32.0,314500.0
O02831,P0130,7.0,361700.0
O02831,P0012,19.0,456900.0
O02831,P0105,46.0,114000.0
O02832,P0088,50.0,55500.0
O02832,P0103,24.0,286900.0
O02833,P0020,3.0,247800.0
O02833,P0102,50.0,198800.0
O02834,P0030,47.0,188900.0
O02834,P0009,39.0,334700.0
O02835,P0132,,403700.0
O02835,P0130,9.0,310800.0
O02835,P0100,41.0,61900.0
O02836,P0018,7.0,170300.0
O02836,P0104,33.0,180700.0
O02837,P0096,42.0,153900.0
O02837,P0150,5.0,
O02838,P0095,6.0,274100.0
O02838,P0096,21.0,139500.0
O02839,P0121,23.0,13200.0
O02839,P0007,38.0,
O02840,P0095,45.0,247100.0
O02840,P0069,39.0,173500.0
O02841,P0081,18.0,403900.0
O02841,P0141,10.0,51400.0
O02842,P0118,48.0,420700.0
O02842,P0077,9.0,76100.0
O02842,P0096,,139800.0
O02843,P0106,41.0,527600.0
O02843,P0104,45.0,186000.0
O02844,P0052,10.0,499000.0
O02844,P0044,,92300.0
O02845,P0007,26.0,331100.0
O02845,P0037,9.0,242600.0
O02845,P0129,29.0,115600.0
O02846,P0026,46.0,259400.0
O02846,P0055,18.0,522000.0
O02847,P0080,14.0,448900.0
O02847,P0132,24.0,366300.0
O02847,P0062,19.0,
O02848,P0125,22.0,162400.0
O02848,P0084,25.0,19800.0
O02848,P0039,29.0,317600.0
O02849,P0050,22.0,408800.0
O02849,P0028,7.0,285800.0
O02850,P0047,1.0,226500.0
O02850,P0011,37.0,51900.0
O02851,P0104,11.0,201600.0
O02851,P0096,49.0,156000.0
O02852,P0075,23.0,477700.0
O02852,P0042,11.0,209100.0
O02852,P0107,38.0,432500.0
O02853,P0062,,109700.0
O02853,P0089,5.0,328900.0
O02853,P0114,42.0,248100.0
O02854,P0143,23.0,246000.0
O02854,P0077,16.0,72400.0
O02855,P0126,1.0,201800.0
O02855,P0013,2.0,92800.0
O02855,P0109,,432600.0
O02856,P0110,49.0,290400.0
O02856,P0023,39.0,141200.0
O02857,P0019,27.0,136700.0
O02857,P0025,48.0,11800.0
O02858,P0127,36.0,151800.0
O02858,P0070,44.0,258900.0
O02859,P0072,43.0,182800.0
O02859,P0150,45.0,17700.0
O02859,P0137,39.0,
O02860,P0103,35.0,286800.0
O02860,P0123,31.0,246500.0
O02860,P0003,,483800.0
O02861,P0131,11.0,279300.0
O02861,P0039,10.0,313800.0
O02862,P0140,1.0,118900.0
O02862,P0080,45.0,455400.0
O02863,P0045,25.0,65100.0
O02863,P0064,35.0,120700.0
O02864,P0103,12.0,303800.0
O02864,P0001,11.0,352900.0
O02865,P0070,34.0,277300.0
O02865,P0094,30.0,34900.0
O02865,P0046,-40.0,392000.0
O02866,P0120,41.0,165300.0
O02866,P0122,-40.0,336000.0
O02867,P0082,9.0,285500.0
O02867,P0118,41.0,430100.0
O02867,P0022,32.0,188100.0
O02868,P0093,,188800.0
O02868,P0138,36.0,68100.0
O02869,P0041,39.0,487600.0
O02869,P0085,9.0,240500.0
O02870,P0125,,191700.0
O02870,P0044,41.0,73700.0
O02871,P0021,50.0,27500.0
O02871,P0054,24.0,385900.0
O02872,P0092,2.0,336000.0
O02872,P0087,49.0,181400.0
O02873,P0093,46.0,165100.0
O02873,P0078,23.0,464600.0
O02874,P0073,1.0,54100.0
O02874,P0127,45.0,115200.0
O02874,P0058,31.0,397200.0
O02875,P0022,31.0,
O02875,P0089,13.0,314400.0
O02876,P0075,3.0,423500.0
O02876,P0052,20.0,524300.0
O02877,P0050,25.0,431700.0
O02877,P0078,21.0,502000.0
O02877,P0114,10.0,243300.0
O02878,P0113,31.0,
O02878,P0070,15.0,276000.0
O02879,P0127,,141900.0
O02879,P0081,31.0,466500.0
O02880,P0097,11.0,83900.0
O02880,P0018,3.0,179400.0
O02881,P0114,39.0,203800.0
O02881,P0145,13.0,101500.0
O02882,P0136,22.0,277100.0
O02882,P0108,1.0,334600.0
O02883,P0117,32.0,448500.0
O02883,P0055,5.0,437800.0
O02884,P0064,34.0,113900.0
O02884,P0135,45.0,383100.0
O02885,P0146,35.0,412600.0
O02885,P0126,28.0,218600.0
O02886,P0106,35.0,539900.0
O02886,P0081,42.0,417800.0
O02887,P0101,48.0,75900.0
O02887,P0013,33.0,112500.0
O02888,P0075,8.0,480200.0
O02888,P0051,35.0,393100.0
O02888,P0072,14.0,200800.0
O02889,P0081,24.0,444900.0
O02889,P0035,37.0,359800.0
O02890,P0109,15.0,382900.0
O02890,P0007,44.0,368100.0
O02891,P0077,19.0,
O02891,P0011,43.0,57600.0
O02891,P0069,32.0,164200.0
O02892,P0050,50.0,387900.0
O02892,P0022,7.0,233900.0
O02893,P0105,42.0,106300.0
O02893,P0046,38.0,448700.0
O02894,P0103,5.0,329400.0
O02894,P0115,24.0,128800.0
O02895,P0150,,15000.0
O02895,P0124,,253500.0
O02896,P0060,34.0,269200.0
O02896,P0086,11.0,146400.0
O02897,P0119,18.0,78600.0
O02897,P0104,35.0,213900.0
O02898,P0085,,232600.0
O02898,P0010,49.0,211000.0
O02899,P0031,48.0,78000.0
O02899,P0071,28.0,422700.0
O02900,P0022,9.0,225600.0
O02900,P0120,4.0,183300.0
O02901,P0137,37.0,450900.0
O02901,P0052,31.0,517200.0
O02902,P0110,35.0,347100.0
O02902,P0047,4.0,
O02902,P0004,18.0,298900.0
O02903,P0076,9.0,39700.0
O02903,P0111,44.0,41200.0
O02904,P0111,29.0,43000.0
O02904,P0083,30.0,36500.0
O02905,P0038,46.0,
O02905,P0103,34.0,300100.0
O02905,P0066,20.0,313100.0
O02906,P0014,8.0,296300.0
O02906,P0050,38.0,360500.0
O02907,P0058,34.0,451900.0
O02907,P0099,28.0,174200.0
O02908,P0130,38.0,296300.0
O02908,P0114,,229900.0
O02908,P0030,34.0,154700.0
O02909,P0001,45.0,372200.0
O02909,P0051,49.0,485100.0
O02910,P0051,37.0,448800.0
O02910,P0111,13.0,46900.0
O02910,P0130,22.0,348100.0
O02911,P0118,2.0,415300.0
O02911,P0003,21.0,480100.0
O02912,P0123,25.0,209300.0
O02912,P0145,34.0,105700.0
O02913,P0060,42.0,216000.0
O02913,P0088,23.0,61500.0
O02914,P0095,25.0,236300.0
O02914,P0025,21.0,11700.0
O02915,P0065,23.0,
O02915,P0139,38.0,402300.0
O02916,P0074,39.0,107100.0
O02916,P0134,48.0,381500.0
O02917,P0021,,36700.0
O02917,P0024,8.0,305500.0
O02917,P0121,26.0,14500.0
O02918,P0054,36.0,381400.0
O02918,P0010,32.0,223700.0
O02919,P0108,41.0,397300.0
O02919,P0079,47.0,478200.0
O02920,P0089,26.0,382400.0
O02920,P0037,27.0,211100.0
O02920,P0057,14.0,23600.0
O02921,P0062,13.0,100000.0
O02921,P0078,47.0,404600.0
O02921,P0126,42.0,183700.0
O02922,P0053,48.0,121100.0
O02922,P0072,,208200.0
O02922,P0069,1.0,178700.0
O02923,P0046,48.0,478200.0
O02923,P0139,40.0,411900.0
O02924,P0148,7.0,255600.0
O02924,P0011,42.0,48100.0
O02925,P0009,49.0,328800.0
O02925,P0098,,441500.0
O02926,P0068,1.0,23600.0
O02926,P0094,34.0,35100.0
O02927,P0129,8.0,125300.0
O02927,P0073,3.0,63000.0
O02927,P0079,3.0,414000.0
O02928,P0011,5.0,46900.0
O02928,P0142,13.0,163200.0
O02929,P0062,11.0,109700.0
O02929,P0039,23.0,295200.0
O02929,P0064,50.0,100800.0
O02930,P0092,23.0,324700.0
O02930,P0083,30.0,40800.0
O02931,P0119,39.0,94600.0
O02931,P0032,19.0,337600.0
O02932,P0137,31.0,497700.0
O02932,P0041,6.0,542300.0
O02932,P0082,14.0,263000.0
O02933,P0098,48.0,461200.0
O02933,P0050,,321300.0
O02934,P0017,8.0,
O02934,P0091,31.0,154500.0
O02935,P0060,8.0,240300.0
O02935,P0140,,124800.0
O02935,P0109,1.0,447300.0
O02936,P0120,48.0,173600.0
O02936,P0140,27.0,119700.0
O02937,P0115,17.0,137100.0
O02937,P0046,29.0,410900.0
O02938,P0001,26.0,373400.0
O02938,P0029,,391500.0
O02938,P0033,20.0,489300.0
O02939,P0115,34.0,140500.0
O02939,P0126,19.0,163700.0
O02940,P0052,24.0,501300.0
O02940,P0074,28.0,107100.0
O02941,P0118,49.0,380000.0
O02941,P0057,37.0,26500.0
O02942,P0046,5.0,442800.0
O02942,P0048,50.0,379500.0
O02943,P0010,16.0,188000.0
O02943,P0123,41.0,230200.0
O02944,P0014,19.0,317000.0
O02944,P0061,1.0,395300.0
O02945,P0044,46.0,81500.0
O02945,P0035,48.0,328500.0
O02946,P0107,44.0,513800.0
O02946,P0083,19.0,32800.0
O02947,P0065,26.0,
O02947,P0020,,208500.0
O02948,P0134,29.0,433500.0
O02948,P0150,5.0,16200.0
O02949,P0101,23.0,74900.0
O02949,P0046,22.0,380100.0
O02950,P0103,,274400.0
O02950,P0116,34.0,385200.0
O02951,P0077,8.0,78600.0
O02951,P0125,48.0,160900.0
O02952,P0120,33.0,165500.0
O02952,P0101,22.0,73200.0
O02953,P0052,15.0,539300.0
O02953,P0041,27.0,436500.0
O02954,P0037,8.0,216400.0
O02954,P0150,37.0,15900.0
O02955,P0039,1.0,
O02955,P0005,25.0,471000.0
O02956,P0113,43.0,350300.0
O02956,P0024,49.0,310300.0
O02957,P0086,1.0,136500.0
O02957,P0138,40.0,75500.0
O02958,P0096,40.0,179500.0
O02958,P0114,,253800.0
O02959,P0045,46.0,62900.0
O02959,P0130,35.0,332500.0
O02960,P0026,17.0,206600.0
O02960,P0112,27.0,343800.0
O02961,P0013,9.0,89400.0
O02961,P0126,9.0,201000.0
O02962,P0048,43.0,435100.0
O02962,P0104,29.0,174900.0
O02963,P0108,6.0,342300.0
O02963,P0089,46.0,307700.0
O02964,P0001,33.0,417100.0
O02964,P0099,5.0,188400.0
O02964,P0034,1.0,277900.0
O02965,P0041,41.0,539800.0
O02965,P0018,6.0,201200.0
O02966,P0066,20.0,348400.0
O02966,P0087,25.0,209600.0
O02967,P0080,10.0,454300.0
O02967,P0086,,128300.0
O02968,P0108,10.0,
O02968,P0015,43.0,340100.0
O02969,P0060,41.0,279800.0
O02969,P0018,7.0,152700.0
O02969,P0082,28.0,280100.0
O02970,P0059,5.0,385900.0
O02970,P0090,-3.0,444500.0
O02971,P0112,50.0,417900.0
O02971,P0017,43.0,346800.0
O02972,P0001,24.0,358200.0
O02972,P0044,17.0,92400.0
O02973,P0033,5.0,461100.0
O02973,P0049,23.0,124800.0
O02973,P0115,32.0,149000.0
O02974,P0130,20.0,352400.0
O02974,P0051,42.0,440800.0
O02975,P0108,11.0,352200.0
O02975,P0099,27.0,174200.0
O02976,P0136,4.0,361300.0
O02976,P0013,30.0,95600.0
O02977,P0089,2.0,339800.0
O02977,P0044,45.0,
O02977,P0067,21.0,55100.0
O02978,P0136,34.0,273400.0
O02978,P0018,9.0,162300.0
O02979,P0065,15.0,340000.0
O02979,P0105,48.0,110500.0
O02980,P0126,17.0,
O02980,P0026,41.0,232000.0
O02981,P0089,34.0,343500.0
O02981,P0009,31.0,389100.0
O02982,P0020,9.0,252400.0
O02982,P0069,17.0,169900.0
O02983,P0042,31.0,180100.0
O02983,P0117,34.0,404900.0
O02984,P0103,29.0,302700.0
O02984,P0042,44.0,198500.0
O02984,P0117,49.0,449700.0
O02985,P0138,29.0,58200.0
O02985,P0048,45.0,394400.0
O02986,P0111,16.0,38700.0
O02986,P0031,19.0,66100.0
O02987,P0101,-1.0,86300.0
O02987,P0081,9.0,397100.0
O02988,P0103,26.0,318300.0
O02988,P0033,20.0,476500.0
O02988,P0135,48.0,337300.0
O02989,P0086,50.0,123800.0
O02989,P0073,19.0,59900.0
O02990,P0024,46.0,253000.0
O02990,P0013,19.0,101700.0
O02991,P0003,11.0,413700.0
O02991,P0049,13.0,121900.0
O02991,P0075,8.0,428100.0
O02992,P0012,14.0,439800.0
O02992,P0044,45.0,
O02993,P0082,45.0,244200.0
O02993,P0031,8.0,76100.0
O02994,P0009,6.0,366400.0
O02994,P0115,7.0,169700.0
O02995,P0130,,337300.0
O02995,P0080,32.0,374200.0
O02996,P0147,16.0,231500.0
O02996,P0005,19.0,414000.0
O02996,P0041,49.0,449400.0
O02997,P0028,,237500.0
O02997,P0109,32.0,431700.0
O02998,P0064,20.0,
O02998,P0150,31.0,18300.0
O02999,P0074,33.0,118900.0
O02999,P0132,14.0,404300.0
O03000,P0091,15.0,139900.0
O03000,P0022,14.0,186500.0
O03001,P0002,38.0,349800.0
O03001,P0018,19.0,165400.0
O03002,P0018,28.0,164900.0
O03002,P0084,15.0,21300.0
O03003,P0085,26.0,262100.0
O03003,P0125,8.0,185900.0
O03004,P0106,14.0,428400.0
O03004,P0052,37.0,
O03005,P0063,49.0,197900.0
O03005,P0118,40.0,376200.0
O03006,P0090,35.0,357000.0
O03006,P0150,,15900.0
O03007,P0017,20.0,301400.0
O03007,P0099,29.0,158200.0
O03007,P0117,21.0,375500.0
O03008,P0064,47.0,105700.0
O03008,P0048,35.0,474000.0
O03009,P0080,2.0,426200.0
O03009,P0102,37.0,203300.0
O03010,P0026,30.0,238500.0
O03010,P0019,28.0,129300.0
O03011,P0078,-39.0,490900.0
O03011,P0058,12.0,434200.0
O03012,P0114,46.0,262500.0
O03012,P0137,33.0,497700.0
O03013,P0032,35.0,319200.0
O03013,P0059,28.0,396000.0
O03014,P0072,3.0,211900.0
O03014,P0014,24.0,294600.0
O03015,P0008,10.0,220600.0
O03015,P0106,3.0,432700.0
O03016,P0112,48.0,386100.0
O03016,P0046,43.0,363200.0
O03017,P0139,15.0,440800.0
O03017,P0096,35.0,143700.0
O03018,P0065,38.0,291500.0
O03018,P0149,8.0,85800.0
O03019,P0127,39.0,139600.0
O03019,P0034,48.0,259200.0
O03020,P0068,2.0,26200.0
O03020,P0012,27.0,455000.0
O03021,P0082,30.0,
O03021,P0104,19.0,196900.0
O03022,P0002,43.0,334200.0
O03022,P0013,44.0,100800.0
O03023,P0036,21.0,77700.0
O03023,P0046,,429400.0
O03024,P0117,2.0,433200.0
O03024,P0098,44.0,499600.0
O03025,P0103,46.0,344500.0
O03025,P0052,50.0,444800.0
O03026,P0139,24.0,441500.0
O03026,P0117,14.0,429700.0
O03027,P0141,,46700.0
O03027,P0113,46.0,367500.0
O03028,P0133,25.0,223900.0
O03028,P0094,36.0,35700.0
O03028,P0082,46.0,278800.0
O03029,P0011,26.0,55100.0
O03029,P0103,46.0,320100.0
O03030,P0030,15.0,192100.0
O03030,P0138,18.0,61700.0
O03031,P0049,13.0,151600.0
O03031,P0020,40.0,221300.0
O03031,P0109,42.0,402900.0
O03032,P0124,35.0,219000.0
O03032,P0081,25.0,446100.0
O03032,P0092,34.0,423600.0
O03033,P0027,37.0,468000.0
O03033,P0089,3.0,363700.0
O03033,P0029,39.0,488700.0
O03034,P0038,45.0,323800.0
O03034,P0049,37.0,133300.0
O03034,P0026,9.0,219900.0
O03035,P0061,9.0,381800.0
O03035,P0082,15.0,235100.0
O03035,P0118,30.0,426800.0
O03036,P0041,8.0,528300.0
O03036,P0012,28.0,385000.0
O03037,P0019,25.0,115800.0
O03037,P0090,10.0,401100.0
O03038,P0068,2.0,24300.0
O03038,P0108,35.0,373300.0
O03039,P0059,34.0,384900.0
O03039,P0129,,115800.0
O03040,P0132,14.0,428800.0
O03040,P0004,20.0,385200.0
O03040,P0120,21.0,189700.0
O03041,P0138,15.0,65600.0
O03041,P0061,2.0,432600.0
O03042,P0094,10.0,34400.0
O03042,P0014,41.0,321600.0
O03042,P0009,11.0,378600.0
O03043,P0147,49.0,219600.0
O03043,P0149,25.0,84600.0
O03044,P0073,6.0,59400.0
O03044,P0003,31.0,448700.0
O03045,P0062,48.0,130700.0
O03045,P0055,13.0,528200.0
O03046,P0123,15.0,260900.0
O03046,P0082,49.0,231000.0
O03046,P0067,27.0,54400.0
O03047,P0120,23.0,180000.0
O03047,P0074,47.0,132700.0
O03047,P0042,3.0,193900.0
O03048,P0044,21.0,80200.0
O03048,P0109,6.0,418200.0
O03049,P0117,-41.0,482600.0
O03049,P0034,24.0,280800.0
O03049,P0019,14.0,138400.0
O03050,P0091,40.0,148500.0
O03050,P0051,35.0,404700.0
O03051,P0145,4.0,125400.0
O03051,P0035,20.0,300900.0
O03052,P0110,14.0,362200.0
O03052,P0084,32.0,22200.0
O03052,P0127,33.0,149000.0
O03053,P0086,31.0,146500.0
O03053,P0031,45.0,72400.0
O03054,P0017,24.0,272700.0
O03054,P0043,24.0,55000.0
O03055,P0046,20.0,365400.0
O03055,P0019,31.0,122800.0
O03055,P0073,32.0,56400.0
O03056,P0037,29.0,235200.0
O03056,P0136,32.0,315600.0
O03056,P0086,48.0,119700.0
O03057,P0040,36.0,15100.0
O03057,P0083,34.0,38700.0
O03057,P0029,18.0,429400.0
O03058,P0023,4.0,142800.0
O03058,P0049,12.0,147200.0
O03059,P0074,40.0,134100.0
O03059,P0053,32.0,104900.0
O03060,P0004,31.0,
O03060,P0106,4.0,424300.0
O03060,P0082,34.0,266900.0
O03061,P0015,20.0,374300.0
O03061,P0059,33.0,448000.0
O03061,P0032,22.0,319400.0
O03062,P0109,48.0,448800.0
O03062,P0046,37.0,411100.0
O03063,P0136,47.0,286600.0
O03063,P0063,26.0,
O03064,P0124,8.0,
O03064,P0092,30.0,427200.0
O03065,P0079,37.0,361500.0
O03065,P0036,19.0,84200.0
O03066,P0014,44.0,316500.0
O03066,P0065,37.0,351800.0
O03067,P0127,37.0,133600.0
O03067,P0079,47.0,454600.0
O03068,P0149,18.0,90100.0
O03068,P0129,17.0,124500.0
O03069,P0060,1.0,220900.0
O03069,P0142,16.0,176700.0
O03070,P0006,14.0,300400.0
O03070,P0030,16.0,178600.0
O03070,P0070,,280100.0
O03071,P0033,3.0,367100.0
O03071,P0124,41.0,256900.0
O03072,P0128,45.0,112000.0
O03072,P0083,7.0,39200.0
O03073,P0128,13.0,109300.0
O03073,P0085,32.0,255000.0
O03073,P0141,30.0,52000.0
O03074,P0036,3.0,85400.0
O03074,P0135,23.0,406200.0
O03074,P0108,6.0,385600.0
O03075,P0138,1.0,63100.0
O03075,P0034,42.0,277600.0
O03076,P0037,45.0,189800.0
O03076,P0127,1.0,146700.0
O03077,P0086,33.0,127200.0
O03077,P0142,38.0,201700.0
O03078,P0145,49.0,135600.0
O03078,P0123,15.0,253700.0
O03079,P0091,37.0,180400.0
O03079,P0047,28.0,254400.0
O03080,P0062,37.0,127700.0
O03080,P0107,37.0,506200.0
O03081,P0040,27.0,18500.0
O03081,P0038,47.0,253400.0
O03082,P0119,41.0,95000.0
O03082,P0139,27.0,375800.0
O03083,P0018,21.0,153400.0
O03083,P0090,47.0,
O03083,P0098,27.0,376800.0
O03084,P0146,48.0,404000.0
O03084,P0038,12.0,296500.0
O03085,P0097,43.0,100900.0
O03085,P0139,33.0,417700.0
O03086,P0072,,172000.0
O03086,P0007,6.0,419400.0
O03086,P0075,44.0,376700.0
O03087,P0024,45.0,281800.0
O03087,P0086,27.0,115500.0
O03087,P0150,40.0,16900.0
O03088,P0149,29.0,79000.0
O03088,P0076,3.0,41200.0
O03089,P0046,28.0,447600.0
O03089,P0043,17.0,51500.0
O03090,P0130,48.0,344200.0
O03090,P0121,48.0,14800.0
O03091,P0094,14.0,33200.0
O03091,P0135,43.0,410100.0
O03092,P0122,4.0,387600.0
O03092,P0083,29.0,40700.0
O03093,P0145,1.0,105600.0
O03093,P0080,14.0,402000.0
O03094,P0004,13.0,365400.0
O03094,P0148,49.0,272200.0
O03094,P0126,12.0,164100.0
O03095,P0098,48.0,434300.0
O03095,P0097,2.0,105300.0
O03096,P0045,31.0,76200.0
O03096,P0140,46.0,128700.0
O03097,P0051,40.0,381600.0
O03097,P0131,45.0,346600.0
O03098,P0081,20.0,414500.0
O03098,P0087,30.0,176300.0
O03099,P0016,5.0,265100.0
O03099,P0072,13.0,
O03100,P0123,27.0,225500.0
O03100,P0141,40.0,46200.0
O03100,P0042,-20.0,161000.0
O03101,P0004,27.0,324100.0
O03101,P0083,36.0,41300.0
O03102,P0028,22.0,229900.0
O03102,P0055,50.0,435500.0
O03102,P0120,1.0,163300.0
O03103,P0069,39.0,175200.0
O03103,P0002,48.0,342500.0
O03103,P0030,17.0,160200.0
O03104,P0134,,475800.0
O03104,P0051,4.0,414400.0
O03105,P0039,-17.0,286600.0
O03105,P0022,33.0,189100.0
O03106,P0148,42.0,295700.0
O03106,P0021,28.0,30800.0
O03107,P0020,12.0,208700.0
O03107,P0142,34.0,166900.0
O03108,P0103,31.0,288800.0
O03108,P0143,25.0,241200.0
O03109,P0109,5.0,492800.0
O03109,P0037,19.0,188200.0
O03109,P0116,41.0,488700.0
O03110,P0090,28.0,360100.0
O03110,P0042,41.0,161200.0
O03111,P0056,5.0,393500.0
O03111,P0031,5.0,75500.0
O03112,P0126,50.0,162600.0
O03112,P0074,9.0,
O03113,P0122,-31.0,340600.0
O03113,P0120,21.0,175000.0
O03114,P0097,,99400.0
O03114,P0071,13.0,387600.0
O03115,P0115,36.0,129400.0
O03115,P0083,8.0,42600.0
O03115,P0124,21.0,210300.0
O03116,P0078,-24.0,432600.0
O03116,P0132,13.0,336500.0
O03117,P0097,26.0,108800.0
O03117,P0051,44.0,453500.0
O03117,P0064,46.0,98000.0
O03118,P0037,44.0,195500.0
O03118,P0028,4.0,243600.0
O03119,P0050,31.0,321600.0
O03119,P0124,13.0,261100.0
O03120,P0103,23.0,342800.0
O03120,P0072,15.0,209900.0
O03121,P0026,9.0,224500.0
O03121,P0134,14.0,392900.0
O03121,P0069,28.0,188200.0
O03122,P0102,7.0,177200.0
O03122,P0099,19.0,166400.0
O03123,P0140,19.0,128100.0
O03123,P0147,5.0,193200.0
O03124,P0020,22.0,253600.0
O03124,P0141,2.0,47200.0
O03125,P0101,36.0,
O03125,P0021,43.0,34400.0
O03126,P0014,40.0,
O03126,P0145,39.0,136700.0
O03126,P0126,36.0,167400.0
O03127,P0040,33.0,
O03127,P0034,20.0,265300.0
O03128,P0004,,330000.0
O03128,P0030,5.0,191700.0
O03129,P0150,20.0,18100.0
O03129,P0034,29.0,300300.0
O03130,P0137,39.0,423800.0
O03130,P0071,2.0,378600.0
O03131,P0044,5.0,86000.0
O03131,P0022,13.0,179400.0
O03132,P0118,37.0,430600.0
O03132,P0019,,139100.0
O03133,P0148,2.0,281500.0
O03133,P0098,23.0,486700.0
O03134,P0002,-36.0,345200.0
O03134,P0059,8.0,404300.0
O03135,P0052,44.0,520900.0
O03135,P0039,50.0,304400.0
O03136,P0023,9.0,166900.0
O03136,P0124,46.0,270600.0
O03137,P0110,30.0,351600.0
O03137,P0072,12.0,213000.0
O03138,P0021,48.0,30100.0
O03138,P0082,42.0,267100.0
O03139,P0094,28.0,29100.0
O03139,P0008,33.0,270800.0
O03140,P0035,22.0,354500.0
O03140,P0112,36.0,400300.0
O03141,P0147,1.0,186100.0
O03141,P0036,18.0,85400.0
O03142,P0050,3.0,352300.0
O03142,P0090,35.0,
O03143,P0053,50.0,111500.0
O03143,P0050,17.0,411600.0
O03143,P0041,45.0,486100.0
O03144,P0125,,146900.0
O03144,P0102,23.0,175000.0
O03145,P0149,13.0,93500.0
O03145,P0087,16.0,214200.0
O03146,P0095,18.0,268600.0
O03146,P0005,7.0,473500.0
O03147,P0007,13.0,393600.0
O03147,P0027,36.0,411500.0
O03148,P0020,,266800.0
O03148,P0102,46.0,180400.0
O03149,P0144,42.0,33800.0
O03149,P0072,15.0,196100.0
O03150,P0061,20.0,494400.0
O03150,P0128,23.0,
O03151,P0002,33.0,352400.0
O03151,P0126,12.0,201700.0
O03152,P0043,39.0,64500.0
O03152,P0143,45.0,207000.0
O03152,P0032,33.0,
O03153,P0120,11.0,172500.0
O03153,P0040,28.0,19100.0
O03154,P0099,1.0,154200.0
O03154,P0149,18.0,88200.0
O03155,P0070,36.0,277400.0
O03155,P0022,28.0,205500.0
O03156,P0032,49.0,279400.0
O03156,P0114,19.0,220800.0
O03156,P0073,35.0,65500.0
O03157,P0091,16.0,146300.0
O03157,P0036,34.0,83000.0
O03158,P0054,4.0,388700.0
O03158,P0014,3.0,264100.0
O03158,P0078,21.0,
O03159,P0058,22.0,440900.0
O03159,P0009,,356000.0
O03160,P0129,33.0,117100.0
O03160,P0053,42.0,126300.0
O03161,P0111,39.0,38300.0
O03161,P0032,16.0,354900.0
O03162,P0010,25.0,227600.0
O03162,P0122,11.0,433600.0
O03163,P0006,40.0,310400.0
O03163,P0139,4.0,360400.0
O03163,P0086,7.0,141100.0
O03164,P0014,25.0,292200.0
O03164,P0045,20.0,68400.0
O03165,P0047,2.0,207200.0
O03165,P0015,47.0,434200.0
O03166,P0028,41.0,289900.0
O03166,P0061,43.0,476200.0
O03167,P0052,35.0,470700.0
O03167,P0051,16.0,381900.0
O03168,P0084,24.0,24500.0
O03168,P0018,29.0,200800.0
O03169,P0072,42.0,188600.0
O03169,P0080,,450300.0
O03170,P0064,14.0,94000.0
O03170,P0061,38.0,430900.0
O03171,P0145,17.0,
O03171,P0018,16.0,174700.0
O03172,P0016,35.0,265800.0
O03172,P0078,5.0,425300.0
O03173,P0087,40.0,162300.0
O03173,P0036,19.0,83700.0
O03174,P0066,15.0,301900.0
O03174,P0079,18.0,362800.0
O03175,P0012,32.0,377200.0
O03175,P0136,38.0,312900.0
O03176,P0132,42.0,440800.0
O03176,P0121,,13200.0
O03177,P0123,6.0,239700.0
O03177,P0073,35.0,53700.0
O03178,P0039,9.0,363700.0
O03178,P0108,43.0,346600.0
O03179,P0122,11.0,365100.0
O03179,P0032,20.0,309500.0
O03179,P0046,15.0,413600.0
O03180,P0028,8.0,294100.0
O03180,P0030,43.0,166200.0
O03181,P0097,22.0,103600.0
O03181,P0039,4.0,310400.0
O03182,P0118,43.0,394700.0
O03182,P0031,7.0,70300.0
O03183,P0036,1.0,88500.0
O03183,P0129,32.0,104800.0
O03184,P0086,44.0,143800.0
O03184,P0047,4.0,243200.0
O03185,P0037,40.0,189200.0
O03185,P0080,9.0,481700.0
O03186,P0030,27.0,150300.0
O03186,P0078,7.0,
O03187,P0072,34.0,215000.0
O03187,P0080,42.0,432700.0
O03188,P0085,39.0,249200.0
O03188,P0118,2.0,335600.0
O03189,P0104,44.0,
O03189,P0132,8.0,376600.0
O03190,P0071,2.0,398000.0
O03190,P0026,29.0,266000.0
O03191,P0021,24.0,32000.0
O03191,P0135,13.0,389200.0
O03192,P0022,24.0,215600.0
O03192,P0095,46.0,
O03193,P0070,15.0,
O03193,P0060,18.0,263800.0
O03194,P0108,16.0,396200.0
O03194,P0113,41.0,358000.0
O03195,P0029,17.0,449100.0
O03195,P0127,28.0,149100.0
O03195,P0065,25.0,376300.0
O03196,P0106,31.0,474700.0
O03196,P0029,7.0,443300.0
O03197,P0112,42.0,323600.0
O03197,P0024,40.0,287800.0
O03198,P0135,46.0,403800.0
O03198,P0077,42.0,83000.0
O03198,P0143,48.0,205800.0
O03199,P0097,22.0,102800.0
O03199,P0029,13.0,
O03200,P0005,10.0,523200.0
O03200,P0059,2.0,435100.0
O03201,P0149,25.0,93300.0
O03201,P0030,29.0,158200.0
O03201,P0089,17.0,
O03202,P0010,34.0,234800.0
O03202,P0076,47.0,39800.0
O03203,P0146,,333200.0
O03203,P0063,21.0,227200.0
O03204,P0028,33.0,288100.0
O03204,P0086,48.0,137400.0
O03205,P0101,37.0,70100.0
O03205,P0087,2.0,180000.0
O03206,P0096,49.0,177100.0
O03206,P0055,41.0,431200.0
O03206,P0067,31.0,53300.0
O03207,P0009,31.0,380200.0
O03207,P0076,19.0,40900.0
O03207,P0002,2.0,318400.0
O03208,P0128,5.0,100700.0
O03208,P0082,24.0,244900.0
O03209,P0141,27.0,42400.0
O03209,P0139,22.0,453100.0
O03210,P0012,35.0,464100.0
O03210,P0084,1.0,24500.0
O03211,P0096,,141300.0
O03211,P0121,17.0,12300.0
O03211,P0092,33.0,375600.0
O03212,P0125,31.0,155300.0
O03212,P0094,10.0,35900.0
O03213,P0038,30.0,
O03213,P0113,34.0,314800.0
O03214,P0143,26.0,225200.0
O03214,P0112,44.0,345900.0
O03215,P0030,28.0,197000.0
O03215,P0024,,287400.0
O03215,P0150,43.0,14200.0
O03216,P0130,37.0,348600.0
O03216,P0039,41.0,291000.0
O03217,P0092,32.0,346900.0
O03217,P0097,46.0,99300.0
O03218,P0021,26.0,29000.0
O03218,P0070,38.0,321700.0
O03218,P0060,17.0,234500.0
O03219,P0108,13.0,297400.0
O03219,P0085,41.0,242800.0
O03220,P0033,43.0,407900.0
O03220,P0050,45.0,340300.0
O03220,P0010,-44.0,180400.0
O03221,P0031,8.0,72300.0
O03221,P0108,37.0,364300.0
O03221,P0005,25.0,407500.0
O03222,P0142,28.0,194400.0
O03222,P0147,14.0,238300.0
O03223,P0149,33.0,92900.0
O03223,P0075,16.0,420000.0
O03224,P0115,35.0,159600.0
O03224,P0097,44.0,101700.0
O03225,P0099,1.0,177600.0
O03225,P0125,14.0,186700.0
O03226,P0090,26.0,432200.0
O03226,P0018,35.0,
O03227,P0054,46.0,385800.0
O03227,P0150,2.0,15400.0
O03228,P0038,42.0,294600.0
O03228,P0141,23.0,44500.0
O03229,P0055,41.0,
O03229,P0076,43.0,44500.0
O03230,P0045,26.0,72600.0
O03230,P0070,23.0,
O03231,P0049,29.0,148100.0
O03231,P0051,,506700.0
O03232,P0040,39.0,17100.0
O03232,P0010,28.0,186400.0
O03233,P0038,,266700.0
O03233,P0029,5.0,455200.0
O03234,P0096,37.0,172200.0
O03234,P0044,20.0,
O03235,P0055,31.0,493900.0
O03235,P0043,10.0,64900.0
O03236,P0104,31.0,215000.0
O03236,P0030,26.0,184000.0
O03237,P0014,40.0,242300.0
O03237,P0116,14.0,430600.0
O03238,P0057,23.0,26300.0
O03238,P0067,11.0,44500.0
O03239,P0147,42.0,227700.0
O03239,P0011,18.0,60600.0
O03240,P0144,44.0,28700.0
O03240,P0064,32.0,108000.0
O03240,P0097,29.0,107800.0
O03241,P0082,16.0,306200.0
O03241,P0064,41.0,101000.0
O03242,P0143,47.0,211400.0
O03242,P0087,31.0,183600.0
O03243,P0075,5.0,496700.0
O03243,P0119,1.0,88200.0
O03243,P0008,20.0,240300.0
O03244,P0102,12.0,214400.0
O03244,P0005,18.0,462100.0
O03245,P0003,18.0,494000.0
O03245,P0147,17.0,180000.0
O03246,P0096,17.0,167800.0
O03246,P0011,11.0,58800.0
O03247,P0119,45.0,100300.0
O03247,P0100,40.0,77200.0
O03248,P0030,5.0,180400.0
O03248,P0046,40.0,402600.0
O03249,P0034,42.0,296400.0
O03249,P0059,8.0,470400.0
O03250,P0044,35.0,91300.0
O03250,P0066,40.0,278100.0
O03250,P0150,42.0,18500.0
O03251,P0146,39.0,407300.0
O03251,P0068,34.0,28800.0
O03252,P0150,26.0,15200.0
O03252,P0092,,348600.0
O03253,P0081,17.0,457300.0
O03253,P0139,43.0,380700.0
O03254,P0122,29.0,384600.0
O03254,P0001,29.0,420400.0
O03255,P0130,47.0,359300.0
O03255,P0033,23.0,442400.0
O03256,P0012,4.0,409500.0
O03256,P0135,7.0,381200.0
O03257,P0051,,
O03257,P0113,47.0,329200.0
O03257,P0077,37.0,83100.0
O03258,P0091,16.0,176100.0
O03258,P0110,15.0,
O03259,P0009,13.0,339700.0
O03259,P0020,38.0,
O03260,P0033,18.0,407800.0
O03260,P0110,5.0,302500.0
O03261,P0048,31.0,397100.0
O03261,P0035,22.0,369600.0
O03262,P0008,9.0,276900.0
O03262,P0025,31.0,12600.0
O03263,P0014,30.0,252600.0
O03263,P0110,20.0,336100.0
O03264,P0024,42.0,253500.0
O03264,P0007,48.0,419100.0
O03265,P0146,18.0,338800.0
O03265,P0018,1.0,188600.0
O03266,P0046,44.0,364200.0
O03266,P0042,26.0,190200.0
O03267,P0078,18.0,541700.0
O03267,P0016,35.0,253100.0
O03268,P0055,-36.0,441400.0
O03268,P0038,50.0,323300.0
O03269,P0091,19.0,175900.0
O03269,P0017,13.0,266900.0
O03270,P0108,35.0,
O03270,P0124,21.0,212500.0
O03271,P0021,40.0,34700.0
O03271,P0081,11.0,420800.0
O03272,P0107,34.0,447800.0
O03272,P0079,13.0,411400.0
O03273,P0112,14.0,376400.0
O03273,P0024,21.0,311500.0
O03274,P0059,-49.0,437200.0
O03274,P0067,27.0,46600.0
O03274,P0047,19.0,
O03275,P0098,15.0,500900.0
O03275,P0010,45.0,181300.0
O03276,P0005,12.0,519800.0
O03276,P0018,11.0,178200.0
O03277,P0075,28.0,465300.0
O03277,P0061,10.0,440000.0
O03278,P0120,7.0,143200.0
O03278,P0059,5.0,472600.0
O03279,P0022,7.0,188500.0
O03279,P0073,44.0,69000.0
O03280,P0112,34.0,323200.0
O03280,P0012,10.0,401600.0
O03281,P0125,46.0,190200.0
O03281,P0052,,512000.0
O03281,P0080,12.0,479000.0
O03282,P0116,13.0,468800.0
O03282,P0033,13.0,446600.0
O03283,P0085,,270400.0
O03283,P0054,17.0,384500.0
O03283,P0144,3.0,
O03284,P0115,21.0,172000.0
O03284,P0126,44.0,200800.0
O03285,P0007,27.0,343200.0
O03285,P0113,43.0,348400.0
O03285,P0021,45.0,31300.0
O03286,P0067,2.0,45600.0
O03286,P0123,36.0,213000.0
O03287,P0116,-8.0,389100.0
O03287,P0124,,224400.0
O03288,P0031,18.0,70200.0
O03288,P0140,9.0,144600.0
O03289,P0099,47.0,172700.0
O03289,P0038,15.0,281300.0
O03290,P0012,17.0,403700.0
O03290,P0099,22.0,199300.0
O03291,P0143,2.0,224200.0
O03291,P0022,5.0,196000.0
O03292,P0098,-44.0,407000.0
O03292,P0079,42.0,421800.0
O03293,P0093,6.0,151500.0
O03293,P0058,18.0,465700.0
O03294,P0118,,416300.0
O03294,P0100,43.0,76400.0
O03295,P0072,1.0,183800.0
O03295,P0041,6.0,
O03295,P0108,17.0,373200.0
O03296,P0013,50.0,115400.0
O03296,P0103,,288800.0
O03296,P0122,3.0,331900.0
O03297,P0001,32.0,383700.0
O03297,P0093,39.0,144900.0
O03298,P0137,13.0,492100.0
O03298,P0073,15.0,56900.0
O03299,P0045,24.0,
O03299,P0080,16.0,464100.0
O03300,P0053,17.0,120500.0
O03300,P0123,16.0,230000.0
O03301,P0071,2.0,417700.0
O03301,P0092,2.0,397700.0
O03302,P0011,48.0,58700.0
O03302,P0054,19.0,358400.0
O03303,P0027,28.0,481000.0
O03303,P0068,13.0,25700.0
O03304,P0015,46.0,347800.0
O03304,P0036,3.0,90200.0
O03305,P0119,14.0,94300.0
O03305,P0037,28.0,213600.0
O03306,P0022,1.0,211200.0
O03306,P0027,12.0,436500.0
O03306,P0006,49.0,356600.0
O03307,P0147,15.0,
O03307,P0010,38.0,220400.0
O03308,P0124,40.0,220800.0
O03308,P0042,22.0,200000.0
O03308,P0089,42.0,346500.0
O03309,P0095,22.0,224700.0
O03309,P0106,43.0,539900.0
O03310,P0112,39.0,329900.0
O03310,P0086,42.0,152800.0
O03311,P0067,13.0,56600.0
O03311,P0130,49.0,361400.0
O03312,P0081,33.0,391300.0
O03312,P0014,16.0,288400.0
O03313,P0081,5.0,375200.0
O03313,P0058,42.0,507200.0
O03314,P0117,30.0,474700.0
O03314,P0140,36.0,128300.0
O03315,P0082,50.0,278700.0
O03315,P0006,25.0,335100.0
O03316,P0062,,111300.0
O03316,P0033,44.0,444700.0
O03316,P0078,9.0,465200.0
O03317,P0077,7.0,75600.0
O03317,P0113,1.0,354100.0
O03318,P0067,39.0,43900.0
O03318,P0077,11.0,75000.0
O03319,P0077,40.0,71800.0
O03319,P0026,4.0,
O03320,P0058,,414100.0
O03320,P0009,,309900.0
O03321,P0042,16.0,200100.0
O03321,P0031,,62300.0
O03322,P0150,15.0,18300.0
O03322,P0021,23.0,35300.0
O03323,P0124,39.0,231300.0
O03323,P0020,50.0,265800.0
O03324,P0065,9.0,356300.0
O03324,P0004,1.0,316000.0
O03325,P0005,25.0,476200.0
O03325,P0119,32.0,81500.0
O03326,P0021,,28000.0
O03326,P0092,,337400.0
O03327,P0070,43.0,291100.0
O03327,P0102,20.0,196500.0
O03328,P0135,49.0,382500.0
O03328,P0082,19.0,269600.0
O03329,P0116,,487800.0
O03329,P0123,36.0,250800.0
O03330,P0043,5.0,60300.0
O03330,P0128,39.0,103700.0
O03330,P0092,12.0,327400.0
O03331,P0067,48.0,52900.0
O03331,P0120,20.0,188200.0
O03332,P0007,49.0,340600.0
O03332,P0145,47.0,121200.0
O03333,P0059,41.0,408200.0
O03333,P0065,50.0,354900.0
O03333,P0097,16.0,89200.0
O03334,P0150,2.0,17700.0
O03334,P0053,43.0,111100.0
O03335,P0125,47.0,163800.0
O03335,P0002,42.0,315000.0
O03336,P0018,19.0,159100.0
O03336,P0095,48.0,237200.0
O03337,P0124,-19.0,229600.0
O03337,P0039,3.0,339700.0
O03338,P0124,32.0,242800.0
O03338,P0081,23.0,473200.0
O03338,P0031,22.0,68300.0
O03339,P0005,24.0,471700.0
O03339,P0035,18.0,
O03340,P0017,42.0,325200.0
O03340,P0085,22.0,272200.0
O03341,P0079,37.0,411100.0
O03341,P0052,18.0,
O03342,P0024,17.0,311400.0
O03342,P0017,33.0,280000.0
O03343,P0050,,383900.0
O03343,P0069,15.0,169000.0
O03344,P0058,43.0,399400.0
O03344,P0098,15.0,457200.0
O03345,P0004,5.0,385300.0
O03345,P0087,42.0,203400.0
O03346,P0035,25.0,352700.0
O03346,P0117,34.0,384500.0
O03346,P0047,43.0,215900.0
O03347,P0025,18.0,12500.0
O03347,P0128,43.0,115200.0
O03347,P0040,7.0,18100.0
O03348,P0148,40.0,316100.0
O03348,P0102,23.0,177100.0
O03349,P0045,12.0,68500.0
O03349,P0122,10.0,416600.0
O03350,P0088,28.0,60900.0
O03350,P0119,1.0,82800.0
O03351,P0031,46.0,66900.0
O03351,P0086,6.0,116300.0
O03352,P0038,25.0,249600.0
O03352,P0116,13.0,484400.0
O03353,P0036,3.0,97500.0
O03353,P0146,20.0,334300.0
O03354,P0089,,388700.0
O03354,P0102,42.0,222400.0
O03355,P0102,37.0,217000.0
O03355,P0130,27.0,357600.0
O03356,P0088,29.0,60300.0
O03356,P0145,24.0,101800.0
O03357,P0056,11.0,369500.0
O03357,P0141,3.0,48000.0
O03358,P0057,14.0,22900.0
O03358,P0121,37.0,14400.0
O03359,P0051,39.0,506100.0
O03359,P0073,1.0,67400.0
O03360,P0115,18.0,173300.0
O03360,P0006,3.0,332800.0
O03360,P0047,19.0,228200.0
O03361,P0112,10.0,357500.0
O03361,P0131,49.0,356100.0
O03361,P0099,33.0,178700.0
O03362,P0027,8.0,469600.0
O03362,P0011,7.0,57500.0
O03362,P0140,50.0,109700.0
O03363,P0082,,298100.0
O03363,P0116,31.0,483000.0
O03364,P0010,31.0,180300.0
O03364,P0135,31.0,326100.0
O03364,P0069,1.0,181300.0
O03365,P0053,32.0,134500.0
O03365,P0125,20.0,152000.0
O03366,P0138,48.0,65500.0
O03366,P0046,49.0,397100.0
O03367,P0106,13.0,442900.0
O03367,P0102,35.0,170400.0
O03368,P0103,14.0,344200.0
O03368,P0066,1.0,309300.0
O03369,P0051,25.0,435300.0
O03369,P0067,15.0,52700.0
O03370,P0125,7.0,165100.0
O03370,P0062,-27.0,101100.0
O03371,P0013,24.0,93900.0
O03371,P0128,22.0,115300.0
O03372,P0011,,61100.0
O03372,P0081,8.0,368300.0
O03372,P0101,47.0,66800.0
O03373,P0049,31.0,
O03373,P0139,46.0,347100.0
O03374,P0001,31.0,395400.0
O03374,P0023,28.0,157500.0
O03375,P0135,31.0,339600.0
O03375,P0091,44.0,159600.0
O03376,P0006,30.0,317900.0
O03376,P0087,9.0,204700.0
O03377,P0034,16.0,251300.0
O03377,P0089,18.0,385200.0
O03378,P0106,23.0,427200.0
O03378,P0089,21.0,310800.0
O03378,P0020,43.0,
O03379,P0003,36.0,537400.0
O03379,P0087,17.0,194300.0
O03380,P0106,13.0,467900.0
O03380,P0058,6.0,483400.0
O03380,P0100,45.0,73800.0
O03381,P0024,28.0,247300.0
O03381,P0045,44.0,65200.0
O03381,P0007,23.0,428300.0
O03382,P0059,12.0,480600.0
O03382,P0010,3.0,185400.0
O03383,P0141,47.0,49800.0
O03383,P0122,12.0,430600.0
O03384,P0042,45.0,196100.0
O03384,P0105,26.0,110400.0
O03384,P0116,41.0,506700.0
O03385,P0027,38.0,394000.0
O03385,P0115,8.0,157100.0
O03385,P0124,17.0,234100.0
O03386,P0127,47.0,
O03386,P0037,23.0,229900.0
O03387,P0013,36.0,104800.0
O03387,P0050,-39.0,379000.0
O03388,P0137,43.0,482700.0
O03388,P0089,11.0,353900.0
O03389,P0014,25.0,278600.0
O03389,P0063,43.0,182700.0
O03390,P0102,41.0,176700.0
O03390,P0023,,172100.0
O03391,P0091,4.0,142300.0
O03391,P0118,44.0,346500.0
O03392,P0026,43.0,201300.0
O03392,P0041,31.0,517900.0
O03393,P0087,3.0,210400.0
O03393,P0091,27.0,140700.0
O03394,P0098,22.0,483600.0
O03394,P0003,,514000.0
O03395,P0125,23.0,161000.0
O03395,P0044,50.0,85900.0
O03395,P0073,12.0,57000.0
O03396,P0056,27.0,
O03396,P0090,42.0,351100.0
O03397,P0041,7.0,527700.0
O03397,P0111,9.0,39500.0
O03398,P0010,35.0,218300.0
O03398,P0018,43.0,166700.0
O03398,P0116,41.0,461300.0
O03399,P0014,14.0,239600.0
O03399,P0082,26.0,286000.0
O03400,P0003,21.0,456500.0
O03400,P0051,16.0,405500.0
O03401,P0066,34.0,300800.0
O03401,P0142,25.0,176400.0
O03402,P0124,18.0,257900.0
O03402,P0135,30.0,384100.0
O03403,P0049,47.0,130000.0
O03403,P0072,7.0,179000.0
O03404,P0030,43.0,169700.0
O03404,P0059,13.0,384800.0
O03405,P0103,12.0,262800.0
O03405,P0074,44.0,112700.0
O03406,P0114,42.0,244300.0
O03406,P0020,29.0,261900.0
O03407,P0045,14.0,70300.0
O03407,P0135,-13.0,369300.0
O03408,P0086,15.0,134800.0
O03408,P0097,15.0,96500.0
O03409,P0050,43.0,353700.0
O03409,P0089,34.0,318300.0
O03410,P0089,2.0,331900.0
O03410,P0117,49.0,427800.0
O03411,P0045,20.0,83900.0
O03411,P0083,41.0,37000.0
O03412,P0010,22.0,180600.0
O03412,P0077,29.0,81700.0
O03413,P0038,31.0,
O03413,P0107,7.0,500200.0
O03414,P0130,32.0,302300.0
O03414,P0128,22.0,107900.0
O03414,P0057,20.0,25700.0
O03415,P0024,30.0,288800.0
O03415,P0116,19.0,413200.0
O03416,P0016,-29.0,250600.0
O03416,P0017,48.0,323700.0
O03417,P0069,17.0,183800.0
O03417,P0056,43.0,329300.0
O03418,P0021,21.0,31900.0
O03418,P0116,47.0,498700.0
O03418,P0022,20.0,199100.0
O03419,P0005,,470400.0
O03419,P0102,19.0,192200.0
O03420,P0102,38.0,221900.0
O03420,P0088,12.0,49000.0
O03421,P0010,10.0,206000.0
O03421,P0008,7.0,243800.0
O03422,P0116,11.0,
O03422,P0088,43.0,47100.0
O03423,P0042,50.0,203400.0
O03423,P0010,4.0,196700.0
O03423,P0041,38.0,508300.0
O03424,P0012,42.0,369300.0
O03424,P0147,37.0,232300.0
O03424,P0049,20.0,119400.0
O03425,P0121,37.0,13300.0
O03425,P0011,20.0,50800.0
O03425,P0039,49.0,273100.0
O03426,P0115,45.0,167900.0
O03426,P0098,48.0,397300.0
O03427,P0038,18.0,330300.0
O03427,P0030,20.0,152000.0
O03428,P0034,11.0,287600.0
O03428,P0044,21.0,92800.0
O03429,P0001,8.0,340900.0
O03429,P0113,17.0,411100.0
O03430,P0069,28.0,200000.0
O03430,P0067,47.0,55700.0
O03431,P0082,47.0,287100.0
O03431,P0043,13.0,52800.0
O03431,P0135,-14.0,368800.0
O03432,P0075,20.0,409800.0
O03432,P0041,2.0,421800.0
O03433,P0134,39.0,412800.0
O03433,P0048,-26.0,423500.0
O03434,P0144,20.0,31800.0
O03434,P0021,37.0,34300.0
O03434,P0070,6.0,344800.0
O03435,P0131,37.0,302000.0
O03435,P0111,40.0,48500.0
O03436,P0045,32.0,83600.0
O03436,P0089,13.0,375100.0
O03437,P0057,33.0,26600.0
O03437,P0109,6.0,497900.0
O03438,P0036,48.0,84100.0
O03438,P0072,-26.0,203200.0
O03439,P0120,9.0,173600.0
O03439,P0070,34.0,347400.0
O03440,P0015,25.0,365500.0
O03440,P0061,6.0,508700.0
O03441,P0004,26.0,318200.0
O03441,P0016,21.0,246600.0
O03441,P0072,39.0,213300.0
O03442,P0012,24.0,458900.0
O03442,P0066,27.0,349600.0
O03442,P0120,24.0,163000.0
O03443,P0034,23.0,325600.0
O03443,P0081,-34.0,468100.0
O03444,P0006,2.0,334300.0
O03444,P0052,24.0,
O03444,P0035,10.0,277900.0
O03445,P0021,27.0,
O03445,P0108,38.0,296500.0
O03445,P0088,43.0,53600.0
O03446,P0057,20.0,24500.0
O03446,P0116,50.0,415200.0
O03447,P0049,41.0,134700.0
O03447,P0016,36.0,263800.0
O03448,P0014,45.0,278600.0
O03448,P0055,,442300.0
O03449,P0018,25.0,176600.0
O03449,P0049,13.0,129300.0
O03450,P0129,50.0,122100.0
O03450,P0021,23.0,27600.0
O03451,P0128,25.0,102200.0
O03451,P0150,46.0,17400.0
O03452,P0002,44.0,340400.0
O03452,P0032,34.0,314700.0
O03453,P0068,46.0,27600.0
O03453,P0034,27.0,313700.0
O03454,P0075,7.0,399600.0
O03454,P0072,43.0,197300.0
O03455,P0129,3.0,107800.0
O03455,P0115,46.0,167300.0
O03456,P0141,1.0,54900.0
O03456,P0099,43.0,153400.0
O03457,P0143,5.0,254800.0
O03457,P0023,14.0,149600.0
O03458,P0146,46.0,409300.0
O03458,P0043,4.0,61700.0
O03458,P0002,9.0,322200.0
O03459,P0009,33.0,377000.0
O03459,P0146,23.0,425700.0
O03460,P0145,20.0,110500.0
O03460,P0125,33.0,146400.0
O03460,P0070,6.0,296300.0
O03461,P0132,27.0,369000.0
O03461,P0119,14.0,86300.0
O03461,P0011,6.0,53600.0
O03462,P0141,36.0,43100.0
O03462,P0062,48.0,112800.0
O03463,P0014,50.0,281300.0
O03463,P0142,28.0,204200.0
O03464,P0049,3.0,117900.0
O03464,P0081,-23.0,420600.0
O03465,P0103,12.0,329200.0
O03465,P0110,44.0,279500.0
O03465,P0076,12.0,43900.0
O03466,P0054,37.0,370600.0
O03466,P0113,21.0,404500.0
O03467,P0004,3.0,313300.0
O03467,P0133,5.0,169800.0
O03468,P0107,47.0,428800.0
O03468,P0018,22.0,182500.0
O03469,P0009,30.0,342000.0
O03469,P0107,5.0,425400.0
O03470,P0104,22.0,225000.0
O03470,P0077,,95400.0
O03471,P0071,31.0,414100.0
O03471,P0110,4.0,
O03471,P0137,6.0,385700.0
O03472,P0048,41.0,484500.0
O03472,P0020,24.0,222500.0
O03473,P0080,5.0,463700.0
O03473,P0118,18.0,327300.0
O03473,P0016,30.0,244100.0
O03474,P0146,15.0,421800.0
O03474,P0045,44.0,64400.0
O03475,P0122,6.0,377300.0
O03475,P0135,9.0,
O03476,P0038,,326600.0
O03476,P0126,8.0,208300.0
O03477,P0015,13.0,425700.0
O03477,P0103,39.0,307300.0
O03478,P0149,33.0,74900.0
O03478,P0031,27.0,73200.0
O03479,P0013,5.0,101600.0
O03479,P0110,43.0,323500.0
O03480,P0074,42.0,130100.0
O03480,P0073,29.0,69000.0
O03481,P0126,38.0,191100.0
O03481,P0087,15.0,175900.0
O03482,P0148,39.0,266700.0
O03482,P0002,24.0,317400.0
O03483,P0042,31.0,163000.0
O03483,P0062,43.0,112800.0
O03484,P0109,1.0,455100.0
O03484,P0136,32.0,275200.0
O03485,P0054,15.0,319300.0
O03485,P0087,21.0,174500.0
O03486,P0150,33.0,17200.0
O03486,P0056,50.0,398000.0
O03487,P0091,10.0,155000.0
O03487,P0040,26.0,17700.0
O03487,P0146,18.0,382100.0
O03488,P0066,1.0,363100.0
O03488,P0065,28.0,383100.0
O03488,P0094,14.0,29500.0
O03489,P0142,37.0,212100.0
O03489,P0068,32.0,
O03490,P0014,15.0,278900.0
O03490,P0150,49.0,17500.0
O03491,P0013,7.0,86800.0
O03491,P0084,9.0,20100.0
O03492,P0126,,208800.0
O03492,P0136,2.0,288800.0
O03493,P0014,15.0,289300.0
O03493,P0123,12.0,241500.0
O03494,P0081,47.0,445600.0
O03494,P0021,43.0,31400.0
O03494,P0072,13.0,210100.0
O03495,P0030,18.0,197800.0
O03495,P0129,11.0,132600.0
O03496,P0029,28.0,503600.0
O03496,P0013,12.0,111800.0
O03497,P0055,19.0,403500.0
O03497,P0081,30.0,402300.0
O03497,P0127,40.0,130900.0
O03498,P0088,,62200.0
O03498,P0028,7.0,240500.0
O03498,P0059,23.0,441100.0
O03499,P0014,35.0,306700.0
O03499,P0095,5.0,264300.0
O03500,P0148,43.0,289200.0
O03500,P0045,8.0,77000.0
